CHR,START,STOP,ENTREZ,GENE
19,58345178,58353499,1,A1BG
12,9067664,9116229,2,A2M
12,9228533,9275817,3,A2MP1
8,18170477,18223689,9,NAT1
8,18391245,18401218,10,NAT2
14,94612377,94624055,12,SERPINA3
3,151814037,151828488,13,AADAC
2,218264123,218270257,14,AAMP
17,76453351,76470117,15,AANAT
16,70252295,70289543,16,AARS
16,8674565,8784575,18,ABAT
9,104781002,104928237,19,ABCA1
9,137007227,137028922,20,ABCA2
16,2275881,2340746,21,ABCA3
6,30571376,30597179,23,ABCF1
1,93992835,94121132,24,ABCA4
9,130713946,130887675,25,ABL1
7,150824627,150861504,26,AOC1
1,179099327,179229684,27,ABL2
9,133250401,133275214,28,ABO
17,1003518,1229021,29,ABR
3,38103129,38137242,30,ACAA1
17,37084988,37406818,31,ACACA
12,109116595,109268226,32,ACACB
2,210187939,210225491,33,ACADL
1,75724347,75787575,34,ACADM
12,120725735,120740008,35,ACADS
10,123008979,123058311,36,ACADSB
17,7217125,7225273,37,ACADVL
11,108121516,108147776,38,ACAT1
6,159760328,159779055,39,ACAT2
17,33013087,34174964,40,ASIC2
12,50057548,50083611,41,ASIC1
7,100889994,100896974,43,ACHE
17,41866908,41930542,47,ACLY
9,32384603,32454769,48,ACO1
22,50738196,50745334,49,ACR
22,41469125,41528989,50,ACO2
17,75941507,75979363,51,ACOX1
2,264140,278283,52,ACP1
11,47239302,47248906,53,ACP2
19,11574660,11579008,54,ACP5
3,132317367,132368298,55,ACPP
11,125671522,125681123,56,ACRV1
1,229431245,229434098,58,ACTA1
10,88935074,88991339,59,ACTA2
7,5527151,5563784,60,ACTB
15,34788096,34796139,70,ACTC1
17,81509971,81523847,71,ACTG1
2,73892314,73919865,72,ACTG2
19,38647649,38731583,81,ACTN4
3,179562880,179588408,86,ACTL6A
14,68874143,68979440,87,ACTN1
1,236686454,236764631,88,ACTN2
11,66546395,66563329,89,ACTN3
2,157736444,157875862,90,ACVR1
12,51951667,51997078,91,ACVR1B
2,147844517,147930826,92,ACVR2A
3,38453851,38493142,93,ACVR2B
12,51906908,51923361,94,ACVRL1
3,51983278,51989202,95,ACY1
14,75053221,75069483,97,ACYP1
2,53970838,54305300,98,ACYP2
20,44619522,44652233,100,ADA
10,133262403,133276868,101,ADAM8
15,58588807,58749978,102,ADAM10
1,154582062,154627999,103,ADAR
21,45073853,45226560,104,ADARB1
10,1177318,1737476,105,ADARB2
7,45574140,45723116,107,ADCY1
5,7396208,7830081,108,ADCY2
2,24819169,24919839,109,ADCY3
3,123282296,123449758,111,ADCY5
12,48766194,48789037,112,ADCY6
16,50246137,50318135,113,ADCY7
8,130780301,131042426,114,ADCY8
16,3953387,4116185,115,ADCY9
18,904943,912172,116,ADCYAP1
7,31052461,31111479,117,ADCYAP1R1
4,2843857,2930076,118,ADD1
2,70607618,70768225,119,ADD2
10,109996368,110135565,120,ADD3
9,19108375,19149290,123,PLIN2
4,99276367,99291028,124,ADH1A
4,99304964,99352760,125,ADH1B
4,99336492,99353027,126,ADH1C
4,99123657,99157792,127,ADH4
4,99070978,99088801,128,ADH5
4,99202638,99219537,130,ADH6
4,99412261,99435737,131,ADH7
10,74151185,74709303,132,ADK
11,10304680,10307397,133,ADM
1,203090654,203167405,134,ADORA1
22,24417879,24442360,135,ADORA2A
17,15944917,15975746,136,ADORA2B
1,111499429,111503760,140,ADORA3
3,119579268,119589945,141,ADPRH
1,226360691,226408079,142,PARP1
13,24420926,24512810,143,PARP4
20,4220631,4249074,146,ADRA1D
5,159916783,159972544,147,ADRA1B
8,26748150,26867273,148,ADRA1A
10,111077163,111080907,150,ADRA2A
2,96112875,96116245,151,ADRA2B
4,3766348,3768526,152,ADRA2C
10,114044056,114046908,153,ADRB1
5,148825245,148828687,154,ADRB2
8,37962991,37966965,155,ADRB3
11,67266410,67286556,156,GRK2
22,25564849,25729294,157,GRK3
22,40346500,40390463,158,ADSL
1,244408494,244452134,159,ADSS
19,49766968,49807113,160,AP2A1
11,924894,1012245,161,AP2A2
22,29327680,29423179,162,AP1B1
17,35578046,35726409,163,AP2B1
16,71729000,71809201,164,AP1G1
7,44104361,44114562,165,AEBP1
19,3052910,3063107,166,AES
6,49834257,49877096,167,CRISP1
16,89972586,90002161,172,AFG3L1P
4,73481683,73504001,173,AFM
4,73431138,73456174,174,AFP
4,177430770,177442503,175,AGA
15,88803443,88875354,176,ACAN
6,32180968,32184324,177,AGER
1,99850084,99924023,178,AGL
16,67482571,67483813,181,AGRP
20,10637684,10674107,182,JAG1
1,230702523,230714297,183,AGT
3,148697784,148743008,185,AGTR1
11,57233577,57237314,187,APLNR
2,240868479,240880502,189,AGXT
20,34280268,34311802,191,AHCY
7,17298622,17346152,196,AHR
3,186612923,186621318,197,AHSG
6,31615184,31617021,199,AIF1
6,106360808,106571978,202,CRYBG1
9,127866480,127877743,203,AK1
1,33007940,33080996,204,AK2
1,65147549,65232145,205,AK4
14,104769349,104795751,207,AKT1
19,40230317,40285536,208,AKT2
9,113386317,113401333,210,ALAD
3,52198086,52214327,211,ALAS1
4,73397114,73421412,213,ALB
3,105366909,105576900,214,ALCAM
9,72900662,73080442,216,ALDH1A1
12,111766887,111817529,217,ALDH2
17,19737984,19748943,218,ALDH3A1
9,38392664,38398661,219,ALDH1B1
15,100877714,100916626,220,ALDH1A3
11,68008578,68029282,221,ALDH3B1
11,67662162,67681200,222,ALDH3B2
1,165662216,165698863,223,ALDH9A1
17,19648136,19677598,224,ALDH3A2
12,39550033,39619751,225,ABCD2
16,30053090,30070457,226,ALDOA
9,101420578,101435823,229,ALDOB
17,28573115,28577264,230,ALDOC
7,134442350,134459284,231,AKR1B1
2,29192774,29921566,238,ALK
17,6996065,7010736,239,ALOX12
10,45374176,45446119,240,ALOX5
13,30713478,30764426,241,ALOX5AP
17,8072636,8087703,242,ALOX12B
17,6853861,6954107,245,ALOX12P2
17,4630902,4642294,246,ALOX15
17,8039017,8049134,247,ALOX15B
2,232456123,232460032,248,ALPI
1,21509372,21578412,249,ALPL
2,232378534,232382889,250,ALPP
2,232406843,232410714,251,ALPPL2
1,110059994,110070700,257,ALX3
4,70592256,70607288,258,AMBN
9,114060127,114078472,259,AMBP
6,110874770,110895713,262,AMD1
16,56361452,56425538,267,AMFR
19,2249309,2252073,268,AMH
12,53423855,53431534,269,AMHR2
1,114673090,114695618,270,AMPD1
1,109616104,109632051,271,AMPD2
11,10308313,10507579,272,AMPD3
7,38383704,38631567,273,AMPH
2,127048027,127107355,274,BIN1
3,49416775,49422753,275,AMT
1,103655290,103664554,276,AMY1A
1,103687415,103696680,277,AMY1B
1,103750406,103758690,278,AMY1C
1,103616811,103625780,279,AMY2A
1,103553815,103579534,280,AMY2B
14,20684177,20698971,283,ANG
8,107249482,107498055,284,ANGPT1
8,6499651,6563409,285,ANGPT2
8,41653220,41896762,286,ANK1
4,112818109,113383740,287,ANK2
10,60026298,60733490,288,ANK3
15,89784889,89815401,290,ANPEP
4,185143241,185150382,291,SLC25A4
9,73151757,73170393,301,ANXA1
15,60347134,60402883,302,ANXA2
4,78551519,78610451,306,ANXA3
2,69644425,69827100,307,ANXA4
4,121667955,121697113,308,ANXA5
5,151100712,151157882,309,ANXA6
10,73375101,73414076,310,ANXA7
10,80150889,80205572,311,ANXA11
8,123680794,123737407,312,ANXA13
7,36512949,36724549,313,AOAH
17,42844600,42850707,314,AOC2
2,200585868,200677064,316,AOX1
12,98645141,98735433,317,APAF1
9,34329506,34343713,318,NUDT2
12,56360569,56362823,319,APOF
9,69427530,69672306,320,APBA1
15,28884483,29118315,321,APBA2
11,6395124,6419414,322,APBB1
4,40810027,41216714,323,APBB2
5,112707498,112846239,324,APC
1,159587825,159588865,325,APCS
21,44285838,44298648,326,AIRE
3,49674002,49683963,327,APEH
14,20455191,20457772,328,APEX1
11,102347211,102378670,329,BIRC2
11,102317450,102339403,330,BIRC3
17,78214186,78225636,332,BIRC5
19,35867899,35879791,333,APLP1
11,130069837,130144811,334,APLP2
11,116835751,116837950,335,APOA1
1,161222292,161223631,336,APOA2
11,116820700,116823306,337,APOA4
2,21001429,21044073,338,APOB
12,7649400,7665903,339,APOBEC1
19,44914247,44919349,341,APOC1
19,44926804,44931386,342,APOC1P1
16,25215731,25228940,343,AQP8
19,44945982,44949565,344,APOC2
11,116829706,116833072,345,APOC3
19,44942238,44945496,346,APOC4
3,195568702,195584205,347,APOD
19,44905754,44909393,348,APOE
17,66212033,66256525,350,APOH
21,25880550,26171128,351,APP
16,88809339,88811944,353,APRT
19,50854915,50860764,354,KLK3
10,88990582,89015785,355,FAS
1,172659018,172666874,356,FASLG
7,30911694,30925516,358,AQP1
12,49950741,49958881,359,AQP2
9,33441154,33447611,360,AQP3
18,26852038,26865818,361,AQP4
12,49961870,49965681,362,AQP5
12,49967194,49977139,363,AQP6
9,33383179,33402682,364,AQP7
15,58138169,58185911,366,AQP9
16,16148928,16223522,368,ABCC6
11,118572390,118603033,372,ARCN1
5,65589680,65625975,373,TRIM23
4,74445134,74455009,374,AREG
1,228082660,228099212,375,ARF1
12,48935723,48957551,377,ARF3
3,57571363,57598220,378,ARF4
17,43398959,43401137,379,ARL4D
7,127588345,127591705,381,ARF5
14,49893092,49897054,382,ARF6
6,131573144,131584332,383,ARG1
14,67619798,67651720,384,ARG2
3,49359145,49412998,387,RHOA
2,20447074,20449445,388,RHOB
1,112701106,112707434,389,RHOC
2,150468195,150539011,390,RND3
11,3826978,3840983,391,RHOG
11,46677080,46700615,392,ARHGAP1
14,32076114,32159728,394,ARHGAP5
17,81867721,81871406,396,ARHGDIA
12,14942017,14961728,397,ARHGDIB
16,268727,283010,398,ARHGDIG
4,40191053,40246967,399,RHOH
12,101393120,101407820,400,ARL1
11,72239077,72245664,401,PHOX2A
11,65014113,65022184,402,ARL2
10,102673731,102714407,403,ARL3
1,150809705,150876768,405,ARNT
11,13276652,13387266,406,ARNTL
11,75264182,75351705,408,ARRB1
17,4710489,4721499,409,ARRB2
22,50622754,50628173,410,ARSA
5,78777209,78986087,411,ARSB
11,3645128,3664416,417,ART1
4,76011184,76112802,419,ART3
12,14825569,14843495,420,ART4
22,19969896,20016808,421,ARVCF
8,18055992,18084998,427,ASAH1
12,102957686,102960516,429,ASCL1
11,2268495,2270952,430,ASCL2
17,7173431,7179564,432,ASGR1
17,7101322,7115700,433,ASGR2
20,34194569,34269344,434,ASIP
7,66075798,66093558,435,ASL
19,12737139,12748323,439,ASNA1
7,97852118,97872542,440,ASNS
17,3472374,3503419,443,ASPA
8,61500556,61714640,444,ASPH
9,130444929,130501274,445,ASS1
1,176857302,177164973,460,ASTN1
1,173903804,173917378,462,SERPINC1
16,72782885,73059698,463,ZFHX3
12,50763710,50821122,466,ATF1
1,212565334,212620777,467,ATF3
22,39519695,39522685,468,ATF4
2,215311817,215349773,471,ATIC
11,108222484,108369102,472,ATM
1,8352397,8817643,473,RERE
4,93828753,93830964,474,ATOH1
5,151742316,151772532,475,ATOX1
1,116372668,116410261,476,ATP1A1
1,160115759,160143591,477,ATP1A2
19,41966582,41997497,478,ATP1A3
13,24680411,24712493,479,ATP12A
1,160151570,160186977,480,ATP1A4
1,169105697,169132722,481,ATP1B1
17,7646627,7657768,482,ATP1B2
3,141876124,141926514,483,ATP1B3
11,117800844,117828698,486,FXYD2
16,28878405,28904509,487,ATP2A1
12,110280756,110351093,488,ATP2A2
17,3923870,3964464,489,ATP2A3
12,89588049,89709300,490,ATP2B1
3,10324023,10708031,491,ATP2B2
1,203626561,203744081,493,ATP2B4
19,35550043,35563658,495,ATP4A
13,113648804,113658186,496,ATP4B
18,46080248,46104334,498,ATP5A1
5,126531200,126595418,501,ALDH7A1
12,56638175,56646068,506,ATP5B
10,7788129,7807815,509,ATP5C1
19,1241746,1244826,513,ATP5D
20,59025467,59032382,514,ATP5E
1,111448864,111462773,515,ATP5F1
17,48892765,48895871,516,ATP5G1
12,53632726,53677408,517,ATP5G2
2,175176258,175184607,518,ATP5G3
4,672436,674338,521,ATP5I
21,25716503,25735673,522,ATP5J
3,113747019,113812056,523,ATP6V1A
2,70935882,70965406,525,ATP6V1B1
8,20197367,20226819,526,ATP6V1B2
16,2513870,2520218,527,ATP6V0C
8,103021063,103073051,528,ATP6V1C1
22,17592136,17628818,529,ATP6V1E1
1,43974487,43978295,533,ATP6V0B
6,31544462,31548427,534,ATP6V1G2
17,42458844,42522611,535,ATP6V0A1
21,33903453,33915980,539,ATP5O
13,51930436,52012125,540,ATP7B
3,142449235,142578826,545,ATR
2,240713764,240820308,547,KIF1A
9,91213815,91361913,549,AUH
2,74526645,74529939,550,AUP1
20,3082556,3084724,551,AVP
12,63142759,63150942,552,AVPR1A
1,206109692,206117699,553,AVPR1B
19,41219203,41261766,558,AXL
7,99966720,99976157,563,AZGP1
19,825097,832018,566,AZU1
9,101360417,101383519,570,BAAT
21,29194071,29630751,571,BACH1
11,64269830,64284704,572,BAD
9,33247820,33264720,573,BAG1
8,142449430,142545009,575,ADGRB1
1,31727117,31764893,576,ADGRB2
6,68635367,69389511,577,ADGRB3
6,33572547,33580293,578,BAK1
4,13540830,13545050,579,NKX3-2
2,214725646,214809711,580,BARD1
19,48954815,48961798,581,BAX
11,66510606,66533627,582,BBS1
16,56466836,56520283,583,BBS2
15,72686179,72738476,585,BBS4
12,24810022,24949459,586,BCAT1
19,48795062,48811029,587,BCAT2
3,165772904,165837472,590,BCHE
19,41397460,41425005,593,BCKDHA
6,80106647,80346270,594,BCKDHB
11,69641087,69654474,595,CCND1
18,63123346,63320128,596,BCL2
15,79960889,79971446,597,BCL2A1
20,31664452,31723989,598,BCL2L1
14,23298790,23311759,599,BCL2L2
19,44747705,44760044,602,BCL3
3,187721377,187745727,604,BCL6
12,122019422,122062044,605,BCL7A
1,147541412,147626216,607,BCL9
16,11965107,11968068,608,TNFRSF17
19,589893,617159,610,HCN2
7,128772491,128775790,611,OPN1SW
22,23179704,23318037,613,BCR
2,218658764,218663443,617,BCS1L
2,47335315,47335514,618,BCYRN1
3,197509783,197573323,622,BDH1
14,96255824,96268967,623,BDKRB1
14,96204679,96244166,624,BDKRB2
11,27654893,27722058,627,BDNF
6,31945650,31952084,629,CFB
20,17493905,17569220,631,BFSP1
1,156241962,156243321,632,BGLAP
19,42507304,42561234,634,CEACAM1
5,79111779,79132290,635,BHMT
12,32106835,32383633,636,BICD1
22,17734138,17774770,637,BID
22,43110748,43129712,638,BIK
6,106086320,106109939,639,PRDM1
8,11494001,11564604,640,BLK
15,90717327,90816165,641,BLM
17,30248195,30292056,642,BLMH
11,118883766,118897799,643,CXCR5
7,43758680,43807342,644,BLVRA
19,40447789,40465840,645,BLVRB
15,83255903,83284714,646,BNC1
10,22321211,22331484,648,BMI1
8,22164736,22212326,649,BMP1
20,6767664,6780280,650,BMP2
4,81030965,81057531,651,BMP3
14,53949736,53958761,652,BMP4
6,55753645,55875564,653,BMP5
6,7726797,7881422,654,BMP6
20,57168748,57266629,655,BMP7
1,39757182,39788861,656,BMP8B
10,86756601,86932838,657,BMPR1A
4,94757968,95158448,658,BMPR1B
2,202376936,202567751,659,BMPR2
8,22245104,22254600,661,POLR3D
5,173144442,173164387,662,BNIP1
15,59659146,59689534,663,BNIP2
10,131966455,131982013,664,BNIP3
8,26382898,26505636,665,BNIP3L
2,241558721,241574138,666,BOK
6,56457987,56954628,667,DST
3,138944224,138947140,668,FOXL2
7,134646808,134679813,669,BPGM
6,3118374,3153578,670,BPHL
20,38260149,38337505,671,BPI
17,43044295,43170245,672,BRCA1
7,140719327,140924764,673,BRAF
13,32315474,32400266,675,BRCA2
1,91949371,92014426,676,BRDT
14,68787660,68796253,677,ZFP36L1
2,43222402,43226609,678,ZFP36L2
19,571277,583493,682,BSG
4,15702950,15738313,683,BST1
19,17402939,17405648,684,BST2
4,74744759,74794686,685,BTC
3,15601341,15645822,686,BTD
9,70384597,70414624,687,KLF9
13,73054976,73077542,688,KLF5
5,73498408,73505635,689,BTF3
12,92140278,92145897,694,BTG1
6,26501221,26510422,696,BTN1A1
2,110637698,110678114,699,BUB1
15,40161023,40221136,701,BUB1B
6,41921188,41933046,705,BYSL
22,43151514,43163242,706,TSPO
17,5432777,5448830,708,C1QBP
11,57597387,57614853,710,SERPING1
3,55657206,55659382,711,ERC2-IT1
1,22636506,22639608,712,C1QA
1,22652762,22661538,713,C1QB
1,22643630,22648110,714,C1QC
12,7080209,7092607,715,C1R
12,6988259,7071032,716,C1S
6,31897785,31945672,717,C2
19,6677704,6730562,718,C3
12,8058302,8066471,719,C3AR1
6,31982024,32002681,720,C4A
6,32014762,32035418,721,C4B
1,207104262,207144972,722,C4BPA
1,207088842,207099993,725,C4BPB
11,77066932,77126155,726,CAPN5
9,120952335,121050276,727,C5
19,47290023,47322066,728,C5AR1
5,41142234,41261438,729,C6
5,40909252,40982939,730,C7
1,56854806,56918221,731,C8A
1,56929210,56966140,732,C8B
9,136945246,136946974,733,C8G
8,89901859,89927888,734,OSGIN2
5,39284262,39424868,735,C9
11,65089324,65111860,738,VPS51
11,65122183,65127371,740,MRPL49
11,65116403,65117708,741,ZNHIT2
11,30384493,30586872,744,MPPED2
11,61752642,61788518,745,MYRF
11,61768501,61792802,746,TMEM258
11,61680433,61747001,747,DAGLA
17,45221444,45247320,752,FMNL1
18,13217498,13652755,753,LDLRAD4
21,44849585,44873903,754,PTTG1IP
21,44328944,44339402,755,C21orf2
21,33432485,33480011,757,TMEM50B
22,43411196,43507848,758,MPPED1
8,85327608,85379014,759,CA1
8,85463852,85481493,760,CA2
8,85373436,85449040,761,CA3
17,60149936,60170899,762,CA4
16,87881546,87936529,763,CA5A
1,8945867,8975092,765,CA6
16,66844379,66854153,766,CA7
8,60187347,60281412,767,CA8
9,35673856,35681159,768,CA9
19,48637942,48646312,770,CA11
15,63321378,63382161,771,CA12
19,13206442,13633025,773,CACNA1A
9,137877789,138124624,774,CACNA1B
12,1970786,2697950,775,CACNA1C
3,53328963,53813733,776,CACNA1D
1,181413102,181808084,777,CACNA1E
1,201039512,201112566,779,CACNA1S
6,30876421,30900156,780,DDR1
7,81946444,82443798,781,CACNA2D1
17,39173456,39197703,782,CACNB1
10,18140677,18541869,783,CACNB2
12,48813794,48828941,784,CACNB3
2,151832768,152099475,785,CACNB4
17,67044590,67056797,786,CACNG1
3,48856931,48898993,788,SLC25A20
2,27217390,27243943,790,CAD
8,90058608,90095475,793,CALB1
16,71358713,71390438,794,CALB2
11,14966668,14972354,796,CALCA
11,14904997,15082342,797,CALCB
7,93424487,93574730,799,CALCR
7,134744252,134970728,800,CALD1
14,90396502,90408261,801,CALM1
14,90396502,90408261,805,CALM1
14,90396502,90408261,808,CALM1
10,5524009,5526771,810,CALML3
19,12938578,12944489,811,CALR
7,128739292,128771807,813,CALU
5,111223653,111494886,814,CAMK4
5,150219491,150290291,815,CAMK2A
7,44217150,44334577,816,CAMK2B
4,113451032,113761927,817,CAMK2D
10,73812501,73874591,818,CAMK2G
5,134738501,134752160,819,CAMLG
3,48223347,48225491,820,CAMP
5,179678628,179730925,821,CANX
2,85394748,85418432,822,CAPG
11,65180566,65212006,823,CAPN1
1,223701593,223776018,824,CAPN2
15,42359500,42412318,825,CAPN3
19,36139575,36150353,826,CAPNS1
19,5911707,5915877,828,CAPS
1,112619173,112671619,829,CAPZA1
7,116811070,116922049,830,CAPZA2
5,96525267,96779595,831,CAST
1,19338776,19485539,832,CAPZB
11,3000922,3057613,833,CARS
11,105025443,105035250,834,CASP1
7,143288215,143307696,835,CASP2
4,184627696,184649509,836,CASP3
11,104942866,104969436,837,CASP4
11,104994235,105023168,838,CASP5
4,109688622,109703583,839,CASP6
10,113679162,113730907,840,CASP7
2,201233443,201287711,841,CASP8
1,15490832,15526534,842,CASP9
2,201182881,201229406,843,CASP10
1,160190556,160201886,844,CASQ1
1,115700007,115768781,845,CASQ2
3,122183683,122291629,846,CASR
11,34438925,34472062,847,CAT
7,116524785,116561184,857,CAV1
7,116287380,116508541,858,CAV2
3,8733800,8841808,859,CAV3
6,45328157,45664349,860,RUNX2
21,34787801,36004667,861,RUNX1
8,91954967,92103286,862,RUNX1T1
16,88874858,88977204,863,CBFA2T3
1,24899511,24965121,864,RUNX3
16,67029116,67101058,865,CBFB
14,94304248,94323394,866,SERPINA6
11,119206276,119313926,867,CBL
3,105655461,105869552,868,CBLB
16,49277917,49281831,869,CBLN1
11,75562056,75572783,871,SERPINH1
21,36069941,36073166,873,CBR1
21,36134912,36146566,874,CBR3
21,43053191,43076943,875,CBS
9,36169394,36171334,881,CCIN
9,128832942,128882494,883,KYAT1
3,42257825,42266207,885,CCK
4,26481400,26490462,886,CCKAR
11,6259736,6272127,887,CCKBR
7,92198969,92246166,889,KRIT1
4,121816444,121823933,890,CCNA2
5,69167010,69178245,891,CCNB1
6,99542380,99568973,892,CCNC
12,4273772,4305350,894,CCND2
6,41934933,42050357,896,CCND3
19,29811898,29824308,898,CCNE1
16,2429394,2458854,899,CCNF
5,163437569,163446151,900,CCNG1
4,77157151,77433388,901,CCNG2
5,87391494,87413019,902,CCNH
12,48688458,48716998,904,CCNT1
2,134918235,134959342,905,CCNT2
7,56051630,56063989,908,CCT6A
1,158254137,158258269,909,CD1A
1,158327951,158331531,910,CD1B
1,158289786,158293630,911,CD1C
1,158179947,158184896,912,CD1D
1,158353696,158357553,913,CD1E
1,116754385,116769228,914,CD2
11,118338954,118342744,915,CD3D
11,118304545,118316175,916,CD3E
11,118344344,118355161,917,CD3G
1,167430640,167518610,919,CD247
12,6786858,6820808,920,CD4
11,61102395,61127852,921,CD5
1,157830914,157898256,922,CD5L
11,60971680,61020377,923,CD6
17,82314868,82317602,924,CD7
2,86784610,86808396,925,CD8A
2,86815339,86861924,926,CD8B
2,86815339,86861924,927,CD8B
12,6199715,6238271,928,CD9
5,140631728,140633701,929,CD14
16,28931939,28939346,930,CD19
11,60455752,60470760,931,MS4A1
11,60056587,60071128,932,MS4A3
19,35319261,35347355,933,CD22
12,6444867,6451718,939,CD27
2,203706475,203738912,940,CD28
3,119524293,119559602,941,CD80
3,122055366,122121139,942,CD86
1,12063377,12144207,943,TNFRSF8
9,114893343,114930595,944,TNFSF8
19,51225064,51243860,945,CD33
19,51519525,51531856,946,SIGLEC6
1,207880972,207911402,947,CD34
7,80369575,80679277,948,CD36
12,124776856,124882668,949,SCARB1
4,76158733,76234536,950,SCARB2
19,49335171,49343335,951,CD37
4,15778275,15853230,952,CD38
10,95711779,95869695,953,ENTPD1
9,137048098,137054045,954,ENTPD2
20,25195693,25226729,955,ENTPD6
3,40387156,40428619,956,ENTPD3
14,73958010,74019399,957,ENTPD5
20,46118272,46129863,958,CD40
11,35138870,35232402,960,CD44
3,108043298,108091025,961,CD47
1,160678746,160711851,962,CD48
1,110873154,110899928,963,CD53
1,116514535,116571039,965,CD58
11,33698261,33736445,966,CD59
12,55725323,55729707,967,CD63
17,7579467,7582113,968,CD68
12,9752486,9760901,969,CD69
19,6583183,6604103,970,CD70
9,35609533,35646810,971,CD72
5,150401637,150412929,972,CD74
19,41877120,41881372,973,CD79A
17,63928740,63932354,974,CD79B
11,2376177,2397419,975,CD81
19,14380501,14408725,976,ADGRE5
11,832843,839831,977,CD151
1,20588948,20618908,978,CDA
10,60778331,60794852,983,CDK1
1,1635227,1659012,984,CDK11B
4,150264531,151015727,987,LRBA
6,44387525,44450426,988,CDC5L
7,35800932,35907105,989,7-Sep
17,40287633,40304657,990,CDC6
1,43358955,43363203,991,CDC20
3,48157146,48188402,993,CDC25A
20,3786772,3806121,994,CDC25B
5,138285265,138338355,995,CDC25C
17,47117703,47189422,996,CDC27
19,531712,542092,997,CDC34
1,22052627,22092946,998,CDC42
16,68737225,68835548,999,CDH1
18,27950966,28177446,1000,CDH2
16,68636189,68722616,1001,CDH3
20,61252426,61940617,1002,CDH4
16,66366622,66404786,1003,CDH5
5,31193750,31329146,1004,CDH6
18,65750252,65890341,1005,CDH7
16,61647242,62037035,1006,CDH8
5,26880600,27121150,1007,CDH9
5,24487100,24644978,1008,CDH10
16,64943753,65126112,1009,CDH11
5,21750673,22853622,1010,CDH12
16,82626803,83800640,1012,CDH13
16,89171767,89195492,1013,CDH15
16,66908122,66918984,1014,CDH16
8,94127171,94217303,1015,CDH17
5,19472951,20575873,1016,CDH18
12,55966769,55972784,1017,CDK2
17,76000906,76005999,1018,CDK3
12,57747727,57756013,1019,CDK4
7,151053812,151058530,1020,CDK5
7,92604921,92836594,1021,CDK6
5,69234795,69277430,1022,CDK7
13,26254104,26405238,1024,CDK8
9,127785679,127790787,1025,CDK9
6,36676460,36687339,1026,CDKN1A
12,12715058,12722371,1027,CDKN1B
11,2883213,2885881,1028,CDKN1C
9,21967753,21995301,1029,CDKN2A
9,22002903,22009363,1030,CDKN2B
1,50960745,50974633,1031,CDKN2C
19,10566462,10569059,1032,CDKN2D
14,54396849,54420218,1033,CDKN3
5,115804733,115816954,1036,CDO1
16,22345936,22437165,1039,CDR2
4,84582979,84651338,1040,CDS1
6,31115090,31120446,1041,CDSN
1,26317957,26320523,1043,CD52
5,150166795,150184558,1044,CDX1
13,27962137,27971139,1045,CDX2
4,140388455,140427968,1047,CLGN
19,41708585,41729798,1048,CEACAM5
19,33299934,33302564,1050,CEBPA
20,50190734,50192689,1051,CEBPB
8,47736909,47739086,1052,CEBPD
14,23117304,23119616,1053,CEBPE
19,33373330,33382686,1054,CEBPG
9,133061978,133071861,1056,CEL
2,26764289,26801067,1058,CENPA
20,3783851,3786690,1059,CENPB
4,67468748,67545606,1060,CENPC
4,103105806,103198409,1062,CENPE
1,214603195,214664588,1063,CENPF
16,55802851,55833337,1066,CES1
18,580357,582114,1068,CETN1
5,90392261,90409786,1070,CETN3
16,56961850,56983845,1071,CETP
11,65823022,65862026,1072,CFL1
14,34706769,34714823,1073,CFL2
11,88293592,88337787,1075,CTSC
7,117465784,117715971,1080,CFTR
6,87085498,87095406,1081,CGA
19,49022869,49024333,1082,CGB3
19,41796437,41811553,1084,CEACAM3
19,41673307,41706976,1087,CEACAM7
19,42580241,42595055,1088,CEACAM8
19,41618971,41627074,1089,CEACAM4
17,50464496,50468966,1101,CHAD
13,48488959,48533256,1102,RCBTB2
10,49609095,49665104,1103,CHAT
1,28505943,28539300,1104,RCC1
5,98853985,98928957,1105,CHD1
15,92900189,93028005,1106,CHD2
17,7884806,7912760,1107,CHD3
12,6570083,6607476,1108,CHD4
10,5195462,5218949,1109,AKR1C4
11,125625136,125676255,1111,CHEK1
14,89124871,89619149,1112,FOXN3
14,92923080,92935293,1113,CHGA
20,5911430,5925361,1114,CHGB
1,203178931,203186749,1116,CHI3L1
1,111200771,111243440,1117,CHI3L2
1,203212827,203273641,1118,CHIT1
11,68052859,68121444,1119,CHKA
22,50578949,50601455,1120,CHKB
1,241628853,241640254,1122,CHML
2,174799363,175005369,1123,CHN1
7,29122274,29514328,1124,CHN2
11,62908679,62921807,1128,CHRM1
7,136868669,137020255,1129,CHRM2
1,235661041,235883640,1130,LYST
1,239386565,239915452,1131,CHRM3
11,46385098,46386608,1132,CHRM4
15,33968720,34067457,1133,CHRM5
2,174747592,174787935,1134,CHRNA1
8,27459761,27479883,1135,CHRNA2
15,78593052,78621295,1136,CHRNA3
20,63343223,63378401,1137,CHRNA4
15,78565520,78595269,1138,CHRNA5
15,31923438,32173018,1139,CHRNA7
17,7445061,7457707,1140,CHRNB1
1,154567781,154580026,1141,CHRNB2
8,42697376,42737407,1142,CHRNB3
15,78624119,78727754,1143,CHRNB4
2,232525993,232536667,1144,CHRND
17,4897774,4903074,1145,CHRNE
2,232539727,232546403,1146,CHRNG
10,100188298,100229619,1147,CHUK
18,12254319,12277595,1149,CIDEA
14,103519659,103523111,1152,CKB
19,1259384,1274880,1153,CIRBP
3,50606490,50611831,1154,CISH
19,36114289,36125947,1155,TBCB
19,45306414,45322977,1158,CKM
15,43593054,43604901,1159,CKMT1B
5,81233285,81266397,1160,CKMT2
5,60873831,60945073,1161,ERCC8
1,154974653,154979249,1163,CKS1B
9,89311198,89316703,1164,CKS2
3,184174689,184184091,1173,AP2M1
7,101154397,101161596,1174,AP1S1
19,46838136,46850992,1175,AP2S1
5,115841481,115914081,1176,AP3S1
19,39731250,39738028,1178,CLC
1,86468368,86500289,1179,CLCA1
7,143316126,143352083,1180,CLCN1
3,184346185,184361651,1181,CLCN2
4,169612633,169723673,1182,CLCN3
1,11806096,11843144,1185,CLCN6
16,1444934,1475580,1186,CLCN7
1,16018875,16034050,1187,CLCNKA
1,16043736,16057308,1188,CLCNKB
8,27596917,27615031,1191,CLU
6,31730581,31739763,1192,CLIC1
2,200853009,200864744,1195,CLK1
1,155262868,155278491,1196,CLK2
15,74598500,74645414,1198,CLK3
11,6612763,6619461,1200,TPP1
16,28474111,28495575,1201,CLN3
13,76990660,77019143,1203,CLN5
11,77514936,77637805,1207,CLNS1A
6,35794982,35797344,1208,CLPS
19,44954585,44993341,1209,CLPTM1
9,36190856,36304781,1211,CLTA
5,176392455,176416569,1212,CLTB
17,59619689,59696956,1213,CLTC
14,24505353,24508265,1215,CMA1
3,46201709,46208396,1230,CCR1
3,46163604,46266706,1232,CCR3
3,32951574,32956349,1233,CCR4
3,46370854,46376206,1234,CCR5
6,167111807,167139696,1235,CCR6
17,40553769,40565472,1236,CCR7
3,39329706,39333511,1237,CCR8
3,42804752,42887974,1238,ACKR2
12,108288044,108339341,1240,CMKLR1
14,24311450,24318036,1241,LTB4R
10,99782732,99852192,1244,ABCC2
16,57882340,57971116,1258,CNGB1
4,47935977,48016672,1259,CNGA1
2,98346155,98398601,1261,CNGA3
11,6234765,6244429,1262,CNGA4
1,44800225,44805990,1263,PLK3
19,11538717,11550323,1264,CNN1
19,1026581,1039068,1265,CNN2
1,94896949,94927278,1266,CNN3
17,41966741,41977731,1267,CNP
6,88139864,88166359,1268,CNR1
1,23870526,23913362,1269,CNR2
11,58622673,58625733,1270,CNTF
9,34551432,34590140,1271,CNTFR
12,40692442,41072418,1272,CNTN1
17,50183289,50201632,1277,COL1A1
7,94394561,94431232,1278,COL1A2
12,47972965,48004486,1280,COL2A1
2,188974320,189012746,1281,COL3A1
13,110148963,110307149,1282,COL4A1
13,110305812,110513027,1284,COL4A2
2,227164565,227314792,1285,COL4A3
2,227002711,227164113,1286,COL4A4
9,134641774,134844843,1289,COL5A1
2,189031896,189179879,1290,COL5A2
21,45981737,46005050,1291,COL6A1
21,46098097,46132849,1292,COL6A2
2,237324003,237414375,1293,COL6A3
3,48564073,48595267,1294,COL7A1
3,99638475,99799226,1295,COL8A1
1,36095236,36125220,1296,COL8A2
6,70215061,70303083,1297,COL9A1
1,40300487,40317816,1298,COL9A2
20,62816244,62841159,1299,COL9A3
6,116118923,116158747,1300,COL10A1
1,102876467,103108496,1301,COL11A1
6,33162681,33192499,1302,COL11A2
6,75084326,75206051,1303,COL12A1
10,69801931,69964275,1305,COL13A1
9,98943179,99070792,1306,COL15A1
1,31652247,31704319,1307,COL16A1
10,104031286,104086002,1308,COL17A1
6,69866571,70209976,1310,COL19A1
19,18782773,18791314,1311,COMP
22,19941607,19969975,1312,COMT
1,160289273,160343400,1314,COPA
11,14443440,14500027,1315,COPB1
10,3775996,3785281,1316,KLF6
9,113221562,113264492,1317,SLC31A1
9,113150942,113164137,1318,SLC31A2
1,10449719,10451902,1325,CORT
10,30433937,30461833,1326,MAP3K8
16,85798633,85807044,1327,COX4I1
2,97646040,97648383,1329,COX5B
12,120438090,120440742,1337,COX6A1
16,31427731,31428428,1339,COX6A2
19,35648223,35658861,1340,COX6B1
8,99873200,99894062,1345,COX6C
19,36150922,36152869,1346,COX7A1
6,75237675,75250323,1347,COX7A2
11,63974607,63976543,1351,COX8A
17,14069496,14208677,1352,COX10
17,54951902,54968785,1353,COX11
10,99711844,99732100,1355,COX15
3,149162410,149222055,1356,CP
7,130380339,130388114,1357,CPA1
7,130266827,130289798,1358,CPA2
3,148865256,148897196,1359,CPA3
3,148791102,148860187,1360,CPB1
13,46053186,46105076,1361,CPB2
17,30378905,30469989,1362,CPD
4,165361194,165498320,1363,CPE
7,73799542,73832693,1364,CLDN4
7,73768997,73770270,1365,CLDN3
17,7259903,7263983,1366,CLDN7
12,68842197,68971570,1368,CPM
10,100042193,100081877,1369,CPN1
3,194339765,194351328,1370,CPN2
3,98521132,98593723,1371,CPOX
2,210477682,210679107,1373,CPS1
11,68754620,68844410,1374,CPT1A
22,50568861,50578465,1375,CPT1B
1,53196429,53214197,1376,CPT2
1,207496147,207640647,1378,CR1
1,207645113,207738416,1379,CR1L
1,207454230,207489895,1380,CR2
15,78340324,78348230,1381,CRABP1
1,156699606,156705816,1382,CRABP2
9,129094810,129111189,1384,CRAT
2,207529737,207603431,1385,CREB1
2,175072250,175168382,1386,ATF2
16,3725054,3880726,1387,CREBBP
6,32098176,32128253,1388,ATF6B
12,12611827,12645108,1389,CREBL2
10,35126791,35212958,1390,CREM
8,66176382,66178725,1392,CRH
5,76952713,76981158,1393,CRHBP
17,45784280,45835828,1394,CRHR1
7,30651943,30700129,1395,CRHR2
14,105486317,105488947,1396,CRIP1
14,105472962,105480170,1397,CRIP2
17,1420689,1463162,1398,CRK
22,20917426,20953749,1399,CRKL
4,5748084,5893058,1400,CRMP1
1,159712289,159714589,1401,CRP
5,83637805,83721613,1404,HAPLN1
19,47819779,47843330,1406,CRX
12,106991364,107093829,1407,CRY1
11,45847118,45883248,1408,CRY2
21,43169008,43172805,1409,CRYAA
11,111908565,111923722,1410,CRYAB
17,29246863,29254494,1411,CRYBA1
2,218990189,218993421,1412,CRYBA2
22,26621964,26630672,1413,CRYBA4
22,26599278,26618088,1414,CRYBB1
22,25219522,25231869,1415,CRYBB2
22,25448105,25520854,1416,CRYBB2P1
22,25199850,25207363,1417,CRYBB3
2,208160740,208163576,1418,CRYGA
2,208142573,208146168,1419,CRYGB
2,208128137,208129830,1420,CRYGC
2,208121607,208124501,1421,CRYGD
3,186538441,186546702,1427,CRYGS
16,21238874,21303083,1428,CRYM
1,74705482,74733408,1429,CRYZ
12,56271699,56300392,1431,CS
6,36027677,36111236,1432,MAPK14
20,49046246,49096960,1434,CSE1L
1,109910242,109930992,1435,CSF1
5,150053291,150113372,1436,CSF1R
5,132073790,132076170,1437,CSF2
22,36913628,36940449,1439,CSF2RB
17,40015361,40017813,1440,CSF3
1,36466043,36483278,1441,CSF3R
17,63894909,63896661,1442,CSH1
17,63872012,63873766,1443,CSH2
17,63909597,63918838,1444,CSHL1
15,74782057,74803198,1445,CSK
4,69931081,69946574,1446,CSN1S1
4,69955256,69961007,1447,CSN2
4,70242588,70251428,1448,CSN3
5,149492197,149551552,1452,CSNK1A1
17,82239023,82273731,1453,CSNK1D
22,38290691,38318084,1454,CSNK1E
19,1941149,1981338,1455,CSNK1G2
5,123512099,123617045,1456,CSNK1G3
20,473591,543821,1457,CSNK2A1
16,58157907,58197920,1459,CSNK2A2
6,31665236,31670343,1460,CSNK2B
5,83471465,83582303,1462,VCAN
19,19211973,19252233,1463,NCAN
15,75674322,75712848,1464,CSPG4
1,201483530,201509456,1465,CSRP1
12,76858715,76879060,1466,CSRP2
17,81712236,81721016,1468,SLC25A10
20,23747553,23751268,1469,CST1
20,23823769,23826731,1470,CST2
20,23626706,23638473,1471,CST3
20,23685640,23689040,1472,CST4
20,23875935,23879750,1473,CST5
11,66011841,66013505,1474,CST6
3,122325244,122341972,1475,CSTA
21,43772511,43776445,1476,CSTB
20,56392371,56406369,1477,CSTF1
11,33077188,33162371,1479,CSTF3
5,173232109,173235357,1482,NKX2-5
1,84549606,84574480,1486,CTBS
4,1211448,1249953,1487,CTBP1
10,124984317,125161170,1488,CTBP2
16,30896607,30903560,1489,CTF1
6,131948176,131951373,1490,CTGF
1,70411218,70439851,1491,CTH
2,203867786,203873960,1493,CTLA4
5,138610967,138935034,1495,CTNNA1
2,79185231,80648861,1496,CTNNA2
17,3636468,3661542,1497,CTNS
3,41194837,41260096,1499,CTNNB1
11,57753243,57819546,1500,CTNND1
5,10971840,11904043,1501,CTNND2
1,40979335,41012565,1503,CTPS1
16,75219000,75224924,1504,CTRB1
16,67927640,67932414,1506,CTRL
8,11842524,11869448,1508,CTSB
11,1752752,1764573,1509,CTSD
1,206009264,206023909,1510,CTSE
14,24573522,24576260,1511,CTSG
15,78921058,78949574,1512,CTSH
1,150796208,150808323,1513,CTSK
9,87725519,87731393,1514,CTSL
9,97029679,97039643,1515,CTSV
10,46753605,46759740,1517,CTSLP2
4,155924118,155953917,1519,CTSO
1,150730196,150765957,1520,CTSS
11,65879809,65883741,1521,CTSW
20,58995185,59007247,1522,CTSZ
7,101815904,102283957,1523,CUX1
3,39263494,39281735,1524,CX3CR1
21,17512382,17593579,1525,CXADR
18,74250847,74292016,1528,CYB5A
17,63432304,63446378,1534,CYB561
16,88643283,88651152,1535,CYBA
8,144095027,144097525,1537,CYC1
9,102995311,103018488,1539,CYLC2
16,50742050,50801935,1540,CYLD
15,74719542,74725610,1543,CYP1A1
15,74748844,74756202,1544,CYP1A2
2,38066973,38109902,1545,CYP1B1
19,40843538,40850447,1548,CYP2A6
19,40875439,40882752,1549,CYP2A7
7,99705037,99735196,1551,CYP3A7
19,41088472,41096195,1553,CYP2A13
19,40991299,41018398,1555,CYP2B6
19,40924219,40950660,1556,CYP2B7P
10,94762624,94853260,1557,CYP2C19
10,95036772,95069497,1558,CYP2C8
10,94938658,94989390,1559,CYP2C9
10,94683621,94736190,1562,CYP2C18
22,42140203,42144577,1564,CYP2D7
22,42126499,42130906,1565,CYP2D6
10,133520406,133561220,1571,CYP2E1
19,41114432,41128366,1572,CYP2F1
1,59893308,59926790,1573,CYP2J2
7,99756960,99784265,1576,CYP3A4
7,99648194,99679998,1577,CYP3A5
1,46929177,46941484,1579,CYP4A11
1,46757838,46819413,1580,CYP4B1
8,58490178,58500236,1581,CYP7A1
3,42856005,42876165,1582,CYP8B1
15,74337759,74367740,1583,CYP11A1
8,142872356,142879846,1584,CYP11B1
8,142910559,142917843,1585,CYP11B2
10,102830531,102837533,1586,CYP17A1
8,39451045,39522852,1587,ADAM3A
15,51208057,51338610,1588,CYP19A1
6,32038265,32041670,1589,CYP21A2
20,54153449,54173973,1591,CYP24A1
10,93073475,93077890,1592,CYP26A1
2,218781749,218815293,1593,CYP27A1
12,57762334,57768986,1594,CYP27B1
7,92112151,92142952,1595,CYP51A1
1,56994778,58546734,1600,DAB1
5,39371675,39462300,1601,DAB2
13,71437966,71867192,1602,DACH1
14,22564905,22589269,1603,DAD1
1,207321508,207386804,1604,CD55
3,49468703,49535618,1605,DAG1
12,55927319,55954027,1606,DGKA
7,14145049,14974777,1607,DGKB
3,186105668,186362237,1608,DGKG
4,958887,986895,1609,DGKQ
12,108858932,108901043,1610,DAO
5,10679230,10761272,1611,DAP
9,87497228,87708633,1612,DAPK1
19,3958453,3971123,1613,DAPK3
2,135906677,135986100,1615,DARS
6,33318558,33329286,1616,DAXX
3,16586792,16670306,1618,DAZL
9,119153458,119369467,1620,BRINP1
9,133636360,133659344,1621,DBH
2,119366921,119372560,1622,DBI
5,177456608,177474401,1627,DBN1
19,48630030,48637438,1628,DBP
1,100186919,100249834,1629,DBT
18,52340172,53535903,1630,DCC
16,2239395,2252300,1632,ECI1
4,70992538,71030914,1633,DCK
12,91140484,91183123,1634,DCN
4,182890060,182917936,1635,DCTD
17,63477061,63498380,1636,ACE
13,94436808,94479682,1638,DCT
2,74361154,74392087,1639,DCTN1
11,61299451,61342596,1642,DDB1
11,47214465,47239240,1643,DDB2
7,50458436,50565457,1644,DDC
10,4963253,4983283,1645,AKR1C1
10,4987400,5018031,1646,AKR1C2
1,67685061,67688338,1647,GADD45A
12,57516588,57520517,1649,DDIT3
1,20651767,20661544,1650,DDOST
22,23971365,23980469,1652,DDT
2,15591178,15631111,1653,DDX1
17,64499616,64508199,1655,DDX5
11,118747766,118791149,1656,DDX6
5,119037772,119249138,1657,DMXL1
17,43483865,43544463,1659,DHX8
1,182839369,182887751,1660,DHX9
11,108665025,108940930,1662,DDX10
12,31073845,31104791,1663,DDX11
4,24517441,24584550,1665,DHX15
8,90001405,90052092,1666,DECR1
8,6977649,6980080,1667,DEFA1
8,7015869,7018301,1668,DEFA3
8,6935822,6938338,1669,DEFA4
8,7055304,7056734,1670,DEFA5
8,6924693,6926076,1671,DEFA6
8,6870575,6878022,1672,DEFB1
8,7894629,7896711,1673,DEFB4A
2,219418377,219426739,1674,DES
19,859643,863630,1675,CFD
1,10456522,10472526,1676,DFFA
1,3857267,3885429,1677,DFFB
7,24698353,24758113,1687,DFNA5
14,30874514,30895065,1690,COCH
2,73926826,73958961,1716,DGUOK
11,71428193,71452868,1717,DHCR7
1,54849633,54887218,1718,DHCR24
5,80626228,80654983,1719,DHFR
16,72008588,72027664,1723,DHODH
19,12675717,12681902,1725,DHPS
22,42617840,42649568,1727,CYB5R3
16,69706996,69726951,1728,NQO1
5,141515016,141619055,1729,DIAPH1
16,30378133,30395991,1731,1-Sep
1,53891239,53911086,1733,DIO1
14,80197527,80387757,1734,DIO2
14,101561351,101563452,1735,DIO3
11,112024814,112064390,1737,DLAT
7,107890970,107931730,1738,DLD
3,197042560,197299300,1739,DLG1
11,83455012,85627922,1740,DLG2
17,7189890,7219702,1742,DLG4
14,74881891,74903745,1743,DLST
2,172084740,172089677,1745,DLX1
2,172099439,172102900,1746,DLX2
17,49990005,49995224,1747,DLX3
17,49968970,49974959,1748,DLX4
7,97020392,97025097,1749,DLX5
7,97005548,97011039,1750,DLX6
10,122560665,122643736,1755,DMBT1
9,133663560,133739955,1757,SARDH
4,87650307,87664361,1758,DMP1
9,128191655,128255248,1759,DNM1
19,45769717,45782552,1760,DMPK
9,841690,969090,1761,DMRT1
19,45782947,45792802,1762,DMWD
10,68414064,68472121,1763,DNA2
5,13690331,13944543,1767,DNAH5
2,84516455,84819589,1768,DNAH6
6,38715341,39030529,1769,DNAH8
17,11598431,11969748,1770,DNAH9
16,3611728,3680143,1773,DNASE1
16,2235816,2238711,1775,DNASE1L2
3,58192257,58214697,1776,DNASE1L3
19,12875211,12881468,1777,DNASE2
14,101964528,102050792,1778,DYNC1H1
7,95772506,96110322,1780,DYNC1I1
2,171687409,171748420,1781,DYNC1I2
16,66720893,66751798,1783,DYNC1LI2
19,10718079,10833488,1785,DNM2
19,10133345,10231286,1786,DNMT1
10,17142254,17202054,1787,TRDMT1
2,25227855,25342590,1788,DNMT3A
20,32762385,32809356,1789,DNMT3B
10,96304396,96338564,1791,DNTT
10,126905409,127452517,1793,DOCK1
5,169637247,170083382,1794,DOCK2
3,50675241,51384198,1795,DOCK3
2,74549026,74557554,1796,DOK1
6,31969810,31972292,1797,DXO
11,119096503,119108331,1798,DPAGT1
16,89613308,89638456,1800,DPEP1
17,2030110,2043430,1801,DPH1
1,43970000,43973369,1802,DPH2
2,161992241,162074542,1803,DPP4
7,153887097,154894285,1804,DPP6
1,168695459,168729264,1805,DPT
1,97077743,97921049,1806,DPYD
8,104330324,104467053,1807,DPYS
8,26514022,26658178,1808,DPYSL2
5,147390811,147510056,1809,DPYSL3
1,93345888,93369498,1810,DR1
7,107765467,107803225,1811,SLC26A3
5,175440039,175444208,1812,DRD1
11,113409615,113475691,1813,DRD2
3,114128652,114199407,1814,DRD3
11,637293,640706,1815,DRD4
4,9781680,9784009,1816,DRD5
17,18087886,18107971,1819,DRG2
19,925781,975934,1820,ARID3A
12,6924463,6942321,1822,ATN1
18,31129236,31162856,1823,DSC1
18,31058840,31102415,1824,DSC2
18,30990008,31042815,1825,DSC3
21,40010999,40847139,1826,DSCAM
21,34513142,34615142,1827,RCAN1
18,31318089,31357029,1828,DSG1
18,31498043,31549008,1829,DSG2
18,31447795,31478702,1830,DSG3
6,7541575,7586717,1832,DSP
12,90963679,91005026,1833,EPYC
4,87608529,87616910,1834,DSPP
5,149960737,149993455,1836,SLC26A2
18,34493290,34891844,1837,DTNA
2,25377198,25673647,1838,DTNB
5,140332843,140346631,1839,HBEGF
12,113056709,113098028,1840,DTX1
2,241675742,241686991,1841,DTYMK
9,92493554,92536655,1842,ECM2
5,172768090,172771195,1843,DUSP1
2,96143166,96145440,1844,DUSP2
17,43766121,43778988,1845,DUSP3
8,29333064,29350668,1846,DUSP4
10,110497838,110511544,1847,DUSP5
12,89347232,89353271,1848,DUSP6
3,52048919,52056550,1849,DUSP7
11,1554044,1571920,1850,DUSP8
15,48331011,48343373,1854,DUT
1,1335276,1349350,1855,DVL1
17,7225341,7234545,1856,DVL2
3,184155388,184173610,1857,DVL3
21,37365790,37517450,1859,DYRK1A
9,129812944,129824134,1861,TOR1A
20,33675683,33686404,1869,E2F1
1,23506430,23531220,1870,E2F2
6,20401906,20493715,1871,E2F3
16,67192169,67198918,1874,E2F4
8,85177225,85217158,1875,E2F5
2,11444375,11466177,1876,E2F6
16,2223566,2235742,1877,E4F1
5,158695916,159099761,1879,EBF1
13,99294530,99307405,1880,GPR183
1,21217247,21345504,1889,ECE1
22,50525752,50530056,1890,TYMP
19,38815422,38832005,1891,ECH1
10,133362480,133373689,1892,ECHS1
1,150508062,150513789,1893,ECM1
3,172750682,172821474,1894,ECT2
1,101236888,101241518,1901,S1PR1
9,110873263,111038458,1902,LPAR1
9,88991447,89005010,1903,S1PR3
6,12290363,12297194,1906,EDN1
1,41478775,41484673,1907,EDN2
20,59300427,59325992,1908,EDN3
4,147480917,147544954,1909,EDNRA
13,77895481,77919768,1910,EDNRB
12,8913896,8941467,1911,PHC1
1,33323623,33431052,1912,PHC2
6,73515750,73523797,1915,EEF1A1
20,63488013,63499315,1917,EEF1A2
2,206159585,206162928,1933,EEF1B2
8,143579697,143599541,1936,EEF1D
11,62559601,62574086,1937,EEF1G
19,3976056,3985469,1938,EEF2
1,206571292,206612463,1939,EIF2D
1,155127460,155134857,1942,EFNA1
19,1286154,1300237,1943,EFNA2
1,155078872,155087538,1944,EFNA3
1,155063731,155069553,1945,EFNA4
5,107376889,107670895,1946,EFNA5
13,106489731,106535114,1948,EFNB2
17,7705202,7711378,1949,EFNB3
4,109912884,110012266,1950,EGF
3,48636469,48662915,1951,CELSR3
1,109250019,109275750,1952,CELSR2
1,3489920,3611495,1953,MEGF6
19,42325609,42378769,1954,MEGF8
9,120600813,120714470,1955,MEGF9
7,55019021,55211628,1956,EGFR
5,138465490,138469315,1958,EGR1
10,62811996,62919900,1959,EGR2
8,22687659,22693302,1960,EGR3
2,73290929,73293705,1961,EGR4
3,185190624,185281990,1962,EHHADH
14,67359997,67386516,1965,EIF2S1
12,123620406,123633766,1967,EIF2B1
1,16124337,16156087,1969,EPHA2
17,7572706,7579005,1973,EIF4A1
3,186783205,186789900,1974,EIF4A2
12,53006158,53042209,1975,EIF4B
4,98871684,98930637,1977,EIF4E
8,38030341,38060365,1978,EIF4EBP1
10,70404379,70428618,1979,EIF4EBP2
3,184314495,184335358,1981,EIF4G1
11,10797050,10809110,1982,EIF4G2
14,103333544,103345025,1983,EIF5
17,7306999,7312463,1984,EIF5A
12,51328443,51346679,1990,CELA1
19,851014,856247,1991,ELANE
6,2832332,2842006,1992,SERPINB1
9,23690104,23826337,1993,ELAVL2
19,7958579,8005659,1994,ELAVL1
19,11451326,11481046,1995,ELAVL3
1,50048014,50203786,1996,ELAVL4
13,40932028,41061440,1997,ELF1
4,139028112,139177218,1998,ELF2
1,202007945,202017188,1999,ELF3
11,34478793,34513805,2001,ELF5
12,96194382,96269835,2004,ELK3
1,205597556,205631962,2005,ELK4
7,74027789,74069907,2006,ELN
14,99737693,99942060,2009,EML1
11,63838928,63911019,2011,MARK2
12,13196716,13219939,2012,EMP1
16,10528422,10580698,2013,EMP2
19,48321509,48330553,2014,EMP3
19,6887566,6940459,2015,ADGRE1
2,72916260,72936071,2016,EMX1
11,70398404,70436584,2017,CTTN
10,117542444,117549546,2018,EMX2
2,118842171,118847678,2019,EN1
7,155458129,155464831,2020,EN2
9,128818474,128822677,2021,ENDOG
9,127815012,127854756,2022,ENG
1,8861002,8879249,2023,ENO1
12,6913745,6923698,2026,ENO2
17,4948092,4957131,2027,ENO3
4,110365733,110565285,2028,ENPEP
1,150600851,150629612,2029,ENSA
6,44219505,44234151,2030,SLC29A1
22,41091786,41180079,2033,EP300
2,46293667,46386703,2034,EPAS1
1,28887091,29120046,2035,EPB41
20,36091504,36232799,2036,EPB41L1
6,130839347,131063322,2037,EPB41L2
15,43106225,43221283,2038,EPB42
8,22048995,22082527,2039,DMTN
9,121338988,121370304,2040,STOM
7,143390289,143408892,2041,EPHA1
3,89107524,89482134,2042,EPHA3
2,221418027,221574202,2043,EPHA4
4,65319563,65670495,2044,EPHA5
6,93240020,93419547,2045,EPHA7
1,22563564,22603594,2046,EPHA8
3,134597801,135260467,2047,EPHB1
1,22710839,22921500,2048,EPHB2
3,184561784,184582409,2049,EPHB3
7,100802565,100827521,2050,EPHB4
7,142855061,142871094,2051,EPHB6
1,225810092,225845563,2052,EPHX1
8,27490779,27545564,2053,EPHX2
12,130789600,130839266,2054,STX2
8,1755778,1801711,2055,CLN8
7,100720800,100723700,2056,EPO
19,11377205,11384342,2057,EPOR
1,219968601,220046658,2058,EPRS
12,15620158,15882329,2059,EPS8
1,51354263,51519328,2060,EPS15
19,17231883,17245940,2063,NR2F6
17,39687914,39730426,2064,ERBB2
12,56079857,56103505,2065,ERBB3
2,211375717,212538841,2066,ERBB4
19,45407333,45478828,2067,ERCC1
19,45349837,45370918,2068,ERCC2
4,74365143,74388751,2069,EREG
6,133240598,133532120,2070,EYA4
2,127257290,127294176,2071,ERCC3
16,13920157,13952345,2072,ERCC4
13,102844844,102876001,2073,ERCC5
10,49455368,49539538,2074,ERCC6
19,42247572,42255157,2077,ERF
21,38380027,38661780,2078,ERG
14,69380123,69398627,2079,ERH
17,64039142,64130819,2081,ERN1
7,64990809,65006743,2086,ERV3-1
19,39834458,39846414,2091,FBL
13,46771256,46797232,2098,ESD
6,151656691,152129619,2099,ESR1
14,64084232,64338112,2100,ESR2
11,64305572,64316743,2101,ESRRA
14,76310614,76501841,2103,ESRRB
1,216503246,217137755,2104,ESRRG
5,138506095,138543300,2107,ETF1
15,76215355,76311472,2108,ETFA
19,51345169,51366418,2109,ETFB
4,158672125,158709623,2110,ETFDH
11,128458761,128587558,2113,ETS1
21,38805307,38824955,2114,ETS2
7,13891228,13991425,2115,ETV1
19,35641745,35644871,2116,ETV2
1,157121191,157138474,2117,ETV3
17,43527844,43579620,2118,ETV4
3,186046308,186110318,2119,ETV5
12,11649854,11895402,2120,ETV6
4,5711197,5814305,2121,EVC
3,169083499,169663618,2122,MECOM
17,31317560,31321884,2123,EVI2A
17,31303766,31314112,2124,EVI2B
17,76004502,76027452,2125,EVPL
7,27242700,27250493,2128,EVX1
22,29268009,29300525,2130,EWSR1
8,117794490,118111853,2131,EXT1
11,44095549,44245429,2132,EXT2
1,26019884,26036464,2134,EXTL1
1,100872372,100895998,2135,EXTL2
8,28600469,28755599,2137,EXTL3
8,71197433,71362232,2138,EYA1
20,46894624,47188844,2139,EYA2
1,27970344,28088696,2140,EYA3
17,42700275,42745049,2145,EZH1
7,148807383,148884321,2146,EZH2
11,46719180,46739506,2147,F2
5,76716043,76735781,2149,F2R
5,76818933,76835315,2150,F2RL1
5,76615482,76623434,2151,F2RL2
1,94529225,94541800,2152,F3
1,169514166,169586588,2153,F5
13,113105788,113120681,2155,F7
13,113122814,113149529,2159,F10
4,186265945,186288806,2160,F11
5,177402140,177409576,2161,F12
6,6144085,6321013,2162,F13A1
1,197039191,197067267,2165,F13B
1,46394265,46413848,2166,FAAH
8,81478419,81483263,2167,FABP4
2,88122982,88128116,2168,FABP1
4,119317250,119322390,2169,FABP2
1,31365625,31376850,2170,FABP3
8,81280363,81284777,2171,FABP5
5,160187367,160238735,2172,FABP6
6,122779475,122784074,2173,FABP7
16,89737549,89816657,2175,FANCA
9,95099054,95426796,2176,FANCC
3,10026414,10101930,2177,FANCD2
6,35452361,35467103,2178,FANCE
4,184755595,184826818,2180,ACSL1
2,222860934,222944639,2181,ACSL3
15,80152490,80186946,2184,FAH
8,27311482,27459391,2185,PTK2B
17,67825524,67984378,2186,BPTF
11,22622519,22626787,2188,FANCF
9,35073835,35080016,2189,FANCG
2,162170684,162245151,2191,FAP
22,45502238,45601135,2192,FBLN1
19,12922479,12934037,2193,FARSA
17,82078333,82098332,2194,FASN
4,186587783,186726722,2195,FAT1
5,151504093,151568944,2196,FAT2
11,65120628,65122473,2197,FAU
3,13549131,13638422,2199,FBLN2
15,48408306,48645849,2200,FBN1
5,128257909,128659185,2201,FBN2
2,55865967,55924139,2202,EFEMP1
9,94603133,94640249,2203,FBP1
19,54874248,54890472,2204,FCAR
1,159289714,159308224,2205,FCER1A
11,60088261,60098466,2206,MS4A2
1,161215234,161220699,2207,FCER1G
19,7688758,7702146,2208,FCER2
1,149782671,149792518,2209,FCGR1A
1,121087345,121096310,2210,FCGR1B
1,161505430,161524013,2212,FCGR2A
1,161663147,161678654,2213,FCGR2B
1,161541759,161550737,2214,FCGR3A
1,161623196,161631963,2215,FCGR3B
19,49506816,49526333,2217,FCGRT
9,105558130,105641118,2218,FKTN
9,134905890,134917963,2219,FCN1
9,134880812,134887520,2220,FCN2
8,11795573,11839309,2222,FDFT1
1,155308748,155320666,2224,FDPS
11,110429883,110464881,2230,FDX1
17,74862497,74873031,2232,FDXR
18,57548283,57586772,2235,FECH
11,61792637,61797244,2237,FEN1
5,108747822,109196841,2241,FER
15,90883695,90895776,2242,FES
4,154583126,154590766,2243,FGA
4,154562956,154571086,2244,FGB
5,142592178,142698070,2246,FGF1
4,122826708,122898236,2247,FGF2
11,69810224,69819024,2248,FGF3
11,69771016,69775403,2249,FGF4
4,80266599,80336680,2250,FGF5
12,4428155,4445614,2251,FGF6
15,49423096,49488775,2252,FGF7
10,101770130,101780369,2253,FGF8
13,21671383,21704498,2254,FGF9
5,44303544,44389706,2255,FGF10
17,7438273,7444937,2256,FGF11
3,192139395,192767764,2257,FGF12
13,101710804,102402457,2259,FGF14
8,38411138,38468834,2260,FGFR1
4,1793307,1808872,2261,FGFR3
13,91398607,92873682,2262,GPC5
10,121478334,121598458,2263,FGFR2
5,177086886,177098144,2264,FGFR4
4,154604134,154612967,2266,FGG
8,17864380,17910365,2267,FGL1
1,27612064,27635277,2268,FGR
1,241497603,241519761,2271,FH
3,59749310,61251459,2272,FHIT
2,105357712,105438513,2274,FHL2
1,37996770,38005606,2275,FHL3
20,1368978,1393172,2280,FKBP1A
2,24049701,24063681,2281,FKBP1B
11,64241003,64244132,2286,FKBP2
14,45115600,45135319,2287,FKBP3
12,2794953,2805423,2288,FKBP4
6,35573585,35728583,2289,FKBP5
14,28760330,28770277,2290,FOXG1
16,86510527,86515418,2294,FOXF1
6,1389834,1395597,2295,FOXF2
6,1609972,1613897,2296,FOXC1
5,73444827,73448527,2297,FOXD1
9,116231,118204,2298,FOXD4
5,170105897,170109725,2299,FOXI1
16,86576368,86582160,2300,FOXL1
1,47416072,47418052,2301,FOXE3
17,76136333,76141299,2302,FOXJ1
16,86567251,86569728,2303,FOXC2
9,97853254,97856715,2304,FOXE1
12,2857681,2877155,2305,FOXM1
1,47436017,47440691,2306,FOXD2
20,31844301,31845619,2307,FOXS1
13,40469953,40666597,2308,FOXO1
6,108559835,108684774,2309,FOXO3
1,152302175,152325203,2312,FLG
11,128686535,128813267,2313,FLI1
17,18244836,18258916,2314,FLII
9,5890802,5910606,2315,MLANA
3,58008400,58172251,2317,FLNB
7,128830377,128859274,2318,FLNC
17,28879335,28897679,2319,FLOT2
13,28300344,28495145,2321,FLT1
13,28003274,28100592,2322,FLT3
19,49474207,49486231,2323,FLT3LG
5,180601506,180649624,2324,FLT4
1,171248471,171285978,2326,FMO1
1,171185208,171211230,2327,FMO2
1,171090877,171117819,2328,FMO3
1,171314208,171342084,2329,FMO4
1,147175351,147243050,2330,FMO5
1,203340628,203351489,2331,FMOD
2,215360440,215436172,2335,FN1
8,43034194,43085788,2339,FNTA
14,64986720,65062652,2342,FNTB
11,49146635,49208670,2346,FOLH1
11,72189558,72196323,2348,FOLR1
11,72216601,72221950,2350,FOLR2
11,72114869,72139892,2352,FOLR3
14,75278774,75282230,2353,FOS
19,45467995,45475179,2354,FOSB
2,28392448,28417312,2355,FOSL2
9,127794597,127814327,2356,FPGS
19,51745172,51804110,2357,FPR1
19,51752026,51770526,2358,FPR2
19,51795163,51826189,2359,FPR3
9,69035259,69100178,2395,FXN
6,115931149,116060758,2444,FRK
1,11106535,11262507,2475,MTOR
4,189940788,189963204,2483,FRG1
2,182833275,182867162,2487,FRZB
11,30231016,30235261,2488,FSHB
2,48962157,49154537,2492,FSHR
1,200027602,200177424,2494,NR5A2
11,61959718,61967660,2495,FTH1
19,48965301,48966878,2512,FTL
8,39743735,39838289,2515,ADAM2
9,124481236,124507430,2516,NR5A1
1,23845077,23868294,2517,FUCA1
6,143494811,143511690,2519,FUCA2
17,41712326,41715969,2520,GAST
16,31180110,31194871,2521,FUS
19,48748011,48755390,2523,FUT1
19,48695971,48705950,2524,FUT2
19,5842888,5851474,2525,FUT3
11,94543840,94549898,2526,FUT4
19,5865826,5870540,2527,FUT5
19,5830610,5839731,2528,FUT6
9,137030174,137033010,2529,FUT7
14,65410592,65744121,2530,FUT8
18,63327726,63367510,2531,KDSR
1,159203307,159206500,2532,ACKR1
5,39105236,39274528,2533,FYB
6,111660332,111873452,2534,FYN
17,44557459,44559570,2535,FZD2
1,27666061,27672218,2537,IFI6
17,42900797,42913369,2538,G6PC
11,119024114,119030906,2542,SLC37A4
22,41621119,41664048,2547,XRCC6
17,80101556,80119879,2548,GAA
4,143336762,143474568,2549,GAB1
6,29555629,29633976,2550,GABBR1
21,25734570,25772460,2551,GABPA
15,50275392,50355408,2553,GABPB1
5,161847063,161899981,2554,GABRA1
4,46248427,46475230,2555,GABRA2
4,46918900,46994407,2557,GABRA4
15,26866363,26949207,2558,GABRA5
4,46993723,47426444,2560,GABRB1
5,161288429,161549044,2561,GABRB2
15,26543546,26939539,2562,GABRB3
1,2019298,2030758,2563,GABRD
4,46035769,46124081,2565,GABRG1
5,162000057,162162977,2566,GABRG2
15,26971282,27541991,2567,GABRG3
5,170763350,170814047,2568,GABRP
6,89177501,89231278,2569,GABRR1
6,89257208,89315299,2570,GABRR2
2,170813213,170861151,2571,GAD1
10,26216307,26304558,2572,GAD2
4,849276,932373,2580,GAK
14,87837820,87993665,2581,GALC
1,23795599,23800804,2582,GALE
12,57623410,57633355,2583,B4GALNT1
17,75751594,75765711,2584,GALK1
15,49155656,49367869,2585,GALK2
18,77250549,77277896,2587,GALR1
16,88813734,88856970,2588,GALNS
18,35581117,35711834,2589,GALNT1
1,230057990,230282124,2590,GALNT2
2,165747591,165794682,2591,GALNT3
9,34638133,34651035,2592,GALT
19,1397026,1401570,2593,GAMT
15,42273233,42356935,2595,GANC
3,115623324,115721490,2596,GAP43
12,6533927,6538374,2597,GAPDH
11,76657524,76670747,2615,LRRC32
7,30594681,30634033,2617,GARS
21,33503931,33543491,2618,GART
9,86944363,86947189,2619,GAS1
11,22625642,22813055,2620,GAS2
13,113820549,113864067,2621,GAS6
16,90019629,90044975,2622,GAS8
3,128479427,128493185,2624,GATA2
10,8053604,8075198,2625,GATA3
8,11676959,11760002,2626,GATA4
18,22169443,22202528,2627,GATA6
15,45361124,45402327,2628,GATM
1,155234452,155244699,2629,GBA
1,155213821,155227422,2630,GBAP1
7,55951793,56000181,2631,NIPSNAP2
3,81489699,81762161,2632,GBE1
1,89052319,89065360,2633,GBP1
1,89106132,89150456,2634,GBP2
1,89006666,89022894,2635,GBP3
7,151148589,151174745,2636,GBX1
2,236165236,236168369,2637,GBX2
4,71741693,71804041,2638,GC
19,12891026,12914207,2639,GCDH
2,162142873,162152404,2641,GCG
17,81804132,81814013,2642,GCGR
14,54842008,54902852,2643,GCH1
15,40764020,40767710,2644,GCHFR
7,44144271,44198170,2645,GCK
2,27496842,27523684,2646,GCKR
12,55716037,55720087,2647,BLOC1S1
17,42113108,42121358,2648,KAT2A
9,124517275,124771310,2649,NR6A1
9,76419850,76507416,2650,GCNT1
6,10492223,10629368,2651,GCNT2
16,81081938,81096425,2653,GCSH
19,18868545,18896727,2657,CERS1
10,47322490,47326270,2658,GDF2
2,190055697,190062729,2660,MSTN
5,132861181,132866884,2661,GDF9
10,47300386,47313547,2662,GDF10
10,5765223,5842132,2665,GDI2
5,37812677,37839686,2668,GDNF
8,94249253,94262350,2669,GEM
17,44903161,44916937,2670,GFAP
16,1984207,1987749,2671,GFER
1,92474762,92486876,2672,GFI1
2,69319769,69387254,2673,GFPT1
10,116056925,116273467,2674,GFRA1
8,21690403,21812357,2675,GFRA2
5,138252379,138274671,2676,GFRA3
2,85544723,85561547,2677,GGCX
22,24583750,24629005,2678,GGT1
9,121444991,121500027,2681,GGTA1P
9,33104082,33167356,2683,B4GALT1
20,34844720,34872860,2686,GGT7
22,24219654,24245142,2687,GGT5
17,63917200,63918838,2688,GH1
17,63880215,63881935,2689,GH2
5,42423777,42721878,2690,GHR
20,37251082,37261835,2691,GHRH
7,30938669,30993254,2692,GHRHR
3,172445133,172448456,2693,GHSR
11,59829268,59845501,2694,GIF
17,48958554,48968596,2695,GIP
19,45668244,45683724,2696,GIPR
6,121435692,121449727,2697,GJA1
13,20138255,20161049,2700,GJA3
1,34792998,34795747,2701,GJA4
1,147756199,147773362,2702,GJA5
1,147907956,147909257,2703,GJA8
13,20187470,20192898,2706,GJB2
1,34781189,34786369,2707,GJB3
1,34755047,34758512,2709,GJB5
4,79406352,79408293,2712,GK2
3,32996608,33097230,2720,GLB1
6,53497341,53616970,2729,GCLC
1,93885205,93909456,2730,GCLM
9,6532464,6645783,2731,GLDC
9,128504700,128542288,2733,GLE1
16,74447427,74607144,2734,GLG1
12,57460135,57472262,2735,GLI1
2,120735623,120992653,2736,GLI2
7,41960950,42237870,2737,GLI3
8,143267433,143276931,2738,GLI4
6,38675925,38703141,2739,GLO1
6,39048798,39087743,2740,GLP1R
5,151822513,151924842,2741,GLRA1
4,157076057,157172090,2743,GLRB
2,190880827,190965552,2744,GLS
5,95751319,95823005,2745,GLRX
10,87050486,87094866,2746,GLUD1
10,73730562,73737311,2749,GLUD1P3
1,182381704,182392206,2752,GLUL
5,151212150,151270440,2760,GM2A
6,1623806,2245692,2762,GMDS
14,54474484,54489196,2764,GMFB
8,142834247,142916506,2765,GML
6,16238580,16295549,2766,GMPR
19,3094410,3124004,2767,GNA11
7,2728112,2844324,2768,GNA12
19,3136193,3163769,2769,GNA15
7,80133955,80219402,2770,GNAI1
3,50226292,50259355,2771,GNAI2
1,109548611,109618321,2773,GNAI3
18,11688956,11885685,2774,GNAL
16,56191347,56357457,2775,GNAO1
9,77716087,78031458,2776,GNAQ
20,58839718,58911192,2778,GNAS
3,50191612,50196516,2779,GNAT1
1,109603267,109619929,2780,GNAT2
22,23070361,23125037,2781,GNAZ
1,1785285,1891117,2782,GNB1
7,100673531,100679174,2783,GNB2
12,6839954,6847393,2784,GNB3
11,62707658,62709201,2785,GNG3
1,235547687,235650754,2786,GNG4
1,84498325,84506565,2787,GNG5
19,2511219,2702709,2788,GNG7
9,111661335,111670246,2790,GNG10
7,93921699,93928610,2791,GNG11
7,93591573,93911265,2792,GNGT1
17,49202791,49210574,2793,GNGT2
6,30541377,30557174,2794,GNL1
8,25419260,25424654,2796,GNRH1
20,3043622,3045747,2797,GNRH2
4,67739328,67754360,2798,GNRHR
12,64713445,64759447,2799,GNS
9,124878357,124948492,2800,GOLGA1
9,128255829,128275995,2801,GOLGA2
12,132768909,132828858,2802,GOLGA3
3,37243177,37366751,2803,GOLGA4
3,121663199,121749767,2804,GOLGB1
10,99396870,99430624,2805,GOT1
16,58707131,58734357,2806,GOT2
1,26863138,26864457,2810,SFN
17,4932297,4935030,2811,GP1BA
22,19722945,19724771,2812,GP1BB
16,20309572,20327808,2813,GP2
3,194394821,194398354,2814,GP5
3,129060767,129062406,2815,GP9
2,240435671,240468078,2817,GPC1
12,50103819,50111319,2819,GPD1
2,156435290,156613735,2820,GPD2
19,34359480,34402156,2821,GPI
6,24424565,24495205,2822,GPLD1
4,175632934,176002664,2823,GPM6A
2,206175316,206218047,2825,GPR1
17,42678889,42683917,2826,CCR10
1,27392644,27395814,2827,GPR3
19,45589764,45602208,2828,GPR4
3,46017024,46027742,2829,XCR1
6,109978256,109980718,2830,GPR6
8,52938431,52941117,2831,NPBWR1
20,64105820,64107171,2832,NPBWR2
10,118589989,118595699,2834,PRLHR
13,26755200,26760785,2835,GPR12
17,82374230,82375586,2837,UTS2R
3,98531899,98533150,2838,GPR15
2,127645864,127652639,2840,GPR17
13,99254714,99261744,2841,GPR18
12,12660891,12696207,2842,GPR19
8,141356500,141367267,2843,GPR20
9,122940833,123104866,2844,RABGAP1
7,107470018,107475659,2845,GPR22
22,40678750,40682814,2847,MCHR1
1,200872955,200874178,2848,GPR25
10,123666355,123694607,2849,GPR26
3,71754050,71756496,2850,GPR27
7,1082208,1093815,2852,GPER1
6,167156271,167158329,2853,GPR31
19,50770464,50771732,2854,GPR32
14,31482875,31488142,2856,GPR33
2,240605431,240631259,2859,GPR35
7,124745997,124765627,2861,GPR37
13,49220338,49222377,2862,MLNR
2,132416574,132646559,2863,GPR39
19,35351552,35353862,2864,FFAR1
19,35358460,35360485,2865,FFAR3
19,35370929,35372962,2866,GPR42
19,35443907,35451767,2867,FFAR2
4,2963608,3040747,2868,GRK4
10,119207589,119459742,2869,GRK5
5,177403204,177442901,2870,GRK6
19,2037465,2051244,2872,MKNK2
17,82050691,82057470,2873,GPS1
17,7311324,7315564,2874,GPS2
8,144502973,144507174,2875,GPT
3,49357176,49358600,2876,GPX1
14,64939152,64942905,2877,GPX2
5,151020438,151028993,2878,GPX3
19,1103926,1106791,2879,GPX4
6,28525925,28534952,2880,GPX5
1,52602372,52609051,2882,GPX7
17,75318076,75405709,2885,GRB2
17,39737927,39747291,2886,GRB7
7,50590063,50793462,2887,GRB10
2,164492812,164621848,2888,GRB14
9,131576770,131740074,2889,RAPGEF1
5,153489615,153813869,2890,GRIA1
4,157204182,157366075,2891,GRIA2
11,105609994,105982092,2893,GRIA4
10,85599555,86366493,2894,GRID1
4,92303622,93810157,2895,GRID2
17,44345086,44353102,2896,GRN
21,29536933,29940033,2897,GRIK1
6,101398788,102070083,2898,GRIK2
1,36795527,37034129,2899,GRIK3
11,120511700,120988904,2900,GRIK4
19,41998321,42069498,2901,GRIK5
9,137138390,137168762,2902,GRIN1
16,9753404,10182754,2903,GRIN2A
12,13437942,13981957,2904,GRIN2B
17,74842023,74861504,2905,GRIN2C
19,48394875,48444931,2906,GRIN2D
8,143990058,143993415,2907,GRINA
5,143277931,143435512,2908,NR3C1
19,46918676,47005077,2909,ARHGAP35
6,146027646,146437598,2911,GRM1
3,51707070,51718613,2912,GRM2
7,86643914,86864884,2913,GRM3
6,34018645,34155622,2914,GRM4
11,88504576,89065945,2915,GRM5
5,178978327,178996206,2916,GRM6
3,6770001,7741533,2917,GRM7
7,126438598,127253294,2918,GRM8
4,73869393,73871242,2919,CXCL1
4,74097035,74099293,2920,CXCL2
4,74036589,74038807,2921,CXCL3
18,59220168,59230774,2922,GRP
15,43746392,43773279,2923,PDIA3
4,70815782,70839945,2926,GRSF1
22,19148576,19150283,2928,GSC2
19,42230186,42242625,2931,GSK3A
3,119821323,120094417,2932,GSK3B
9,121207794,121332843,2934,GSN
16,11868128,11916082,2935,GSPT1
8,30678061,30727926,2936,GSR
20,34928430,34955817,2937,GSS
6,52791664,52803910,2938,GSTA1
6,52750089,52763569,2939,GSTA2
6,52896639,52909685,2940,GSTA3
6,52977948,52995378,2941,GSTA4
1,109687814,109709039,2944,GSTM1
1,109668022,109709551,2946,GSTM2
1,109733932,109741038,2947,GSTM3
1,109656081,109674836,2948,GSTM4
1,109712255,109775428,2949,GSTM5
11,67583595,67586660,2950,GSTP1
22,23980058,23983915,2953,GSTT2
14,77320884,77331597,2954,GSTZ1
2,47695530,47810101,2956,MSH6
14,81175452,81221377,2957,GTF2A1
15,59638062,59657541,2958,GTF2A2
1,88852932,88891944,2959,GTF2B
3,120742637,120783069,2960,GTF2E1
8,30578318,30658251,2961,GTF2E2
19,6379569,6393981,2962,GTF2F1
13,45120515,45284909,2963,GTF2F2
11,18322295,18367044,2965,GTF2H1
5,71032670,71067689,2966,GTF2H2
12,123633739,123662606,2967,GTF2H3
6,30908184,30914106,2968,GTF2H4
7,74657667,74760692,2969,GTF2I
7,75185385,75237696,2970,GTF2IP1
13,27424544,27435823,2971,GTF3A
14,105209286,105315589,2972,BRF1
13,50994511,51080862,2974,GUCY1B2
16,27459555,27549913,2975,GTF3C1
2,27325849,27357034,2976,GTF3C2
11,106674012,107018524,2977,GUCY1A2
6,42155406,42180056,2978,GUCA1A
6,42184401,42194916,2979,GUCA1B
1,42162691,42164718,2980,GUCA2A
1,42153421,42155824,2981,GUCA2B
4,155666711,155732349,2982,GUCY1A3
4,155758992,155807591,2983,GUCY1B3
12,14612632,14696585,2984,GUCY2C
1,228139962,228148984,2987,GUK1
7,65960684,65982314,2990,GUSB
3,148991341,149027668,2992,GYG1
4,144109303,144140751,2993,GYPA
4,143996104,144019345,2994,GYPB
2,126655933,126696675,2995,GYPC
4,143870867,143905563,2996,GYPE
19,48968125,48993310,2997,GYS1
12,21536189,21604847,2998,GYS2
14,24606480,24609699,2999,GZMH
17,8002594,8020339,3000,GUCY2D
5,55102648,55110252,3001,GZMA
14,24630954,24634267,3002,GZMB
5,55024253,55034570,3003,GZMK
19,544034,549924,3004,GZMM
22,37805093,37807436,3005,H1F0
6,26055787,26056428,3006,HIST1H1C
6,26234268,26234933,3007,HIST1H1D
6,26156354,26157107,3008,HIST1H1E
6,27866849,27867529,3009,HIST1H1B
6,26107419,26108136,3010,HIST1H1T
6,26216975,26217483,3012,HIST1H2AE
6,26198851,26199243,3013,HIST1H2AD
11,119093854,119095467,3014,H2AFX
4,99948086,99950388,3015,H2AFZ
6,26158146,26171349,3017,HIST1H2BD
6,26043277,26043657,3018,HIST1H2BB
1,226061851,226072001,3020,H3F3A
17,75776434,75785893,3021,H3F3B
6,26017085,26017732,3024,HIST1H1A
10,113550837,113589602,3026,HABP2
16,1795620,1827194,3029,HAGH
2,26190635,26244726,3030,HADHA
2,26243170,26290468,3032,HADHB
4,107989714,108035175,3033,HADH
12,95972662,95996365,3034,HAL
5,140673173,140692024,3035,HARS
19,51713112,51723994,3036,HAS1
8,121612116,121641390,3037,HAS2
16,69105564,69118719,3038,HAS3
16,176680,177522,3039,HBA1
16,172847,173710,3040,HBA2
16,153892,166768,3042,HBM
11,5225464,5229395,3043,HBB
11,5232678,5235370,3045,HBD
11,5268345,5505617,3046,HBE1
11,5248083,5249892,3047,HBG1
11,5253190,5645789,3048,HBG2
16,180453,181181,3049,HBQ1
16,152687,154503,3050,HBZ
22,20773879,20787720,3053,SERPIND1
20,32052188,32101856,3055,HCK
3,121631399,121660927,3059,HCLS1
17,42184060,42185452,3060,HCRT
1,31617686,31632518,3061,HCRTR1
6,55106460,55282620,3062,HCRTR2
4,3074681,3243959,3064,HTT
1,32292086,32333635,3065,HDAC1
6,113933028,114011308,3066,HDAC2
15,50241947,50266026,3067,HDC
1,156742107,156766925,3068,HDGF
2,241227264,241317061,3069,HDLBP
10,94501434,94613905,3070,HELLS
12,54497711,54548238,3071,NCKAP1L
15,72340919,72376476,3073,HEXA
5,74640023,74722647,3074,HEXB
1,196651878,196747504,3075,CFH
6,26087281,26098343,3077,HFE
1,196819757,196832189,3078,CFHR1
1,196943772,196959226,3080,CFHR2
3,120628173,120682571,3081,HGD
7,81699006,81770438,3082,HGF
4,3441887,3449495,3083,HGFAC
8,31639386,32767959,3084,NRG1
10,92689951,92695646,3087,HHEX
17,2054154,2063241,3090,HIC1
14,61695513,61748259,3091,HIF1A
7,75533300,75738962,3092,HIP1
4,39698044,39782792,3093,UBE2K
5,131159027,131171735,3094,HINT1
6,12008762,12164999,3096,HIVEP1
6,142751467,142956698,3097,HIVEP2
10,69269984,69401882,3098,HK1
2,74833981,74893359,3099,HK2
5,176880869,176899332,3101,HK3
1,6580001,6589280,3104,ZBTB48
6,29941260,29945884,3105,HLA-A
6,31269491,31357188,3106,HLA-B
6,31268749,31272130,3107,HLA-C
6,32948613,32969094,3108,HLA-DMA
6,32934629,32941070,3109,HLA-DMB
7,156994051,157010651,3110,MNX1
6,33004178,33009612,3111,HLA-DOA
6,32812763,32817048,3112,HLA-DOB
6,33064569,33080775,3113,HLA-DPA1
6,33075926,33087201,3115,HLA-DPB1
6,33112451,33129084,3116,HLA-DPB2
6,32741342,32747215,3117,HLA-DQA2
6,32741342,32747215,3118,HLA-DQA2
6,32659467,32668383,3119,HLA-DQB1
6,32756098,32763534,3120,HLA-DQB2
6,32439842,32445046,3122,HLA-DRA
6,32578769,32589848,3123,HLA-DRB1
6,32517343,32530287,3127,HLA-DRB5
6,32552713,32560022,3128,HLA-DRB6
17,55265012,55325065,3131,HLF
6,30489467,30494205,3133,HLA-E
6,29722775,29738528,3134,HLA-F
6,29826967,29831125,3135,HLA-G
6,30259584,30293014,3139,HLA-L
1,181033425,181061938,3140,MR1
21,36750888,36990236,3141,HLCS
1,220879400,220885059,3142,HLX
11,119084866,119093549,3145,HMBS
13,30456704,30617597,3146,HMGB1
4,173331695,173335125,3148,HMGB2
21,39342315,39349647,3150,HMGN1
1,26472450,26475972,3151,HMGN2
1,23801885,23838620,3155,HMGCL
5,75336329,75362104,3156,HMGCR
5,43289395,43313512,3157,HMGCS1
1,119747996,119768905,3158,HMGCS2
6,34236873,34246231,3159,HMGA1
5,163460203,163491945,3161,HMMR
22,35380361,35394214,3162,HMOX1
16,4474690,4510347,3163,HMOX2
12,52022832,52059507,3164,NR4A1
4,8846076,8871817,3166,HMX1
10,123148122,123150672,3167,HMX2
14,37589984,37596059,3169,FOXA1
20,22581005,22585455,3170,FOXA2
19,45863989,45873797,3171,FOXA3
20,44355700,44434596,3172,HNF4A
8,75407914,75566843,3174,HNF4G
15,52756989,52791078,3175,ONECUT1
2,137964020,138016364,3176,HNMT
11,66362521,66372214,3177,SLC29A2
12,54280193,54287088,3178,HNRNPA1
7,26189927,26201529,3181,HNRNPA2B1
5,178204507,178211163,3182,HNRNPAB
14,21209136,21269494,3183,HNRNPC
4,82352498,82374503,3184,HNRNPD
10,43385617,43409166,3185,HNRNPF
5,179614178,179634784,3187,HNRNPH1
10,68331174,68343191,3189,HNRNPH3
9,83968083,83980616,3190,HNRNPK
19,38836388,38852347,3191,HNRNPL
1,244840638,244864560,3192,HNRNPU
10,101130505,101137789,3195,TLX1
2,74513463,74517147,3196,TLX2
7,27092993,27095996,3198,HOXA1
7,27100354,27102811,3199,HOXA2
7,27106184,27152581,3200,HOXA3
7,27128507,27130799,3201,HOXA4
7,27141052,27143668,3202,HOXA5
7,27145396,27150603,3203,HOXA6
7,27153716,27157936,3204,HOXA7
7,27162435,27175180,3205,HOXA9
7,27170591,27180261,3206,HOXA10
7,27181510,27185223,3207,HOXA11
1,32885994,32898441,3208,HPCA
7,27193503,27200106,3209,HOXA13
17,48540894,48544989,3212,HOXB2
17,48548870,48604912,3213,HOXB3
17,48575513,48580111,3214,HOXB4
17,48591257,48593961,3215,HOXB5
17,48595751,48604992,3216,HOXB6
17,48607227,48633572,3217,HOXB7
17,48611377,48614939,3218,HOXB8
17,48621159,48626356,3219,HOXB9
12,54016931,54056030,3221,HOXC4
12,54032853,54035358,3222,HOXC5
12,53990624,54030823,3223,HOXC6
12,54009106,54012362,3224,HOXC8
12,53994895,54003337,3225,HOXC9
12,53985065,53990279,3226,HOXC10
12,53954834,53958956,3228,HOXC12
12,53938765,53946544,3229,HOXC13
2,176188579,176190907,3231,HOXD1
2,176136612,176173102,3232,HOXD3
2,176151222,176153226,3233,HOXD4
2,176129694,176132695,3234,HOXD8
2,176122720,176124937,3235,HOXD9
2,176108790,176119942,3236,HOXD10
2,176104216,176109754,3237,HOXD11
2,176099730,176101193,3238,HOXD12
2,176092891,176095938,3239,HOXD13
16,72054592,72061055,3240,HP
2,10302889,10427617,3241,HPCAL1
12,121839527,121863596,3242,HPD
4,174490177,174523154,3248,HPGD
19,35040506,35066571,3249,HPN
16,72063224,72077246,3250,HPR
10,98416198,98446947,3257,HPS1
7,54201224,54202421,3262,HPVC1
11,6431049,6442617,3263,HPX
11,532242,537287,3265,HRAS
2,227472152,227561214,3267,AGFG1
7,100539211,100568219,3268,AGFG2
3,11137093,11263557,3269,HRH1
19,49151198,49155424,3270,HRC
3,186660216,186678240,3273,HRG
5,175658030,175710756,3274,HRH2
21,46635167,46665124,3275,PRMT2
19,49675786,49689029,3276,PRMT1
3,194136145,194138732,3280,HES1
16,83807843,83819737,3281,HSBP1
1,119507198,119515054,3283,HSD3B1
1,119414931,119423035,3284,HSD3B2
1,209686178,209734950,3290,HSD11B1
16,67430652,67437553,3291,HSD11B2
17,42549214,42555213,3292,HSD17B1
9,96235306,96302152,3293,HSD17B3
16,82035004,82098534,3294,HSD17B2
5,119452443,119637199,3295,HSD17B4
8,144291591,144314722,3297,HSF1
6,122399546,122433119,3298,HSF2
16,67164681,67169945,3299,HSF4
2,219279267,219286900,3300,DNAJB2
9,33025211,33039907,3301,DNAJA1
6,31815464,31817946,3303,HSPA1A
6,31827735,31830255,3304,HSPA1B
6,31809619,31815065,3305,HSPA1L
14,64535905,64546173,3306,HSPA2
5,133051962,133106449,3308,HSPA4
9,125234853,125241330,3309,HSPA5
1,161524540,161526910,3310,HSPA6
11,123057489,123063230,3312,HSPA8
5,138554882,138575444,3313,HSPA9
7,76302544,76304295,3315,HSPB1
11,111912242,111914093,3316,HSPB2
14,102080738,102139699,3320,HSP90AA1
1,116574399,116667755,3321,IGSF3
6,44246166,44253888,3326,HSP90AB1
2,197486581,197516737,3329,HSPD1
2,197499994,197503457,3336,HSPE1
19,14514770,14529770,3337,DNAJB1
11,64230278,64234286,3338,DNAJC4
1,21822245,21937297,3339,HSPG2
5,150485818,150558211,3340,NDST1
2,48314637,48379294,3344,FOXN2
4,70050402,70058845,3346,HTN1
4,70028413,70036538,3347,HTN3
5,63960356,63962507,3350,HTR1A
6,77461753,77463773,3351,HTR1B
1,23191895,23194729,3352,HTR1D
6,86937306,87016683,3354,HTR1E
3,87990696,87993835,3355,HTR1F
13,46831550,46897076,3356,HTR2A
2,231108230,231125118,3357,HTR2B
11,113974881,113990313,3359,HTR3A
5,148451032,148677235,3360,HTR4
7,155070324,155085749,3361,HTR5A
1,19665287,19679562,3362,HTR6
10,90740823,90857698,3363,HTR7
7,47695730,47979581,3364,HUS1
9,115019578,115118257,3371,TNC
3,50299889,50312381,3373,HYAL1
12,21354959,21379978,3375,IAPP
9,92210207,92293756,3376,IARS
4,87799581,87812435,3381,IBSP
7,8113184,8262687,3382,ICA1
19,10270835,10286615,3383,ICAM1
17,64002594,64020634,3384,ICAM2
19,10333776,10339823,3385,ICAM3
19,10286967,10288522,3386,ICAM4
16,85898803,85922609,3394,IRF8
17,75012670,75021261,3396,MRPL58
20,31605283,31606515,3397,ID1
2,8678845,8684453,3398,ID2
1,23557918,23559794,3399,ID3
6,19837386,19840684,3400,ID4
10,92451684,92574076,3416,IDE
2,208236227,208266074,3417,IDH1
15,90083045,90102504,3418,IDH2
15,78131498,78171949,3419,IDH3A
20,2658395,2664219,3420,IDH3B
10,1039908,1049170,3422,IDI1
4,986997,1004506,3425,IDUA
4,109740694,109802179,3426,CFI
1,158999968,159055155,3428,IFI16
14,94104836,94116698,3429,IFI27
17,43006725,43014456,3430,IFI35
2,230167293,230225729,3431,SP110
10,89283694,89309276,3433,IFIT2
10,89392546,89406486,3434,IFIT1
10,89327894,89340971,3437,IFIT3
9,21440454,21441316,3439,IFNA1
9,21384254,21385388,3440,IFNA2
9,21186694,21187671,3441,IFNA4
9,21304326,21305312,3442,IFNA5
9,21349835,21351378,3443,IFNA6
9,21201469,21202205,3444,IFNA7
9,21409147,21410185,3445,IFNA8
9,21206181,21207143,3446,IFNA10
9,21367424,21368962,3447,IFNA13
9,21239002,21239991,3448,IFNA14
9,21216373,21217311,3449,IFNA16
9,21227243,21228222,3451,IFNA17
9,21165637,21166660,3452,IFNA21
21,33324477,33359862,3454,IFNAR1
21,33229901,33265675,3455,IFNAR2
9,21077105,21077963,3456,IFNB1
12,68154768,68159747,3458,IFNG
6,137197484,137219449,3459,IFNGR1
21,33402896,33479348,3460,IFNGR2
9,21140214,21142145,3467,IFNW1
7,112422968,112481017,3475,IFRD1
12,102395867,102480645,3479,IGF1
15,98648971,98964530,3480,IGF1R
11,2129112,2141238,3481,IGF2
6,159969099,160113507,3482,IGF2R
16,1790413,1794971,3483,IGFALS
7,45888357,45893668,3484,IGFBP1
2,216632828,216664436,3485,IGFBP2
7,45912245,45921874,3486,IGFBP3
17,40443461,40457731,3487,IGFBP4
2,216672105,216695525,3488,IGFBP5
12,53097436,53102345,3489,IGFBP6
4,57030773,57110385,3490,IGFBP7
1,85580761,85583962,3491,CYR61
11,68903842,68940602,3508,IGHMBP2
4,70655541,70681817,3512,JCHAIN
4,26163455,26435131,3516,RBPJ
22,23573125,23580308,3543,IGLL1
2,219054420,219060467,3549,IHH
5,140647058,140662479,3550,IK
8,42271302,42332653,3551,IKBKB
2,112773915,112784590,3552,IL1A
2,112829751,112836903,3553,IL1B
2,102064544,102179874,3554,IL1R1
3,190514051,190659750,3556,IL1RAP
2,113107214,113134016,3557,IL1RN
4,122451470,122456725,3558,IL2
10,6010689,6062325,3559,IL2RA
22,37125838,37175054,3560,IL2RB
5,132060529,132063204,3562,IL3
5,132673986,132682676,3565,IL4
16,27313668,27364778,3566,IL4R
5,132541444,132556838,3567,IL5
3,3066326,3126613,3568,IL5RA
7,22725884,22732002,3569,IL6
1,154405193,154469450,3570,IL6R
5,55935095,55994993,3572,IL6ST
8,78675743,78805523,3574,IL7
5,35852695,35879603,3575,IL7R
4,73740506,73743716,3576,CXCL8
2,218162845,218166995,3577,CXCR1
5,135892246,135895827,3578,IL9
2,218125289,218137253,3579,CXCR2
1,206767602,206772494,3586,IL10
11,117986348,118003037,3587,IL10RA
21,33266358,33310187,3588,IL10RB
19,55364389,55370463,3589,IL11
9,34650702,34661892,3590,IL11RA
3,159988750,159996019,3592,IL12A
5,159314783,159330887,3593,IL12B
19,18058995,18098944,3594,IL12RB1
1,67307364,67396900,3595,IL12RB2
5,132656263,132661110,3596,IL13
4,141636599,141733987,3600,IL15
10,5943639,5978187,3601,IL15RA
15,81159575,81314058,3603,IL16
1,7915894,7943165,3604,TNFRSF9
6,52186387,52190638,3605,IL17A
11,112143251,112164117,3606,IL18
17,82519713,82644662,3607,FOXK2
1,153661788,153671048,3608,ILF2
19,10654261,10692417,3609,ILF3
11,6603708,6610874,3611,ILK
8,81657961,81686693,3612,IMPA1
18,11981025,12030883,3613,IMPA2
7,128392277,128410252,3614,IMPDH1
3,49024325,49029408,3615,IMPDH2
6,75921115,76072678,3617,IMPG1
11,62123973,62153163,3619,INCENP
8,39902275,39928444,3620,IDO1
13,110712736,110723339,3621,ING1
4,183504994,183511096,3622,ING2
2,219569162,219575713,3623,INHA
7,41667168,41705834,3624,INHBA
2,120346143,120351808,3625,INHBB
12,57434760,57450828,3626,INHBC
4,76021117,76023497,3627,CXCL10
2,190343470,190371665,3628,INPP1
11,2159779,2161341,3630,INS
2,98444854,98594390,3631,INPP4A
10,132537820,132783480,3632,INPP5A
1,37860697,37947057,3633,INPP5B
2,233059967,233207903,3635,INPP5D
11,72223701,72239105,3636,INPPL1
7,155297776,155310235,3638,INSIG1
19,17816512,17821574,3640,INSL3
9,5231419,5235304,3641,INSL4
20,20368121,20370949,3642,INSM1
19,7112255,7294034,3643,INSR
1,156840063,156859018,3645,INSRR
8,108201216,108435333,3646,EIF3E
13,27920020,27926231,3651,PDX1
1,45694324,45750650,3652,IPP
2,172427354,172506282,3655,ITGA6
3,10164865,10243743,3656,IRAK2
15,78437431,78501456,3658,IREB2
5,132481609,132490798,3659,IRF1
4,184387713,184474580,3660,IRF2
19,49659569,49665875,3661,IRF3
6,391739,411447,3662,IRF4
7,128937612,128950035,3663,IRF5
1,209785623,209806175,3664,IRF6
11,612553,615999,3665,IRF7
2,226731317,226799759,3667,IRS1
15,88636153,88656483,3669,ISG20
5,51383391,51394738,3670,ISL1
15,74173671,74176872,3671,ISLR
5,52787896,52959210,3672,ITGA1
5,52989326,53094779,3673,ITGA2
17,44372180,44389505,3674,ITGA2B
17,50055968,50090481,3675,ITGA3
2,181457202,181536187,3676,ITGA4
12,54395261,54419460,3678,ITGA5
12,55684568,55716043,3679,ITGA7
3,37452115,37823514,3680,ITGA9
16,31393312,31426505,3681,ITGAD
17,3714628,3801243,3682,ITGAE
16,30472658,30523185,3683,ITGAL
16,31259990,31332892,3684,ITGAM
2,186590065,186680901,3685,ITGAV
16,31355134,31382997,3687,ITGAX
10,32900319,33005792,3688,ITGB1
21,44885953,44931989,3689,ITGB2
17,47253846,47311816,3690,ITGB3
17,75721328,75757818,3691,ITGB4
20,35278907,35284985,3692,EIF6
3,124761948,124901418,3693,ITGB5
2,160099666,160271888,3694,ITGB6
12,53191318,53207307,3695,ITGB7
7,20330702,20415754,3696,ITGB8
3,52777592,52792068,3697,ITIH1
10,7703269,7749520,3698,ITIH2
3,52794768,52809009,3699,ITIH3
3,52812975,52831479,3700,ITIH4
5,157142933,157255191,3702,ITK
11,125591712,125625215,3703,STT3A
20,3208868,3223870,3704,ITPA
14,92936914,93116320,3705,ITPK1
15,41493393,41503551,3706,ITPKA
1,226631690,226739323,3707,ITPKB
3,4493348,4847840,3708,ITPR1
12,26336515,26833198,3709,ITPR2
6,33620365,33696574,3710,ITPR3
15,40405795,40435947,3712,IVD
1,152908545,152911886,3713,IVL
14,105140981,105168824,3714,JAG2
1,64833229,64966504,3716,JAK1
9,4984390,5128183,3717,JAK2
19,17824780,17848071,3718,JAK3
6,15246296,15522040,3720,JARID2
1,58780788,58784327,3725,JUN
19,12791496,12793315,3726,JUNB
19,18279760,18281622,3727,JUND
17,41754604,41786931,3728,JUP
11,44564427,44620363,3732,CD82
16,75627474,75648643,3735,KARS
12,4909893,4918256,3736,KCNA1
1,110519837,110631474,3737,KCNA2
1,110672465,110675033,3738,KCNA3
11,30009741,30017023,3739,KCNA4
12,5043989,5046788,3741,KCNA5
12,4720341,4851927,3742,GALNT8
19,49067418,49072941,3743,KCNA7
1,110517217,110519175,3744,KCNA10
20,49293394,49484297,3745,KCNB1
11,17734774,17856804,3746,KCNC1
12,75040077,75209868,3747,KCNC2
19,50311937,50333515,3748,KCNC3
1,110211343,110283100,3749,KCNC4
7,120273668,120750331,3751,KCND2
1,111770662,111989155,3752,KCND3
21,34446688,34512275,3753,KCNE1
2,10911937,10914225,3754,KCNF1
20,51003656,51023129,3755,KCNG1
1,210676823,211134180,3756,KCNH1
7,150944961,150978315,3757,KCNH2
11,128836315,128867373,3758,KCNJ1
17,70168673,70180048,3759,KCNJ2
2,154698299,154858352,3760,KCNJ3
22,38426327,38455199,3761,KCNJ4
11,128891356,128921035,3762,KCNJ5
21,37607376,37916446,3763,KCNJ6
12,21764955,21775581,3764,KCNJ8
1,160081570,160090563,3765,KCNJ9
1,159998651,160070483,3766,KCNJ10
11,17385859,17389331,3767,KCNJ11
17,21376197,21419872,3768,KCNJ12
2,232766464,232776568,3769,KCNJ13
19,48455509,48466980,3770,KCNJ14
21,38157034,38307357,3772,KCNJ15
17,70053429,70135608,3773,KCNJ16
1,233614004,233672512,3775,KCNK1
1,215005775,215237093,3776,KCNK2
2,26692690,26733420,3777,KCNK3
10,76869601,77638369,3778,KCNMA1
5,170374671,170389677,3779,KCNMB1
19,17951293,18000080,3780,KCNN1
5,114360945,114496500,3781,KCNN2
1,154697455,154870280,3782,KCNN3
19,43766533,43781257,3783,KCNN4
11,2444684,2849109,3784,KCNQ1
20,63400210,63472677,3785,KCNQ2
8,132120858,132481019,3786,KCNQ3
20,45092310,45101112,3787,KCNS1
8,98427022,98432848,3788,KCNS2
2,17877847,18361616,3790,KCNS3
4,55078477,55125589,3791,KDR
7,142941114,142962681,3792,KEL
2,27086747,27100772,3795,KHK
5,62306162,62537249,3796,KIF2A
2,25926596,25982749,3797,KIF3C
12,57549998,57586632,3798,KIF5A
10,32009010,32056431,3799,KIF5B
2,148875250,149026759,3800,KIF5C
16,57758217,57863053,3801,KIFC3
19,54769811,54784322,3802,KIR2DL1
19,54738515,54753052,3804,KIR2DL3
19,54803535,54814517,3805,KIR2DL4
19,54832676,54848569,3809,KIR2DS4
19,54816468,54830778,3811,KIR3DL1
19,54850443,54867207,3812,KIR3DL2
1,204190341,204196486,3814,KISS1
4,54657918,54740715,3815,KIT
19,50819148,50823787,3816,KLK1
19,50861568,50880567,3817,KLK2
4,186208979,186258471,3818,KLKB1
12,9594551,9607886,3820,KLRB1
12,10442264,10454685,3821,KLRC1
12,10426854,10442300,3822,KLRC2
12,10412312,10420595,3823,KLRC3
12,10226058,10329600,3824,KLRD1
3,186717276,186743954,3827,KNG1
14,103561896,103714249,3831,KLC1
10,92593286,92655395,3832,KIF11
6,33391536,33409924,3833,KIFC1
6,167996241,168045089,3834,KIF25
16,29790719,29805385,3835,KIF22
3,122421949,122514945,3836,KPNA1
17,47649476,47685505,3837,KPNB1
17,68035519,68046842,3838,KPNA2
13,49699307,49792921,3839,KPNA3
3,160494995,160565588,3840,KPNA4
6,116681187,116741866,3841,KPNA5
5,72816312,72916733,3842,TNPO1
13,97953658,98024297,3843,IPO5
12,25204789,25250936,3845,KRAS
11,71548418,71549553,3846,KRTAP5-9
12,52674736,52680407,3848,KRT1
12,52644558,52652164,3849,KRT2
12,52789685,52796117,3850,KRT3
12,52806549,52814551,3851,KRT4
12,52514575,52520687,3852,KRT5
12,52487174,52493257,3853,KRT6A
12,52446651,52452126,3854,KRT6B
12,52232520,52252186,3855,KRT7
12,52897187,52949954,3856,KRT8
17,41565841,41572058,3857,KRT9
17,40818117,40822595,3858,KRT10
17,40861303,40867210,3859,KRT12
17,41500981,41505705,3860,KRT13
17,41582279,41586921,3861,KRT14
17,41513743,41522529,3866,KRT15
17,41609778,41615899,3868,KRT16
17,41619437,41624842,3872,KRT17
12,52948871,52952901,3875,KRT18
17,41523617,41528308,3880,KRT19
17,41393724,41397592,3881,KRT31
17,41459811,41467429,3882,KRT32
17,41346092,41350812,3883,KRT33A
17,41363494,41369800,3884,KRT33B
17,41377650,41382403,3885,KRT34
17,41476689,41481140,3886,KRT35
12,52285913,52291534,3887,KRT81
12,52393931,52406355,3888,KRT82
12,52314301,52321398,3889,KRT83
12,52377812,52385652,3890,KRT84
12,52360006,52367481,3891,KRT85
12,52249300,52309163,3892,KRT86
14,55559072,55701526,3895,KTN1
1,201373244,201399915,3898,LAD1
2,99545419,100142739,3899,AFF3
12,6772512,6778455,3902,LAG3
19,54351384,54370558,3903,LAIR1
19,54497879,54510687,3904,LAIR2
12,48567684,48570066,3906,LALBA
6,128883141,129516569,3908,LAMA2
18,23689443,23955066,3909,LAMA3
6,112108760,112254939,3910,LAMA4
20,62307955,62367312,3911,LAMA5
7,107923799,108003255,3912,LAMB1
3,49121114,49133118,3913,LAMB2
1,209614870,209652466,3914,LAMB3
1,183023460,183145592,3915,LAMC1
13,113297241,113323672,3916,LAMP1
1,183186238,183244900,3918,LAMC2
3,39406689,39412542,3921,RPSA
1,25884181,25906991,3925,STMN1
17,38869859,38921770,3927,LASP1
20,38346356,38377023,3929,LBP
1,225401502,225428925,3930,LBR
16,67939750,67944131,3931,LCAT
1,32251239,32286165,3932,LCK
9,135521438,135526532,3933,LCN1
9,128149071,128153455,3934,LCN2
13,46125920,46211871,3936,LCP1
5,170246237,170298227,3937,LCP2
2,135787840,135837180,3938,LCT
11,18394388,18408425,3939,LDHA
12,21635342,21757857,3945,LDHB
11,18412307,18452058,3948,LDHC
19,11089362,11133816,3949,LDLR
5,135922279,135955034,3950,LECT2
7,128241284,128257628,3952,LEP
1,65420652,65641559,3953,LEPR
4,1811479,1856247,3954,LETM1
7,2512529,2529177,3955,LFNG
22,37675608,37679806,3956,LGALS1
22,37570246,37582616,3957,LGALS2
14,55124110,55145413,3958,LGALS3
17,78971238,78980109,3959,LGALS3BP
19,38801671,38813364,3960,LGALS4
19,38770971,38773492,3963,LGALS7
1,236518000,236552981,3964,LGALS8
17,27629798,27649560,3965,LGALS9
19,49015980,49017081,3972,LHB
2,48686775,48755730,3973,LHCGR
17,36936785,36944612,3975,LHX1
22,30240447,30246851,3976,LIF
5,38474963,38608354,3977,LIFR
19,48115445,48170603,3978,LIG1
17,34980494,35009743,3980,LIG3
13,108207439,108218368,3981,LIG4
19,51379909,51387960,3982,LIM2
10,114431113,114685003,3983,ABLIM1
7,74082933,74122525,3984,LIMK1
22,31212239,31280080,3985,LIMK2
2,108534355,108687246,3987,LIMS1
10,89213569,89414557,3988,LIPA
15,58410569,58569843,3990,LIPC
19,42401507,42427426,3991,LIPE
11,61799625,61829318,3992,FADS1
17,75525080,75575208,3993,LLGL2
11,61873519,61892051,3995,FADS3
17,18225587,18244875,3996,LLGL1
18,59327823,59359962,3998,LMAN1
1,156082573,156140089,4000,LMNA
5,126776623,126837020,4001,LMNB1
11,8224304,8268716,4004,LMO1
11,33858576,33892289,4005,LMO2
13,75620434,75859870,4008,LMO7
1,165201867,165356715,4009,LMX1A
9,126614443,126701032,4010,LMX1B
5,96935394,97037515,4012,LNPEP
11,124115362,124147721,4013,VWA5A
1,153259700,153262122,4014,LOR
5,122063195,122078360,4015,LOX
15,73925989,73952137,4016,LOXL1
8,23297189,23425328,4017,LOXL2
6,160531483,160664259,4018,LPA
8,19901717,19967258,4023,LPL
17,58218548,58268518,4025,LPO
3,188153284,188890671,4026,LPP
12,25004342,25108334,4033,LRMP
7,100574011,100586153,4034,LRCH4
12,57128493,57213351,4035,LRP1
2,169127109,169362685,4036,LRP2
19,33177603,33208867,4037,LRP3
11,46856868,46918642,4038,LRP4
12,12116025,12267012,4040,LRP6
11,68312609,68449275,4041,LRP5
4,3506376,3532559,4043,LRPAP1
3,115802363,117139389,4045,LSAMP
11,1852970,1892267,4046,LSP1
21,46188141,46228824,4047,LSS
12,96000828,96043520,4048,LTA4H
6,31572054,31574324,4049,LTA
6,31580525,31582522,4050,LTB
19,15640897,15662825,4051,CYP4F3
2,32946972,33399509,4052,LTBP1
14,74498170,74612378,4053,LTBP2
11,65538805,65558930,4054,LTBP3
12,6375045,6391571,4055,LTBR
5,179793980,179796647,4056,LTC4S
3,46435645,46485234,4057,LTF
15,41503638,41513887,4058,LTK
19,44809059,44821420,4059,BCAM
12,91102629,91111831,4060,LUM
8,143017982,143023832,4061,LY6E
8,143157914,143160711,4062,LY6H
1,160796074,160828261,4063,LY9
5,67179613,67196799,4064,CD180
2,159803355,159904749,4065,LY75
19,13099033,13103161,4066,LYL1
8,55879813,56014168,4067,LYN
12,69348341,69354234,4069,LYZ
1,58575423,58577773,4070,TACSTD2
3,149369022,149377865,4071,TM4SF1
2,47345158,47387601,4072,EPCAM
12,8940363,8949955,4074,M6PR
11,34051683,34101156,4076,CAPRIN1
17,43170481,43211689,4077,NBR1
13,35474182,35477209,4081,MAB21L1
6,113857362,113863471,4082,MARCKS
2,69897688,69942945,4084,MXD1
4,120055608,120067074,4085,MAD2L1
4,145481194,145558079,4086,SMAD1
18,47808957,47931146,4087,SMAD2
15,67063763,67195195,4088,SMAD3
18,51028394,51085045,4089,SMAD4
5,136132845,136188747,4090,SMAD5
15,66702228,66782848,4091,SMAD6
18,48919853,48950711,4092,SMAD7
13,36844831,36920765,4093,SMAD9
16,79585843,79600714,4094,MAF
17,81918270,81927714,4097,MAFG
19,35292125,35313804,4099,MAG
1,53226892,53238610,4116,MAGOH
6,10762723,10838555,4117,MAK
2,95025677,95053996,4118,MAL
6,119177209,119349761,4121,MAN1A1
15,90902218,90922584,4122,MAN2A2
15,75355207,75368630,4123,MAN2C1
5,109689366,109869625,4124,MAN2A1
19,12646511,12666742,4125,MAN2B1
4,102631488,102760994,4126,MANBA
15,43510958,43531620,4130,MAP1A
5,72107234,72209570,4131,MAP1B
2,209424058,209734118,4133,MAP2
3,47850690,48089272,4134,MAP4
11,75586918,75669120,4135,MAP6
17,45894382,46028334,4137,MAPT
1,220528183,220664461,4139,MARK1
14,103385392,103503831,4140,MARK3
12,57475445,57517569,4141,MARS
6,159906690,159916530,4142,MAS1
10,80271820,80289684,4143,MAT1A
2,85539165,85545280,4144,MAT2A
19,3777970,3802129,4145,MATK
1,30711277,30723587,4146,MATN1
8,97868840,98036716,4147,MATN2
2,19992111,20012694,4148,MATN3
14,65006174,65102695,4149,MAX
16,29806106,29811164,4150,MAZ
22,35606764,35637951,4151,MB
18,50266882,50281774,4152,MBD1
10,52765380,52771700,4153,MBL2
3,152243828,152465780,4154,MBNL1
18,76978827,77133683,4155,MBP
16,89912119,89920977,4157,MC1R
18,13882044,13915707,4158,MC2R
20,56248732,56249815,4159,MC3R
18,60371110,60372775,4160,MC4R
18,13824149,13827323,4161,MC5R
11,119308529,119321521,4162,MCAM
5,113022099,113488830,4163,MCC
16,75472052,75495384,4166,CHST6
1,150574551,150579738,4170,MCL1
3,127598223,127622436,4171,MCM2
6,52264009,52284881,4172,MCM3
8,47960185,47978160,4173,MCM4
22,35400063,35425430,4174,MCM5
2,135839626,135876426,4175,MCM6
7,100092728,100101940,4176,MCM7
1,207752057,207795513,4179,CD46
1,152878317,152885047,4184,SMCP
17,44759031,44781846,4185,ADAM11
6,41636882,41654246,4188,MDFI
7,108569568,108574850,4189,DNAJB9
2,63588609,63607197,4190,MDH1
7,76048051,76067508,4191,MDH2
11,46380756,46383837,4192,MDK
12,68808176,68850686,4193,MDM2
1,204516379,204558120,4194,MDM4
6,83210389,83431071,4199,ME1
18,50878734,50954257,4200,ME2
6,43012094,43013968,4201,MEA1
15,99565417,99716466,4205,MEF2A
19,19145567,19192158,4207,BORCS8-MEF2B
5,88717117,88904257,4208,MEF2C
1,156463727,156500828,4209,MEF2D
16,3242028,3256627,4210,MEFV
2,66433452,66573869,4211,MEIS1
15,36889204,37101299,4212,MEIS2
5,56815574,56896152,4214,MAP3K1
17,63622415,63696303,4215,MAP3K3
6,160991727,161117385,4216,MAP3K4
6,136557047,136792518,4217,MAP3K5
19,16111629,16134234,4218,RAB8A
11,64803510,64811294,4221,MEN1
17,43640388,43661954,4222,MEOX1
7,15611212,15686812,4223,MEOX2
6,46793390,46839782,4224,MEP1A
18,32185069,32220404,4225,MEP1B
7,130486171,130506296,4232,MEST
7,116672390,116798386,4233,MET
12,57768471,57772793,4234,METTL1
15,43804492,43824802,4236,MFAP1
1,16974502,16980835,4237,MFAP2
5,154038906,154220478,4238,MFAP3
17,19383442,19387240,4239,MFAP4
15,88898683,88913411,4240,MFGE8
3,196988621,197029816,4241,MELTF
22,37469063,37486401,4242,MFNG
5,180784782,180815652,4245,MGAT1
11,62208668,62213939,4246,SCGB2A1
14,49620795,49623481,4247,MGAT2
22,39457344,39492194,4248,MGAT3
2,134119983,134454621,4249,MGAT5
11,62270155,62273156,4250,SCGB2A2
14,39233902,39350423,4253,AL132639.3
12,88492793,88580851,4254,KITLG
10,129467184,129768007,4255,MGMT
12,14881181,14885926,4256,MGP
12,16347142,16609259,4257,MGST1
4,139665768,139740745,4258,MGST2
1,165630861,165661796,4259,MGST3
16,10866222,10932281,4261,CIITA
6,31494881,31511124,4277,MICB
22,23894004,23895227,4282,MIF
4,76001275,76007488,4283,CXCL9
12,56449502,56469166,4284,MIP
13,23730189,23889419,4285,MIPEP
3,69739435,69968337,4286,MITF
14,92038652,92106621,4287,ATXN3
10,128096659,128126385,4288,MKI67
7,131110096,131496636,4289,MKLN1
3,158571163,158607252,4291,MLF1
3,36993332,37050918,4292,MLH1
14,70722526,70809534,4293,MAP3K9
19,40191744,40215575,4294,MAP3K10
6,33794673,33804011,4295,MLN
11,65597755,65615382,4296,MAP3K11
11,118436490,118526832,4297,KMT2A
19,6210379,6279948,4298,MLLT1
4,86935002,87141054,4299,AFF1
9,20341665,20622543,4300,MLLT3
6,167826922,167972023,4301,AFDN
17,38705542,38729803,4302,MLLT6
4,148078762,148444698,4306,NR3C2
15,31001061,31161273,4308,TRPM1
3,155024124,155183729,4311,MME
11,102789920,102798160,4312,MMP1
16,55389700,55506691,4313,MMP2
11,102835801,102843803,4314,MMP3
11,102520508,102530753,4316,MMP7
11,102711795,102727050,4317,MMP8
20,46008908,46016561,4318,MMP9
11,102770503,102780628,4319,MMP10
22,23768226,23784316,4320,MMP11
11,102862736,102875034,4321,MMP12
11,102942995,102955734,4322,MMP13
14,22836557,22849027,4323,MMP14
16,58025566,58046901,4324,MMP15
8,88032009,88328025,4325,MMP16
12,131828393,131851783,4326,MMP17
12,55835433,55842966,4327,MMP19
14,74056850,74084493,4329,ALDH6A1
22,27748277,27801498,4330,MN1
14,60734742,60969953,4331,MNAT1
1,158831317,158849506,4332,MNDA
17,2384060,2401118,4335,MNT
3,39467198,39529479,4336,MOBP
6,39899578,39934551,4337,MOCS1
5,53095679,53110063,4338,MOCS2
6,29656981,29672372,4340,MOG
8,56112942,56113982,4342,MOS
1,112673141,112700746,4343,MOV10
3,112332347,112362812,4345,CD200
16,77007,85853,4350,MPG
15,74890005,74902219,4351,MPI
1,43337849,43352772,4352,MPL
17,58269856,58280935,4353,MPO
17,43875357,43909711,4355,MPP2
17,43800799,43833170,4356,MPP3
22,37019635,37029822,4357,MPST
2,27309492,27325680,4358,MPV17
1,161304735,161309972,4359,MPZ
10,17809344,17911170,4360,MRC1
11,94415578,94493908,4361,MRE11
16,15949577,16143074,4363,ABCC1
2,191245185,191425389,4430,MYO1B
2,47402969,47562311,4436,MSH2
5,80654648,80876460,4437,MSH3
1,75796882,75913238,4438,MSH4
6,31739948,31762834,4439,MSH5
12,120341330,120369180,4440,MSI1
10,46033307,46046269,4477,MSMB
8,16107878,16567490,4481,MSR1
8,10054268,10428891,4482,MSRA
3,49683947,49689501,4485,MST1
3,49887002,49903873,4486,MST1R
4,4859666,4863936,4487,MSX1
5,174724533,174730893,4488,MSX2
16,56638666,56640087,4489,MT1A
16,56651899,56653204,4490,MT1B
16,56625475,56627112,4493,MT1E
16,56657694,56660698,4494,MT1F
16,56666731,56668065,4495,MT1G
16,56669814,56671129,4496,MT1H
16,56635739,56637086,4498,MT1JP
16,56632233,56633986,4499,MT1M
16,56617476,56618818,4500,MT1L
16,56682424,56684196,4501,MT1X
16,56608199,56609497,4502,MT2A
16,56589074,56591088,4504,MT3
9,21802543,21937651,4507,MTAP
1,37809567,37859620,4520,MTF1
7,2242222,2251146,4521,NUDT1
14,64388031,64463457,4522,MTHFD1
1,11785723,11806920,4524,MTHFR
2,55236595,55269347,4528,MTIF2
19,8520790,8577577,4542,MYO1F
4,186533655,186555567,4543,MTNR1A
11,92969720,92985066,4544,MTNR1B
4,99563761,99623999,4547,MTTP
1,236795281,236903981,4548,MTR
5,7851186,7906025,4552,MTRR
1,155208699,155213824,4580,MTX1
1,155185824,155192916,4582,MUC1
7,100949555,100968346,4584,MUC3A
3,195746765,195812277,4585,MUC4
11,1157953,1201138,4586,MUC5AC
11,1012821,1036706,4588,MUC6
4,70430492,70482997,4589,MUC7
17,58982638,59106921,4591,TRIM37
9,110668771,110801620,4593,MUSK
6,49430360,49463191,4594,MUT
1,45329163,45340470,4595,MUTYH
16,88651935,88663161,4597,MVD
12,109573255,109598117,4598,MVK
21,41420304,41459214,4599,MX1
21,41361943,41409390,4600,MX2
10,110207605,110287365,4601,MXI1
6,135181315,135219173,4602,MYB
8,66562175,66614247,4603,MYBL1
12,101568353,101686018,4604,MYBPC1
20,43667019,43716496,4605,MYBL2
19,50432903,50466321,4606,MYBPC2
11,47331397,47352702,4607,MYBPC3
1,203167811,203175813,4608,MYBPH
8,127735434,127741434,4609,MYC
1,39895426,39902256,4610,MYCL
2,15940564,15947007,4613,MYCN
3,38138478,38143022,4615,MYD88
19,2476122,2478259,4616,GADD45B
12,80716912,80719673,4617,MYF5
12,80707498,80709474,4618,MYF6
17,10492307,10518543,4619,MYH1
17,10521148,10549957,4620,MYH2
17,10628526,10657309,4621,MYH3
17,10443290,10469559,4622,MYH4
14,23381990,23408277,4624,MYH6
14,23412738,23435718,4625,MYH7
17,10390322,10421950,4626,MYH8
22,36281281,36388018,4627,MYH9
17,8474205,8630761,4628,MYH10
16,15703172,15857033,4629,MYH11
2,210290150,210315190,4632,MYL1
12,110910819,110920722,4633,MYL2
3,46857872,46882169,4634,MYL3
17,47200446,47223679,4635,MYL4
4,673580,682033,4636,MYL5
12,56158161,56163496,4637,MYL6
3,123610049,123884331,4638,MYLK
12,57028517,57051198,4640,MYO1A
17,1464098,1492812,4641,MYO1C
17,32492522,32877177,4642,MYO1D
15,59132434,59372900,4643,MYO1E
15,52307283,52529050,4644,MYO5A
18,49822813,50195093,4645,MYO5B
6,75749192,75919537,4646,MYO6
11,77128264,77215239,4647,MYO7A
2,127535802,127637729,4648,MYO7B
15,71822289,72118577,4649,MYO9A
19,17075781,17214537,4650,MYO9B
1,171635417,171652683,4653,MYOC
11,17719568,17722131,4654,MYOD1
1,203083132,203086036,4656,MYOG
12,79773563,79935460,4659,PPP1R12A
1,202348699,202592706,4660,PPP1R12B
20,64151791,64242253,4661,MYT1
2,190646746,190692766,4664,NAB1
12,57088894,57095476,4665,NAB2
12,56712428,56731628,4666,NACA
22,42058354,42070842,4668,NAGA
17,42536172,42544449,4669,NAGLU
19,8444767,8489114,4670,HNRNPM
5,70968483,71025114,4671,NAIP
12,76036587,76085033,4673,NAP1L1
11,2944431,2992377,4676,NAP1L4
18,57600656,57622213,4677,NARS
1,45583846,45618904,4678,NASP
19,41750977,41772208,4680,CEACAM6
1,19640554,19658456,4681,NBL1
16,10743786,10769351,4682,NUBP1
8,89933336,90003228,4683,NBN
11,112961247,113278436,4684,NCAM1
21,20998315,21543329,4685,NCAM2
9,97633626,97673748,4686,NCBP1
1,183555563,183590876,4688,NCF2
22,36860988,36878015,4689,NCF4
3,136862208,136949823,4690,NCK1
2,231453531,231483641,4691,NCL
15,23685400,23687330,4692,NDN
5,140638740,140647785,4695,NDUFA2
19,54102728,54109257,4696,NDUFA3
7,10931951,10940256,4697,NDUFA4
7,123536997,123558255,4698,NDUFA5
22,42085525,42090955,4700,NDUFA6
19,8308768,8321396,4701,NDUFA7
9,122144058,122159819,4702,NDUFA8
2,151485336,151734487,4703,NEB
12,4649095,4694317,4704,NDUFA9
2,239892450,240025402,4705,NDUFA10
16,23581002,23596356,4706,NDUFAB1
14,92116122,92121917,4707,NDUFB1
7,140690777,140722790,4708,NDUFB2
2,201071433,201085750,4709,NDUFB3
3,120596309,120602500,4710,NDUFB4
3,179604690,179627647,4711,NDUFB5
9,32552999,32573184,4712,NDUFB6
19,14566078,14572062,4713,NDUFB7
10,100523740,100530000,4714,NDUFB8
8,124539103,124568510,4715,NDUFB9
16,1959508,1961975,4716,NDUFB10
4,139266880,139302551,4717,NDUFC1
11,78068304,78080219,4718,NDUFC2
2,206114817,206159603,4719,NDUFS1
1,161197104,161214395,4720,NDUFS2
11,47565336,47584562,4722,NDUFS3
11,67606852,67612535,4723,NDUFV1
5,53560633,53683340,4724,NDUFS4
1,39026318,39034636,4725,NDUFS5
5,1801400,1816605,4726,NDUFS6
11,68030617,68036644,4728,NDUFS8
18,9102630,9134345,4729,NDUFV2
21,42879644,42913304,4731,NDUFV3
22,31399523,31530634,4733,DRG1
15,55826922,55993746,4734,NEDD4
2,241315100,241354027,4735,2-Sep
6,35468408,35470785,4736,RPL10A
14,24216852,24232454,4738,NEDD8
6,11183298,11382348,4739,NEDD9
8,24913012,24919098,4741,NEFM
22,29480230,29491390,4744,NEFH
11,20669551,21575681,4745,NELL1
8,24950955,24957110,4747,NEFL
4,169392857,169612629,4750,NEK1
1,211658657,211675630,4751,NEK2
13,52132639,52159861,4752,NEK3
12,44508275,44921848,4753,NELL2
15,73051710,73305206,4756,NEO1
6,31857659,31862906,4758,NEU1
2,233032672,233035057,4759,NEU2
2,181673088,181680876,4760,NEUROD1
17,39603536,39609777,4761,NEUROD2
5,135534282,135535949,4762,NEUROG1
17,31094927,31382116,4763,NF1
22,29603556,29698598,4771,NF2
18,79395856,79529325,4772,NFATC1
20,51386957,51562831,4773,NFATC2
1,60865259,61462793,4774,NFIA
16,68084751,68229259,4775,NFATC3
14,24365673,24379604,4776,NFATC4
12,54292111,54301121,4778,NFE2
17,48048329,48061487,4779,NFE2L1
2,177227595,177392697,4780,NFE2L2
9,14081843,14398983,4781,NFIB
19,3359563,3469217,4782,NFIC
9,91409045,91423862,4783,NFIL3
19,12995608,13098796,4784,NFIX
4,102501329,102617302,4790,NFKB1
10,102394110,102402529,4791,NFKB2
14,35401511,35404749,4792,NFKBIA
19,38899700,38908893,4793,NFKBIB
6,44258166,44265788,4794,NFKBIE
6,31546870,31558829,4795,NFKBIL1
8,144428775,144444444,4796,TONSL
11,129863636,129895590,4798,NFRKB
9,33290511,33371157,4799,NFX1
6,41072945,41099976,4800,NFYA
12,104117077,104138289,4801,NFYB
1,40691648,40771603,4802,NFYC
1,115285918,115338236,4803,NGF
17,49495293,49515017,4804,NGFR
1,160367067,160372848,4807,NHLH1
1,115836377,115843917,4808,NHLH2
22,41673930,41690504,4809,SNU13
1,235975830,236065162,4811,NID1
9,93121489,93134288,4814,NINJ1
12,564296,663779,4815,NINJ2
1,161118086,161125445,4817,NIT1
19,51371606,51372715,4818,NKG7
3,42600614,42648741,4820,NKTR
20,21511010,21514026,4821,NKX2-2
8,23678693,23682927,4824,NKX3-1
4,84491987,84498450,4825,NKX6-1
20,37521215,37523693,4826,NNAT
15,84655129,84658563,4828,NMB
6,142058330,142088799,4829,NMBR
17,51153536,51162428,4830,NME1
17,51165435,51171747,4831,NME2
16,1770286,1771730,4832,NME3
16,396725,410367,4833,NME4
6,2987987,3028869,4835,NQO2
17,45051610,45109016,4836,NMT1
11,114257787,114313285,4837,NNMT
10,70432315,70447951,4838,NODAL
12,6556863,6568691,4839,NOP2
12,117208142,117452170,4842,NOS1
17,27756766,27800499,4843,NOS2
7,150990995,151014588,4846,NOS3
12,70242994,70354993,4848,CNOT2
19,54137728,54155681,4849,CNOT3
7,135361795,135510127,4850,CNOT4
9,136494444,136545862,4851,NOTCH1
7,24284163,24291865,4852,NPY
1,119911553,120069626,4853,NOTCH2
19,15159038,15200981,4854,NOTCH3
6,32194843,32224067,4855,NOTCH4
8,119416306,119424353,4856,NOV
14,26443093,26597754,4857,NOVA1
19,45933734,45973546,4858,NOVA2
14,20468954,20477094,4860,PNP
19,47019820,47045775,4861,NPAS1
2,100820152,100996829,4862,NPAS2
11,108157215,108222642,4863,NPAT
18,23506184,23586898,4864,NPC1
2,110122311,110205066,4867,NPHP1
19,35825964,35869287,4868,NPHS1
5,171387116,171411137,4869,NPM1
1,11845709,11848345,4878,NPPA
1,11857464,11858931,4879,NPPB
2,231921820,231926403,4880,NPPC
1,153678637,153693992,4881,NPR1
9,35792154,35809732,4882,NPR2
5,32689070,32791724,4883,NPR3
17,80467148,80477843,4884,NPTX1
7,98617297,98629868,4885,NPTX2
4,163323961,163344832,4886,NPY1R
4,155208629,155217078,4887,NPY2R
5,137801193,137810751,4888,NPY6R
4,163343939,163351934,4889,NPY5R
12,50979401,51028566,4891,SLC11A2
10,113588716,113664127,4892,NRAP
1,114704469,114716894,4893,NRAS
7,108147623,108456717,4897,NRCAM
1,51789191,51878937,4898,NRDC
7,129611714,129757082,4899,NRF1
11,124739846,124747210,4900,NRGN
14,24080107,24115014,4901,NRL
19,5823802,5828324,4902,NRTN
1,42682427,42702349,4904,YBX1
17,46590669,46757464,4905,NSF
6,85449584,85495791,4907,NT5E
12,5432112,5521536,4908,NTF3
19,49061066,49065054,4909,NTF4
16,2039815,2047866,4913,NTHL1
1,156815640,156881850,4914,NTRK1
9,84668551,85027070,4915,NTRK2
15,87859751,88256768,4916,NTRK3
16,2471499,2474145,4917,NTN3
1,63774022,64181498,4919,ROR1
9,91563091,91950162,4920,ROR2
1,162631373,162787400,4921,DDR2
12,85874295,85882992,4922,NTS
20,62708837,62762771,4923,NTSR1
19,48900050,48923372,4924,NUCB1
11,17208153,17349974,4925,NUCB2
11,72002864,72080693,4926,NUMA1
17,5360963,5420160,4927,NUP88
11,3671083,3797792,4928,NUP98
2,156324432,156342348,4929,NR4A2
1,224227334,224330387,4931,NVL
12,112906777,112933222,4938,OAS1
12,112978395,113011723,4939,OAS2
12,112938352,112973249,4940,OAS3
10,124397303,124418976,4942,OAT
19,2269509,2273490,4946,OAZ1
15,64687573,64703281,4947,OAZ2
15,27754875,28099358,4948,OCA2
7,97984684,97991169,4951,OCM2
2,10439968,10448504,4953,ODC1
8,102551572,102561017,4956,ODF1
9,128455186,128501292,4957,ODF2
9,92414245,92424461,4958,OMD
7,44606572,44709066,4967,OGDH
3,9749944,9788219,4968,OGG1
9,92383967,92404696,4969,OGN
12,10158301,10172138,4973,OLR1
17,31272013,31297539,4974,OMG
11,77102840,77103331,4975,OMP
3,193593144,193697823,4976,OPA1
11,132414977,133532519,4978,OPCML
8,118923557,118952200,4982,TNFRSF11B
8,53225716,53251697,4986,OPRK1
20,64080173,64100643,4987,OPRL1
6,154010496,154246867,4988,OPRM1
14,60508951,60512850,4990,SIX6
17,3092058,3092996,4991,OR1D2
16,3204247,3205188,4992,OR1F1
16,3355889,3357294,4993,OR2C1
17,3291635,3292600,4994,OR3A1
17,3277899,3278974,4995,OR3A2
1,52372829,52404459,4998,ORC1
2,200908973,200963680,4999,ORC2
2,147930397,148021604,5000,ORC4
7,104126341,104208047,5001,ORC5
11,2899721,2925246,5002,SLC22A18
11,2887780,2903740,5003,SLC22A18AS
9,114323056,114326475,5004,ORM1
9,114329869,114333252,5005,ORM2
11,59574398,59616144,5007,OSBP
22,30262829,30266840,5008,OSM
3,170418865,170860380,5010,CLDN11
2,63050057,63057836,5013,OTX1
14,56799905,56810479,5015,OTX2
1,111414314,111427777,5016,OVGP1
11,65787022,65797219,5017,OVOL1
14,22766522,22773041,5018,OXA1L
5,41730065,41870519,5019,OXCT1
20,3071620,3072517,5020,OXT
3,8750408,8769628,5021,OXTR
17,3896592,3916500,5023,P2RX1
11,57338374,57370600,5024,P2RX3
12,121209857,121234106,5025,P2RX4
17,3672199,3696404,5026,P2RX5
12,121132819,121188032,5027,P2RX7
3,152834693,152841439,5028,P2RY1
11,73218298,73236352,5029,P2RY2
11,73264505,73298617,5031,P2RY6
19,10111538,10115372,5032,P2RY11
10,73007217,73096974,5033,P4HA1
17,81843159,81860694,5034,P4HB
12,56104319,56113907,5036,PA2G4
12,118135858,118145584,5037,PEBP1
13,25095868,25099254,5042,PABPC3
15,90868592,90883458,5045,FURIN
15,101297142,101525202,5046,PCSK6
9,135561756,135566955,5047,PAEP
17,2593210,2685615,5048,PAFAH1B1
11,117144267,117176894,5049,PAFAH1B2
19,42297033,42303546,5050,PAFAH1B3
1,25959767,25998157,5051,PAFAH2
1,45511036,45523047,5052,PRDX1
12,102836885,102958410,5053,PAH
7,101127089,101139266,5054,SERPINE1
18,63871692,63903890,5055,SERPINB2
11,77321707,77474635,5058,PAK1
3,196739857,196832647,5062,PAK2
19,708939,748329,5064,PALM
5,102753981,103031105,5066,PAM
3,74262568,74521140,5067,CNTN3
2,79157003,79159753,5068,REG3A
9,116153804,116402322,5069,PAPPA
6,161347420,162727771,5071,PRKN
16,14435701,14632728,5073,PARN
12,79574979,79691097,5074,PAWR
20,21705659,21718486,5075,PAX1
10,100735603,100829941,5076,PAX2
2,222199888,222298996,5077,PAX3
7,127610292,127618114,5078,PAX4
9,36833275,37034185,5079,PAX5
11,31784779,31818062,5080,PAX6
1,18631006,18748866,5081,PAX7
9,122798389,122828631,5082,PDCL
14,36657568,36679715,5083,PAX9
1,164555584,164899296,5087,PBX1
6,32184741,32190186,5089,PBX2
9,125747345,125967377,5090,PBX3
11,66848233,66958376,5091,PC
10,70882280,70888784,5092,PCBD1
2,70087454,70089203,5093,PCBP1
12,53452102,53481162,5094,PCBP2
13,100089015,100530437,5095,PCCA
3,136250306,136337896,5096,PCCB
5,141853111,141879246,5097,PCDH1
5,141475947,141512979,5098,PCDHGC3
4,30720415,31146805,5099,PCDH7
13,52842889,52848641,5100,PCDH8
13,66302834,67230445,5101,PCDH9
14,94561442,94593120,5104,SERPINA5
20,57561080,57568112,5105,PCK1
14,24094053,24110598,5106,PCK2
8,17922840,18029944,5108,PCM1
6,149749443,149811420,5110,PCMT1
20,5114953,5126626,5111,PCNA
21,46324122,46445769,5116,PCNT
7,100602177,100608175,5118,PCOLCE
16,89644431,89657845,5119,CHMP1A
21,39867317,39929397,5121,PCP4
5,96390415,96434143,5122,PCSK1
9,75890644,76362339,5125,PCSK5
20,17226107,17484578,5126,PCSK2
12,96278261,96400560,5128,CDK17
1,205504595,205532793,5129,CDK18
3,196214222,196287957,5130,PCYT1A
1,186443566,186461122,5132,PDC
2,241849881,241858908,5133,PDCD1
6,170575295,170584692,5134,PDCD2
2,182140036,182523192,5136,PDE1A
7,31751179,32299329,5137,PDE1C
11,72576141,72674591,5138,PDE2A
12,20369245,20684381,5139,PDE3A
11,14643723,14872044,5140,PDE3B
19,10416773,10469631,5141,PDE4A
1,65792514,66374579,5142,PDE4B
19,18207961,18255419,5143,PDE4C
5,58969038,60522120,5144,PDE4D
5,149857955,149944793,5145,PDE6A
10,93612588,93666010,5146,PDE6C
2,231732425,231786272,5147,PDE6D
17,81650459,81663112,5148,PDE6G
12,14973022,14981865,5149,PDE6H
8,65717510,65842322,5150,PDE7A
15,84980440,85139145,5151,PDE8A
21,42653636,42775509,5152,PDE9A
12,54549350,54579239,5153,PDE1B
7,497258,520296,5154,PDGFA
22,39223359,39244751,5155,PDGFB
4,54229097,54298247,5156,PDGFRA
8,17576433,17644071,5157,PDGFRL
4,625584,670782,5158,PDE6B
5,150113837,150155872,5159,PDGFRB
4,95840019,95841474,5161,PDHA2
3,58427630,58433857,5162,PDHB
2,172555373,172608669,5163,PDK1
17,50094737,50112152,5164,PDK2
7,95583499,95596491,5166,PDK4
6,131808016,131895155,5167,ENPP1
8,119557086,119673453,5168,ENPP2
6,131628442,131747418,5169,ENPP3
16,2537964,2603188,5170,PDPK1
7,107660635,107717809,5172,SLC26A4
20,1978757,1994285,5173,PDYN
1,145670852,145708148,5174,PDZK1
17,64319415,64413776,5175,PECAM1
17,1761959,1777574,5176,SERPINF1
19,56810083,56840728,5178,PEG3
8,56436674,56446734,5179,PENK
19,33386950,33521794,5184,PEPD
17,8140472,8156506,5187,PER1
4,151670504,151761023,5188,GATB
7,92487020,92528531,5189,PEX1
6,42963870,42979220,5190,PEX6
6,136822564,136913937,5191,PEX7
1,2403964,2413797,5192,PEX10
17,35574795,35578863,5193,PEX12
2,61017225,61051990,5194,PEX13
1,10472288,10630758,5195,PEX14
4,73981077,73982124,5196,PF4
4,73853189,73854155,5197,PF4V1
17,8247618,8270491,5198,PFAS
5,140245039,140303121,5201,PFDN1
1,161100556,161118111,5202,PFDN2
20,54207847,54228052,5203,PFDN4
12,53295291,53299450,5204,PFDN5
18,57646426,57803101,5205,ATP8B1
1,207034366,207081024,5208,PFKFB2
10,6144934,6254644,5209,PFKFB3
3,48517684,48562015,5210,PFKFB4
21,44300051,44327376,5211,PFKL
2,36696690,36814792,5212,VIT
12,48105139,48146404,5213,PFKM
10,3066333,3137712,5214,PFKP
17,4945652,4949061,5216,PFN1
3,149964904,150050788,5217,PFN2
7,90466424,91210590,5218,CDK14
11,61241042,61251448,5222,PGA5
10,97426160,97433441,5223,PGAM1
7,44062727,44065587,5224,PGAM2
6,41736711,41754109,5225,PGC
1,10398592,10420144,5226,PGD
14,74941834,74955784,5228,PGF
5,115204012,115262872,5229,PGGT1B
6,49785651,49787307,5232,PGK2
1,63593276,63660245,5236,PGM1
6,83161150,83193936,5238,PGM3
9,68328308,68531061,5239,PGM5
11,101029624,101130524,5241,PGR
7,87503633,87713323,5243,ABCB1
7,87401697,87480435,5244,ABCB4
17,49404049,49414905,5245,PHB
12,98593591,98606379,5250,SLC25A3
6,33410399,33416453,5252,PHF1
9,93576407,93679587,5253,PHF2
16,47461123,47701523,5257,PHKB
7,56080283,56092996,5260,PHKG1
16,30748270,30761176,5261,PHKG2
10,13277796,13302412,5264,PHYH
14,94376747,94390693,5265,SERPINA1
20,45174876,45176544,5266,PI3
14,94561091,94569913,5267,SERPINA4
18,63476761,63505085,5268,SERPINB5
6,2948159,2972165,5269,SERPINB6
2,223975112,224039319,5270,SERPINE2
18,63969925,64019779,5271,SERPINB8
6,2887266,2903280,5272,SERPINB9
18,63897174,63936111,5273,SERPINB10
3,167735243,167825568,5274,SERPINI1
18,63586989,63604639,5275,SERPINB13
3,167441789,167479004,5276,SERPINI2
1,172370189,172444086,5279,PIGC
2,46580937,46617119,5281,PIGF
14,67581955,67600287,5283,PIGH
1,206928518,206946466,5284,PIGR
11,17077730,17207983,5286,PIK3C2A
1,204422628,204494724,5287,PIK3C2B
12,18247614,18648416,5288,PIK3C2G
18,41955206,42087830,5289,PIK3C3
3,179148114,179240093,5290,PIK3CA
3,138652699,138834938,5291,PIK3CB
6,37170203,37175426,5292,PIM1
1,9651732,9729114,5293,PIK3CD
7,106865278,106907145,5294,PIK3CG
5,68215720,68301821,5295,PIK3R1
19,18153118,18170540,5296,PIK3R2
22,20707691,20859417,5297,PI4KA
1,151291797,151327715,5298,PI4KB
19,9835257,9849682,5300,PIN1
1,69919322,69920317,5301,PIN1P1
7,143132077,143139746,5304,PIP
10,22534849,22714555,5305,PIP4K2A
17,1517718,1562816,5306,PITPNA
5,135027735,135034813,5307,PITX1
4,110617423,110642123,5308,PITX2
10,102230186,102241474,5309,PITX3
16,2088710,2135898,5310,PKD1
4,88007668,88077777,5311,PKD2
1,155289839,155301434,5313,PKLR
6,51615300,52087625,5314,PKHD1
15,72199029,72231822,5315,PKM
21,42974510,43033931,5316,PKNOX1
1,201283452,201332993,5317,PKP1
12,32790745,32896840,5318,PKP2
12,120322111,120327789,5319,PLA2G1B
1,19975431,19980416,5320,PLA2G2A
1,186828953,186988981,5321,PLA2G4A
1,20028179,20091190,5322,PLA2G5
8,56160904,56211324,5324,PLAG1
6,143940300,144064599,5325,PLAGL1
20,32192503,32207791,5326,PLAGL2
8,42175233,42207724,5327,PLAT
10,73909177,73917497,5328,PLAU
19,43646095,43670547,5329,PLAUR
15,40278176,40307935,5330,PLCB2
11,64251523,64269150,5331,PLCB3
20,9068763,9481242,5332,PLCB4
3,38007496,38029762,5333,PLCD1
2,197804702,198572581,5334,PLCL1
20,41136960,41196801,5335,PLCG1
16,81739097,81962693,5336,PLCG2
3,171600405,171810950,5337,PLD1
17,4807096,4823434,5338,PLD2
8,143915147,143976734,5339,PLEC
6,160702238,160753315,5340,PLG
2,68365173,68397453,5341,PLEK
2,87748087,87758793,5342,PLGLB2
2,87002559,87021852,5343,PLGLB1
17,1742836,1755268,5345,SERPINF2
15,89664365,89679427,5346,PLIN1
16,23677656,23690367,5347,PLK1
19,35138808,35143109,5348,FXYD1
19,35115879,35124324,5349,FXYD3
6,118548298,118560730,5350,PLN
1,11934205,11975538,5351,PLOD1
3,146069440,146163653,5352,PLOD2
4,154535006,154550435,5356,PLRG1
3,142596387,142713664,5357,PLS1
3,146515180,146544864,5359,PLSCR1
20,45898621,45912155,5360,PLTP
3,126988594,127037392,5361,PLXNA1
1,208022242,208244320,5362,PLXNA2
3,48403854,48430051,5364,PLXNB1
18,59899948,59904306,5366,PMAIP1
12,102196459,102197845,5367,PMCH
8,28316986,28343355,5368,PNOC
5,71375786,71385993,5370,PMCHL2
15,73994673,74047812,5371,PML
22,41576894,41589890,5372,PMM1
16,8788823,8849331,5373,PMM2
8,81440326,81447523,5375,PMP2
17,15229777,15265326,5376,PMP22
2,189784085,189877629,5378,PMS1
7,75502930,75528148,5387,PMS2P3
4,121801317,121817021,5393,EXOSC9
1,11066618,11099881,5394,EXOSC10
7,5973239,6009125,5395,PMS2
1,170662728,170739419,5396,PRRX1
10,116545931,116567855,5406,PNLIP
10,116590385,116609175,5407,PNLIPRP1
10,116620953,116645143,5408,PNLIPRP2
17,39667981,39670475,5409,PNMT
14,39175183,39183218,5411,PNN
13,29764371,29850684,5412,UBL3
22,19714464,19724772,5413,5-Sep
17,58520250,58540818,5414,4-Sep
7,131500262,131558217,5420,PODXL
8,42338454,42371808,5423,POLB
19,50384204,50418018,5424,POLD1
7,44114681,44124358,5425,POLD2
12,132623753,132687365,5426,POLE
14,49643555,49688422,5427,POLE2
15,89305198,89334861,5428,POLG
6,43576150,43615660,5429,POLH
17,7484366,7514616,5430,POLR2A
4,56977722,57031168,5431,POLR2B
16,57462387,57472010,5432,POLR2C
2,127843551,127858157,5433,POLR2D
19,1086579,1095380,5434,POLR2E
22,37952607,38041915,5435,POLR2F
11,62761544,62766710,5436,POLR2G
3,184361718,184368596,5437,POLR2H
19,36113710,36115346,5438,POLR2I
7,102473118,102478907,5439,POLR2J
8,100150584,100154002,5440,POLR2K
11,837356,842545,5441,POLR2L
19,617224,633604,5442,POLRMT
2,25160853,25168903,5443,POMC
7,95297676,95324707,5444,PON1
7,95404863,95435329,5445,PON2
7,95359944,95396368,5446,PON3
7,75899200,75986855,5447,POR
3,87259404,87276587,5449,POU1F1
11,111352252,111455630,5450,POU2AF1
1,167220829,167427345,5451,POU2F1
19,42086110,42196585,5452,POU2F2
1,38044611,38046794,5453,POU3F1
6,98834592,98839470,5454,POU3F2
2,104855511,104858574,5455,POU3F3
13,78598362,78603560,5457,POU4F1
4,146638893,146642474,5458,POU4F2
5,146339024,146340520,5459,POU4F3
6,31164337,31180731,5460,POU5F1
8,127414290,127420069,5462,POU5F1B
12,51186936,51217708,5463,POU6F1
10,70202830,70233911,5464,PPA1
22,46150521,46243756,5465,PPARA
6,35342558,35428191,5467,PPARD
3,12287368,12434356,5468,PPARG
17,39404285,39451286,5469,MED1
4,75859864,75902571,5470,PPEF2
4,56393362,56435615,5471,PPAT
4,73987038,73988197,5473,PPBP
20,45890144,45898820,5476,CTSA
7,44796680,44824564,5478,PPIA
15,64155812,64163205,5479,PPIB
5,123023250,123036741,5480,PPIC
4,158709134,158723396,5481,PPID
16,4882507,4960741,5493,PPL
14,60245752,60299087,5494,PPM1A
2,44167969,44244384,5495,PPM1B
2,27381194,27409687,5496,PPM1G
1,161166410,161178013,5498,PPOX
11,67398183,67421183,5499,PPP1CA
2,28751640,28802940,5500,PPP1CB
12,110719680,110742939,5501,PPP1CC
12,54575387,54588659,5502,PPP1R1A
3,195514425,195543386,5504,PPP1R2
7,113876777,114075920,5506,PPP1R3A
10,91628442,91633054,5507,PPP1R3C
20,59936668,59940297,5509,PPP1R3D
2,241149576,241183652,5510,PPP1R7
1,27830778,27851676,5511,PPP1R8
6,30600400,30618612,5514,PPP1R10
5,134194334,134226142,5515,PPP2CA
8,30774457,30814314,5516,PPP2CB
19,52190039,52229533,5518,PPP2R1A
11,111726908,111766427,5519,PPP2R1B
8,26291491,26372680,5520,PPP2R2A
5,146581146,147084784,5521,PPP2R2B
4,6320578,6563600,5522,PPP2R2C
3,135965673,136147891,5523,PPP2R3A
9,129110950,129148946,5524,PTPA
1,212285537,212361863,5525,PPP2R5A
11,64917553,64934473,5526,PPP2R5B
14,101761798,101927989,5527,PPP2R5C
6,42984499,43012342,5528,PPP2R5D
14,63371357,63543374,5529,PPP2R5E
4,101023409,101348278,5530,PPP3CA
16,30075978,30085377,5531,PPP4C
10,73436428,73496024,5532,PPP3CB
8,22440819,22541142,5533,PPP3CC
2,68178857,68256237,5534,PPP3R1
9,101591615,101595021,5535,PPP3R2
19,46346994,46392981,5536,PPP5C
9,125146573,125189939,5537,PPP6C
1,40072705,40097703,5538,PPT1
17,43940804,43942468,5539,PPY
10,46461099,46465881,5540,NPY4R
12,11351823,11395566,5542,PRB1
12,11265924,11269805,5544,PRB3
12,11307083,11310435,5545,PRB4
1,156750610,156800817,5546,PRCC
11,82823502,82970584,5547,PRCP
1,203475828,203491352,5549,PRELP
6,105277565,105403084,5550,PREP
10,70597348,70602775,5551,PRF1
10,69088106,69104811,5552,SRGN
11,57386794,57390657,5553,PRG2
12,10824960,11171544,5554,PRH1
12,10929236,10932341,5555,PRH2
12,56731596,56752373,5557,PRIM1
6,57314805,57646849,5558,PRIM2
5,40759379,40798374,5562,PRKAA1
1,56645322,56715335,5563,PRKAA2
12,119667753,119681630,5564,PRKAB1
1,147155106,147172550,5565,PRKAB2
19,14091688,14118084,5566,PRKACA
1,84078062,84238498,5567,PRKACB
9,69012529,69014113,5568,PRKACG
8,78516139,78605267,5569,PKIA
6,122471917,122726373,5570,PKIB
12,49002274,49019197,5571,PRKAG1
17,68511780,68551319,5573,PRKAR1A
7,549197,727650,5575,PRKAR1B
3,48744597,48847846,5576,PRKAR2A
7,107044649,107161811,5577,PRKAR2B
17,66302636,66810743,5578,PRKCA
16,23836001,24220611,5579,PRKCB
3,53156009,53192717,5580,PRKCD
2,45651345,46187990,5581,PRKCE
19,53879190,53907652,5582,PRKCG
14,61187559,61550976,5583,PRKCH
3,170222365,170305981,5584,PRKCI
19,14433053,14471867,5585,PKN1
1,88684222,88836255,5586,PKN2
14,29576479,30191898,5587,PRKD1
10,6427143,6580301,5588,PRKCQ
19,11435288,11450968,5589,PRKCSH
1,2050470,2185395,5590,PRKCZ
8,47773108,47960183,5591,PRKDC
10,50991358,52298350,5592,PRKG1
4,81087370,81215117,5593,PRKG2
22,21754500,21867680,5594,MAPK1
16,30114105,30123506,5595,MAPK3
18,50560078,50731824,5596,MAPK4
15,51952106,52067372,5597,MAPK6
17,19377721,19383544,5598,MAPK7
10,48306639,48439360,5599,MAPK8
22,50263713,50270767,5600,MAPK11
5,180233143,180292099,5601,MAPK9
4,86010395,86594131,5602,MAPK10
6,36127809,36144524,5603,MAPK13
15,66386817,66492312,5604,MAP2K1
19,4090321,4124129,5605,MAP2K2
17,21284672,21315240,5606,MAP2K3
15,67542709,67807123,5607,MAP2K5
17,69414698,69543331,5608,MAP2K6
19,7903843,7914478,5609,MAP2K7
2,37099210,37157065,5610,EIF2AK2
13,95677139,95794989,5611,DNAJC3
11,76349956,76380971,5612,THAP12
6,22287244,22297501,5617,PRL
5,35048756,35230589,5618,PRLR
16,11280836,11281350,5619,PRM1
16,11275639,11276480,5620,PRM2
20,4686236,4701590,5621,PRNP
19,6375148,6379058,5623,PSPN
2,127418427,127429246,5624,PROC
22,18912777,18936553,5625,PRODH
5,177992235,177996242,5626,PROP1
3,93873033,93974066,5627,PROS1
1,213983181,214041502,5629,PROX1
12,49293252,49298686,5630,PRPH
17,76309486,76384521,5635,PRPSAP1
17,18840085,18931287,5636,PRPSAP2
19,49580646,49591015,5639,PRRG2
14,92703807,92748702,5641,LGMN
7,142749468,142753076,5644,PRSS1
7,142760398,142774564,5645,PRSS2
9,33750466,33799231,5646,PRSS3
3,187217285,187292022,5648,MASP1
7,103471784,103989516,5649,RELN
19,50976482,50984099,5650,KLK7
21,18269116,18485879,5651,TMPRSS15
16,31131433,31135762,5652,PRSS8
19,50958631,50969673,5653,KLK6
10,122461525,122514908,5654,HTRA1
19,51012739,51020175,5655,KLK10
19,840960,848175,5657,PRTN3
10,71816298,71851375,5660,PSAP
10,102402617,102421539,5662,PSD
14,73136418,73223691,5663,PSEN1
1,226870184,226896105,5664,PSEN2
19,42866464,42879822,5669,PSG1
19,43064211,43083045,5670,PSG2
19,42721638,42740569,5671,PSG3
19,43192702,43207299,5672,PSG4
19,43166256,43186536,5673,PSG5
19,42902079,42919563,5675,PSG6
19,42924132,42937178,5676,PSG7
19,43211791,43269530,5678,PSG9
19,43007656,43026512,5680,PSG11
16,67893272,67929678,5681,PSKH1
11,14504874,14643635,5682,PSMA1
7,42916857,42932223,5683,PSMA2
14,58244831,58272012,5684,PSMA3
15,78540405,78552419,5685,PSMA4
1,109399031,109426427,5686,PSMA5
14,35278633,35317493,5687,PSMA6
20,62136735,62143440,5688,PSMA7
6,170535117,170553341,5689,PSMB1
1,35599544,35641844,5690,PSMB2
17,38752736,38764231,5691,PSMB3
1,151399534,151401944,5692,PSMB4
14,23016543,23035230,5693,PSMB5
17,4796144,4798503,5694,PSMB6
9,124353466,124415444,5695,PSMB7
6,32840717,32844703,5696,PSMB8
17,43952738,44004469,5697,PYY
6,32844136,32859585,5698,PSMB9
16,67934502,67937087,5699,PSMB10
14,90256495,90275429,5700,PSMC1
7,103344254,103369395,5701,PSMC2
11,47418769,47426473,5702,PSMC3
19,39971005,39981441,5704,PSMC4
17,63827152,63832026,5705,PSMC5
14,52707172,52728587,5706,PSMC6
2,231056864,231172827,5707,PSMD1
3,184298709,184309054,5708,PSMD2
17,39980797,39997960,5709,PSMD3
1,151254703,151267479,5710,PSMD4
9,120815496,120842984,5711,PSMD5
16,74296775,74306288,5713,PSMD7
19,38374536,38383824,5714,PSMD8
12,121888731,121918297,5715,PSMD9
17,32444261,32483318,5717,PSMD11
17,67337916,67366627,5718,PSMD12
11,236546,252984,5719,PSMD13
14,24136158,24138967,5720,PSME1
14,24143362,24147570,5721,PSME2
7,56011051,56051604,5723,PSPH
1,28147166,28193936,5724,PTAFR
19,797075,812327,5725,PTBP1
7,141972631,141973773,5726,TAS2R38
9,95442980,95517057,5727,PTCH1
10,87863113,87971930,5728,PTEN
14,52267713,52276724,5729,PTGDR
9,136975092,136981742,5730,PTGDS
19,14472466,14475362,5731,PTGER1
14,52314305,52328606,5732,PTGER2
1,70852353,71047808,5733,PTGER3
5,40679498,40693735,5734,PTGER4
1,78303884,78539749,5737,PTGFR
1,116910057,116990358,5738,PTGFRN
19,46620468,46625118,5739,PTGIR
20,49503874,49568146,5740,PTGIS
11,13492055,13496181,5741,PTH
9,122370530,122395703,5742,PTGS1
1,186671791,186680427,5743,PTGS2
12,27958084,27972705,5744,PTHLH
3,46877746,46903799,5745,PTH1R
2,208359714,208854503,5746,PTH2R
8,140657900,141002216,5747,PTK2
20,63528001,63537370,5753,PTK6
6,43076268,43161719,5754,PTK7
12,43793723,43806375,5756,TWF1
2,231706895,231713541,5757,PTMA
12,6765516,6770952,5763,PTMS
7,137227341,137343865,5764,PTN
1,180154834,180204030,5768,QSOX1
20,50510321,50585241,5770,PTPN1
18,12785478,12929643,5771,PTPN2
9,109375466,109498313,5774,PTPN3
2,119759631,119983818,5775,PTPN4
12,6946468,6961316,5777,PTPN6
1,202147013,202161588,5778,PTPN7
15,75463251,75579289,5780,PTPN9
12,112418351,112509913,5781,PTPN11
7,77537275,77640071,5782,PTPN12
4,86594315,86815171,5783,PTPN13
1,214348696,214552449,5784,PTPN14
20,2864184,3039076,5786,PTPRA
12,70515866,70637440,5787,PTPRB
1,198638671,198757283,5788,PTPRC
9,8314246,10612723,5789,PTPRD
11,67435510,67438067,5790,PTPRCAP
10,127907061,128085855,5791,PTPRE
1,43525187,43623666,5792,PTPRF
3,61561569,62297613,5793,PTPRG
19,55181248,55209506,5794,PTPRH
11,47980558,48170841,5795,PTPRJ
6,127968779,128520674,5796,PTPRK
18,7566782,8406861,5797,PTPRM
2,219289623,219309648,5798,PTPRN
7,157539056,158587788,5799,PTPRN2
12,15322397,15597399,5800,PTPRO
12,70638073,70920843,5801,PTPRR
19,5158495,5340803,5802,PTPRS
7,121873089,122062036,5803,PTPRZ1
11,112226365,112269955,5805,PTS
3,157436789,157443628,5806,PTX3
5,34905264,34918989,5810,RAD1
5,140107777,140125619,5813,PURA
7,44876293,44885361,5814,PURB
22,36800684,36819479,5816,PVALB
19,44643798,44663583,5817,PVR
11,119623408,119729084,5818,NECTIN1
19,44846175,44889228,5819,NECTIN2
21,44107290,44131181,5822,PWP2
1,160276812,160286348,5824,PEX19
1,94418455,94518666,5825,ABCD3
14,74285423,74303056,5826,ABCD4
12,132687606,132704991,5827,PXMP2
8,76980258,77001044,5828,PEX2
12,120210439,120265771,5829,PXN
12,7188685,7218574,5830,PEX5
17,81932384,81942412,5831,PYCR1
10,95605929,95656706,5832,ALDH18A1
17,81900965,81911464,5833,PCYT2
20,25248069,25298014,5834,PYGB
14,50857891,50944736,5836,PYGL
11,64746389,64760297,5837,PYGM
12,9148840,9208370,5858,PZP
3,49095932,49105135,5859,QARS
4,17460261,17512234,5860,QDPR
2,65070701,65130106,5861,RAB1A
8,60516857,60623627,5862,RAB2A
6,33291654,33299324,5863,RGL2
19,18196784,18204074,5864,RAB3A
1,51907956,51990764,5865,RAB3B
11,61897301,61920269,5866,RAB3IL1
1,229271062,229305894,5867,RAB4A
3,19947079,19985175,5868,RAB5A
12,55973913,55996683,5869,RAB5B
11,73675638,73761137,5870,RAB6A
11,64784914,64803241,5871,MAP4K2
1,153981617,153986358,5872,RAB13
15,55202966,55319113,5873,RAB27A
18,54717860,54895516,5874,RAB27B
14,24265538,24271739,5875,RABGGTA
1,75786197,75795079,5876,RABGGTB
1,202878957,202889135,5877,RABIF
17,42124976,42155044,5878,RAB5C
7,6374523,6403977,5879,RAC1
22,37225261,37244448,5880,RAC2
17,82031624,82034204,5881,RAC3
11,67317871,67398410,5883,RAD9A
5,69369293,69414801,5884,RAD17
8,116845935,116874866,5885,RAD21
19,12945855,12953642,5886,RAD23A
9,107283137,107332194,5887,RAD23B
15,40694774,40732339,5888,RAD51
17,58692573,58735611,5889,RAD51C
14,67819779,68730218,5890,RAD51B
14,102224500,102305200,5891,MOK
17,35092208,35121522,5892,RAD51D
12,912077,990053,5893,RAD52
3,12583601,12664226,5894,RAF1
11,36510709,36593156,5896,RAG1
11,36575574,36598279,5897,RAG2
7,39623483,39708124,5898,RALA
2,120240064,120294713,5899,RALB
9,133097720,133149334,5900,RALGDS
12,130871879,130877678,5901,RAN
22,20115938,20127357,5902,RANBP1
2,108719481,108785811,5903,RANBP2
22,41245611,41286251,5905,RANGAP1
1,111542218,111716691,5906,RAP1A
12,68610839,68671901,5908,RAP1B
1,21596215,21669363,5909,RAP1GAP
4,98261384,98443861,5910,RAP1GDS1
13,97434222,97469128,5911,RAP2A
3,153162270,153170620,5912,RAP2B
11,47437757,47449178,5913,RAPSN
17,40309192,40357643,5914,RARA
3,25174332,25597932,5915,RARB
12,53210567,53232980,5916,RARG
5,168486445,168519299,5917,RARS
3,158696892,158732696,5918,RARRES1
7,150338317,150341674,5919,RARRES2
11,63536809,63546462,5920,RARRES3
5,87267888,87391931,5921,RASA1
3,141487047,141615342,5922,RASA2
15,78959947,79090773,5923,RASGRF1
5,80960672,81230156,5924,RASGRF2
13,48303751,48481986,5925,RB1
14,58298385,58373887,5926,ARID4A
12,280129,389454,5927,KDM5A
1,32651142,32686211,5928,RBBP4
1,205086142,205122015,5929,RBBP5
16,24537693,24572863,5930,RBBP6
18,22798261,23026488,5932,RBBP8
20,36996349,37095995,5933,RBL1
16,53433977,53491649,5934,RBL2
11,66638617,66666682,5936,RBM4
2,160272151,160493794,5937,RBMS1
12,56521929,56596196,5939,RBMS2
3,139517434,139539829,5947,RBP1
3,139452884,139480747,5948,RBP2
10,47348371,47357875,5949,RBP3
10,93591687,93601744,5950,RBP4
11,31812391,32105755,5954,RCN1
15,76931619,76954392,5955,RCN2
17,9896320,9905621,5957,RCVRN
12,55720367,55724705,5959,RDH5
6,42696600,42722574,5961,PRPH2
11,110174880,110296722,5962,RDX
12,21468911,21501669,5965,RECQL
2,60881521,60931610,5966,REL
2,79120362,79123419,5967,REG1A
2,79085030,79088019,5968,REG1B
11,65653596,65663094,5970,RELA
19,45001430,45038198,5971,RELB
1,204154819,204190324,5972,REN
19,18831938,18868236,5976,UPF1
11,65333754,65353249,5977,DPF2
4,56907876,56966678,5978,REST
10,43077027,43130351,5979,RET
6,111299028,111483715,5980,REV3L
4,39287456,39366375,5981,RFC1
7,74231499,74254458,5982,RFC2
13,33818049,33966558,5983,RFC3
3,186789880,186807058,5984,RFC4
12,118013588,118033130,5985,RFC5
17,82047902,82051831,5986,RFNG
6,28903002,28923989,5987,TRIM27
22,29438583,29442455,5988,RFPL1
19,13961538,14007039,5989,RFX1
19,5993164,6199572,5990,RFX2
9,3218297,3526004,5991,RFX3
12,106582907,106762803,5992,RFX4
1,151340640,151347357,5993,RFX5
13,36819224,36829104,5994,RFXAP
10,84245053,84259960,5995,RGR
1,192575727,192580031,5996,RGS1
1,192809039,192812283,5997,RGS2
9,113444731,113597743,5998,RGS3
1,163068775,163076802,5999,RGS4
1,240775515,241357230,6000,RGS7
10,119499828,119542708,6001,RGS10
4,3293028,3439913,6002,RGS12
1,192636138,192660306,6003,RGS13
1,182598623,182604408,6004,RGS16
6,49605158,49636839,6005,RHAG
1,25362249,25430192,6006,RHCE
1,25272393,25330445,6007,RHD
7,151466012,151520120,6009,RHEB
3,129528640,129535169,6010,RHO
13,113667155,113737735,6011,GRK1
9,5334969,5339873,6013,RLN1
18,42743227,43115691,6014,RIT2
6,33208495,33212722,6015,RING1
1,155897808,155911404,6016,RIT1
15,89209869,89221751,6017,RLBP1
1,40161373,40240921,6018,RLF
9,5299868,5304969,6019,RLN2
9,35657751,35658018,6023,RMRP
14,49586580,49586878,6029,RN7SL1
14,20801228,20803278,6035,RNASE1
14,20955452,20956436,6036,RNASE2
14,20891399,20892348,6037,RNASE3
14,20684100,20701215,6038,RNASE4
14,20781051,20782467,6039,RNASE6
1,182573634,182589256,6041,RNASEL
1,185045364,185102608,6045,RNF2
6,32968660,32981505,6046,BRD2
4,2462220,2625320,6047,RNF4
6,32178354,32180793,6048,RNF5
13,26132115,26222493,6049,RNF6
11,494512,507300,6050,RNH1
1,201982372,202006147,6051,RNPEP
4,145097932,145129179,6059,ABCE1
1,16740516,16740679,6060,RNU1-4
1,144551779,144551943,6063,U1
17,43233787,43233977,6066,RNU2-1
11,75400391,75400538,6079,SNORD15A
2,231456444,231456523,6082,SNORD20
1,92837289,92837383,6083,SNORD21
7,148987136,148987248,6084,RNY1
7,148983755,148983856,6085,RNY3
7,148963315,148963410,6086,RNY4
3,78597240,79767815,6091,ROBO1
3,75906695,77649964,6092,ROBO2
18,20946906,21111851,6093,ROCK1
11,62611722,62615120,6094,ROM1
15,60488284,61229319,6095,RORA
9,74497365,74693177,6096,RORB
1,151806071,151831872,6097,RORC
6,117288300,117425855,6098,ROS1
7,33094797,33109401,6100,RP9
8,54554361,54871720,6101,RP1
17,1829702,1900082,6117,RPA1
1,27891524,27914746,6118,RPA2
7,7636518,7718607,6119,RPA3
2,210002565,210022259,6120,RPE
1,68428822,68449959,6121,RPE65
22,39312882,39320389,6122,RPL3
16,1943974,1957606,6123,RPL3L
15,66498015,66524532,6124,RPL4
1,92832025,92841924,6125,RPL5
12,112405190,112418838,6128,RPL6
8,73290267,73295789,6129,RPL7
9,133348214,133351426,6130,RPL7A
8,144789765,144792587,6132,RPL8
4,39454124,39458948,6133,RPL9
1,23691779,23696425,6135,RPL11
9,127447674,127451405,6136,RPL12
16,89560657,89566828,6137,RPL13
3,23916545,23923692,6138,RPL15
18,49488453,49492523,6139,RPL17
19,48615328,48619536,6141,RPL18
19,17859876,17864153,6142,RPL18A
17,39200283,39204727,6143,RPL19
13,27251309,27256691,6144,RPL21
1,6181269,6209389,6146,RPL22
17,28719393,28724359,6147,RPL23A
11,1947278,1984522,6150,MRPL23
3,101681091,101686782,6152,RPL24
17,8377520,8383213,6154,RPL26
17,42998273,43002959,6155,RPL27
8,98024851,98046469,6156,RPL30
11,8682411,8714759,6157,RPL27A
19,55385345,55403250,6158,RPL28
3,51993600,51995942,6159,RPL29
2,101001715,101024032,6160,RPL31
3,12834485,12841588,6161,RPL32
4,108620566,108630412,6164,RPL34
3,197949987,197956610,6165,RPL35A
14,49618519,49620685,6166,RPL36AL
5,40825262,40835335,6167,RPL37
2,216498189,216579180,6168,RPL37A
17,74203582,74210655,6169,RPL38
12,56116586,56117943,6171,RPL41
12,120196686,120201235,6175,RPLP0
15,69452784,69456194,6176,RPLP1
11,809647,812880,6181,RPLP2
17,81703357,81707526,6182,MRPL12
19,38930548,38933162,6183,MRPS12
3,128619970,128681075,6184,RPN1
20,37178410,37241623,6185,RPN2
16,1962052,1964860,6187,RPS2
11,75399486,75422280,6188,RPS3
4,151099573,151104652,6189,RPS3A
19,58386400,58394806,6193,RPS5
9,19375715,19380254,6194,RPS6
1,26529761,26575030,6195,RPS6KA1
6,166409364,166906451,6196,RPS6KA2
17,59893046,59950564,6198,RPS6KB1
11,67428460,67435408,6199,RPS6KB2
2,3575205,3580919,6201,RPS7
19,54200742,54249003,6203,RPS9
6,34417454,34426125,6204,RPS10
19,49496365,49499689,6205,RPS11
6,132814441,132817564,6206,RPS12
5,150443190,150449756,6208,RPS14
19,1438358,1440494,6209,RPS15
16,18781295,18790383,6210,RPS15A
19,39433207,39435948,6217,RPS16
15,82536753,82540564,6218,RPS17
6,33272010,33276510,6222,RPS18
19,41859918,41872926,6223,RPS19
8,56067295,56074581,6224,RPS20
20,62387116,62388520,6227,RPS21
5,82273358,82278577,6228,RPS23
10,78033760,78056812,6229,RPS24
11,119015712,119018691,6230,RPS25
12,56041853,56044675,6231,RPS26
1,153990759,153992150,6232,RPS27
2,55231903,55235853,6233,RPS27A
19,8321158,8323340,6234,RPS28
14,49570984,49599164,6235,RPS29
16,66921679,66925644,6236,RRAD
19,49635292,49640201,6237,RRAS
20,17613678,17682295,6238,RRBP1
6,7107597,7251980,6239,RREB1
11,4094707,4138876,6240,RRM1
2,10122328,10131419,6241,RRM2
2,74425836,74442422,6242,RTKN
1,15659869,15661722,6248,RSC1A1
12,122271432,122422632,6249,CLIP1
10,16590611,16817528,6251,RSU1
14,59595976,59870966,6252,RTN1
19,45485289,45497061,6253,RTN2
9,134317098,134440585,6256,RXRA
6,33193588,33200688,6257,RXRB
1,165400917,165445355,6258,RXRG
3,134065303,134250744,6259,RYK
19,38433699,38587564,6261,RYR1
1,237042205,237833988,6262,RYR2
15,33310945,33866121,6263,RYR3
1,153627926,153632039,6271,S100A1
1,109309568,109397951,6272,SORT1
1,153561108,153567890,6273,S100A2
1,153547329,153549372,6274,S100A3
1,153543613,153550136,6275,S100A4
1,153537147,153541765,6276,S100A5
1,153534599,153536244,6277,S100A6
1,153457744,153460701,6278,S100A7
1,153390032,153391188,6279,S100A8
1,153357854,153361027,6280,S100A9
1,151982915,151994390,6281,S100A10
1,152032506,152047907,6282,S100A11
1,153373706,153375649,6283,S100A12
1,153618787,153631360,6284,S100A13
21,46598962,46605208,6285,S100B
4,6693069,6697170,6286,S100P
11,18266174,18269977,6288,SAA1
11,18239223,18248643,6289,SAA2
11,18112472,18116132,6290,SAA3P
11,18231349,18236893,6291,SAA4
6,33250272,33272047,6293,VPS52
19,5623035,5668478,6294,SAFB
2,233307816,233347055,6295,SAG
16,20610243,20797581,6296,ACSM3
14,21521081,21537216,6297,SALL2
16,51135975,51151367,6299,SALL1
22,50245450,50261825,6300,MAPK12
1,109213918,109238169,6301,SARS
12,57738013,57750211,6302,TSPAN31
3,18345387,18445588,6304,SATB1
22,50445000,50475024,6305,SBF1
4,165327623,165343160,6307,MSMO1
11,121292453,121308694,6309,SC5D
6,16299112,16761491,6310,ATXN1
12,111452214,111599676,6311,ATXN2
3,63864557,64003462,6314,ATXN7
18,63655197,63661963,6317,SERPINB3
18,63637259,63644298,6318,SERPINB4
10,100347124,100364834,6319,SCD
19,50723329,50725718,6320,CLEC11A
2,165989160,166149214,6323,SCN1A
19,35030466,35040449,6324,SCN1B
2,165194993,165392310,6326,SCN2A
11,118161951,118176673,6327,SCN2B
2,165087522,165204067,6328,SCN3A
17,63938554,63972918,6329,SCN4A
11,118133377,118152888,6330,SCN4B
3,38548057,38649673,6331,SCN5A
2,166403573,166494247,6332,SCN7A
12,51590266,51812864,6334,SCN8A
2,166195185,166375993,6335,SCN9A
3,38696802,38794010,6336,SCN10A
12,6346843,6377730,6337,SCNN1A
16,23278231,23381299,6338,SCNN1B
1,1280436,1292029,6339,SCNN1D
16,23182715,23216883,6340,SCNN1G
17,10672474,10698375,6341,SCO1
1,52927229,53051703,6342,SCP2
11,626431,627143,6343,SCT
2,119439843,119525301,6344,SCTR
16,4189374,4242080,6345,SRL
17,34360328,34363231,6346,CCL1
17,34255218,34257203,6347,CCL2
17,36088256,36090169,6348,CCL3
17,36194869,36196758,6349,CCL3L1
17,36103590,36105621,6351,CCL4
17,35871491,35880793,6352,CCL5
17,34270221,34272242,6354,CCL7
17,34319036,34321402,6355,CCL8
17,34285668,34288334,6356,CCL11
17,34356452,34358610,6357,CCL13
17,35983291,35987004,6358,CCL14
17,35996440,36002038,6359,CCL15
17,35976493,35981496,6360,CCL16
16,57404767,57416062,6361,CCL17
17,36064280,36072032,6362,CCL18
9,34689567,34691277,6363,CCL19
2,227813842,227817564,6364,CCL20
9,34709005,34710124,6366,CCL21
16,57358772,57366190,6367,CCL22
17,36013056,36017968,6368,CCL23
7,75811665,75823356,6369,CCL24
19,8052767,8062650,6370,CCL25
4,73836497,73849064,6372,CXCL6
4,76033682,76041415,6373,CXCL11
4,73995642,73998779,6374,CXCL5
1,168576473,168582077,6375,XCL1
16,57372458,57385048,6376,CX3CL1
2,20200797,20225433,6382,SDC1
8,96493351,96611780,6383,SDC2
20,45325288,45348424,6385,SDC4
8,58552924,58582860,6386,SDCBP
10,44370165,44386493,6387,CXCL12
17,28648356,28662189,6388,SDF2
5,218241,256700,6389,SDHA
1,17018722,17054170,6390,SDHB
1,161314257,161375340,6391,SDHC
11,112086773,112120013,6392,SDHD
3,10293131,10321178,6396,SEC13
17,77086716,77217101,6397,SEC14L1
17,82321024,82334074,6398,SECTM1
14,81471549,81533861,6400,SEL1L
1,169722641,169764705,6401,SELE
1,169690667,169711698,6402,SELL
1,169588849,169630193,6403,SELP
12,108622277,108633959,6404,SELPLG
3,50155045,50189075,6405,SEMA3F
20,45206997,45209772,6406,SEMG1
20,45221300,45224458,6407,SEMG2
5,42799880,42887392,6414,SELENOP
19,47778572,47784686,6415,SELENOW
17,12020824,12143830,6416,MAP2K4
9,128683424,128696400,6418,SET
3,4303304,4317567,6419,SETMAR
1,35176378,35193148,6421,SFPQ
8,41261958,41309497,6422,SFRP1
4,153780592,153789120,6423,SFRP2
7,37905932,38025695,6424,SFRP4
10,97766751,97771952,6425,SFRP5
17,58003360,58007346,6426,SRSF1
17,76734115,76737374,6427,SRSF2
6,36594353,36605600,6428,SRSF3
1,29147743,29181987,6429,SRSF4
14,69726900,69772005,6430,SRSF5
20,43457928,43464247,6431,SRSF6
2,38743599,38751494,6432,SRSF7
12,131711081,131799737,6433,SFSWAP
3,185915906,185938136,6434,TRA2B
2,85657314,85668741,6439,SFTPB
8,22156913,22164479,6440,SFTPC
10,79937740,79982614,6441,SFTPD
17,50164214,50175931,6442,SGCA
4,52020706,52038482,6443,SGCB
5,155870344,156767788,6444,SGCD
13,23180952,23325165,6445,SGCG
6,134169246,134318112,6446,SGK1
15,32641676,32697098,6447,SCG5
17,80206716,80220923,6448,SGSH
19,2754714,2783371,6449,SGTA
21,39445855,39515506,6450,SH3BGR
4,2793023,2841098,6452,SH3BP2
21,33642400,33899861,6453,ITSN1
19,4360370,4400547,6455,SH3GL1
9,17579082,17797129,6456,SH3GL2
15,83447228,83618743,6457,SH3GL3
9,37919134,38069211,6461,SHB
17,7613946,7633383,6462,SHBG
1,154962298,154974395,6464,SHC1
10,101610664,101695295,6468,FBXW4
7,155799986,155812273,6469,SHH
17,18327860,18363563,6470,SHMT1
12,57229327,57234935,6472,SHMT2
3,158095954,158106503,6474,SHOX2
3,164978898,165078495,6476,SI
16,48356364,48448402,6477,SIAH1
3,150741127,150763477,6478,SIAH2
3,186930485,187078553,6480,ST6GAL1
8,133454848,133571940,6482,ST3GAL1
16,70375978,70439237,6483,ST3GAL2
11,126355640,126440344,6484,ST3GAL4
1,43705824,43931165,6487,ST3GAL3
12,22063773,22437041,6489,ST8SIA1
12,55954105,55973317,6490,PMEL
1,47250139,47314147,6491,STIL
6,100385015,100464929,6492,SIM1
21,36699133,36749917,6493,SIM2
11,65638097,65650930,6494,SIPA1
14,60643415,60658259,6495,SIX1
2,44941898,44946077,6496,SIX3
1,2228695,2310119,6497,SKI
3,170357678,170396835,6498,SKIL
6,31959080,31969755,6499,SKIV2L
5,134148935,134177038,6500,SKP1
5,36151989,36184319,6502,SKP2
8,133036724,133103054,6503,SLA
1,160608100,160647295,6504,SLAMF1
9,4490444,4587469,6505,SLC1A1
11,35251206,35420063,6506,SLC1A2
5,36606355,36688334,6507,SLC1A3
2,219627327,219641980,6508,SLC4A3
2,64988477,65023865,6509,SLC1A4
19,46774883,46788594,6510,SLC1A5
19,14950034,15022990,6511,SLC1A6
1,53087179,53142632,6512,SLC1A7
1,42925375,42959173,6513,SLC2A1
3,170996348,171026750,6514,SLC2A2
12,7919230,7936275,6515,SLC2A3
17,7281667,7288257,6517,SLC2A4
1,9035107,9088478,6518,SLC2A5
2,44275458,44321494,6519,SLC3A1
11,62856102,62888875,6520,SLC3A2
17,44248385,44268141,6521,SLC4A1
7,151057210,151076527,6522,SLC4A2
22,32043032,32113029,6523,SLC5A1
16,31483002,31490860,6524,SLC5A2
22,31064105,31104757,6525,SMTN
21,34073570,34106262,6526,SLC5A3
22,32218476,32255341,6527,SLC5A4
19,17871973,17895174,6528,SLC5A5
3,10992724,11039247,6529,SLC6A1
16,55655604,55706192,6530,SLC6A2
5,1392790,1445430,6531,SLC6A3
17,30194319,30236002,6532,SLC6A4
3,14402576,14489349,6533,SLC6A6
5,150189957,150222788,6534,SLC6A7
1,43991500,44031467,6536,SLC6A9
3,10816200,10940733,6538,SLC6A11
12,190077,214570,6539,SLC6A12
12,220621,262873,6540,SLC6A13
13,29509410,29595688,6541,SLC7A1
8,17497088,17570573,6542,SLC7A2
19,47428017,47472168,6543,SLC8A2
22,21028718,21032840,6545,SLC7A4
2,40097270,40611053,6546,SLC8A1
14,70044217,70189070,6547,SLC8A3
1,27098815,27166981,6548,SLC9A1
2,102619707,102711318,6549,SLC9A2
5,473310,524332,6550,SLC9A3
16,67237683,67272190,6553,SLC9A5
14,69775417,69797289,6554,SLC10A1
13,103043998,103066846,6555,SLC10A2
2,218382029,218396894,6556,SLC11A1
15,48191664,48304078,6557,SLC12A1
5,128083766,128189688,6558,SLC12A2
16,56865207,56915850,6559,SLC12A3
16,67943474,67969601,6560,SLC12A4
7,123113531,123199986,6561,SLC13A1
18,45724127,45752520,6563,SLC14A1
13,98683801,98752654,6564,SLC15A1
3,121894089,121944102,6565,SLC15A2
1,112911847,112957013,6566,SLC16A1
6,25782897,25832059,6568,SLC17A1
5,177379235,177398848,6569,SLC34A1
8,20144855,20183206,6570,SLC18A1
10,117241093,117279430,6571,SLC18A2
10,49610301,49612720,6572,SLC18A3
21,45493572,45544411,6573,SLC19A1
2,112645857,112663827,6574,SLC20A1
8,42416475,42541926,6575,SLC20A2
22,19175575,19178830,6576,SLC25A1
3,133932696,134052184,6578,SLCO2A1
12,21264600,21419594,6579,SLCO1A2
6,160121789,160158718,6580,SLC22A1
6,160348268,160452581,6581,SLC22A3
6,160171061,160277638,6582,SLC22A2
5,132294443,132344206,6583,SLC22A4
5,132369752,132395614,6584,SLC22A5
10,96998038,97185920,6585,SLIT1
5,168661733,169301129,6586,SLIT3
11,107707378,107719693,6588,SLN
20,45252239,45254564,6590,SLPI
8,48917768,48921740,6591,SNAI2
9,1980290,2193624,6595,SMARCA2
3,149030127,149086554,6596,HLTF
19,10961001,11065395,6597,SMARCA4
22,23786963,23834516,6598,SMARCB1
3,47585272,47782106,6599,SMARCC1
12,56162983,56189567,6601,SMARCC2
12,50084972,50100712,6602,SMARCD1
17,63832081,63843065,6603,SMARCD2
7,151238764,151277896,6604,SMARCD3
17,40624962,40648508,6605,SMARCE1
5,70049612,70078522,6606,SMN2
5,70049612,70078522,6607,SMN2
7,129188872,129213545,6608,SMO
11,6390431,6394998,6609,SMPD1
6,109440763,109443919,6610,SMPD2
21,44805617,44818779,6612,SUMO3
17,75165586,75182983,6613,SUMO2
20,3686970,3707128,6614,SIGLEC1
20,49982999,49988886,6615,SNAI1
20,10218830,10307418,6616,SNAP25
14,61762357,61796428,6617,SNAPC1
19,7920316,7923250,6618,SNAPC2
9,15422704,15465953,6619,SNAPC3
5,176620084,176630556,6620,SNCB
9,136375577,136400168,6621,SNAPC4
4,89724099,89838315,6622,SNCA
10,86958618,86963260,6623,SNCG
7,5592823,5606655,6624,FSCN1
19,49085419,49108605,6625,SNRNP70
19,40750637,40765389,6626,SNRPA
15,101281510,101295282,6627,SNRPA1
20,2461634,2470853,6628,SNRPB
20,16729961,16742563,6629,SNRPB2
6,34757406,34773794,6631,SNRPC
18,21612267,21633524,6632,SNRPD1
19,45687454,45692569,6633,SNRPD2
22,24555503,24609980,6634,SNRPD3
1,203861603,203870550,6635,SNRPE
12,95858928,95903828,6636,SNRPF
2,70281362,70293771,6637,SNRPG
15,24823637,24978723,6638,SNRPN
20,33407955,33443892,6640,SNTA1
8,120535745,120813273,6641,SNTB1
15,64094123,64146090,6642,SNX1
5,122774996,122830108,6643,SNX2
16,69187129,69309052,6645,SNTB2
1,179293714,179358680,6646,SOAT1
21,31659622,31668931,6647,SOD1
6,159669057,159762529,6648,SOD2
4,24789912,24800842,6649,SOD3
16,527717,554636,6650,CAPN15
21,33542618,33577481,6651,SON
15,45023104,45077185,6652,SORD
11,121452203,121633693,6653,SORL1
2,38981396,39124345,6654,SOS1
14,50117120,50231558,6655,SOS2
13,112067647,112070488,6656,SOX1
3,181711924,181714436,6657,SOX2
6,21592768,21598619,6659,SOX4
12,23529500,23951032,6660,SOX5
17,72121020,72126420,6662,SOX9
22,37970686,37987422,6663,SOX10
2,5692667,5701385,6664,SOX11
17,7588178,7590170,6665,SOX15
20,325595,330224,6666,SOX12
12,53380176,53416446,6667,SP1
17,47896150,47928957,6668,SP2
2,173906459,173965702,6670,SP3
7,21428034,21514822,6671,SP4
2,230415942,230544090,6672,SP100
8,100157906,100259278,6674,SPAG1
1,162561506,162599842,6675,UAP1
20,35615892,35621049,6676,SPAG4
7,123925237,123971414,6677,SPAM1
5,151661096,151687165,6678,SPARC
2,32063611,32157637,6683,SPAST
16,89490917,89557768,6687,SPG7
11,47354860,47378576,6688,SPI1
19,50418938,50431313,6689,SPIB
5,147824568,147831786,6690,SPINK1
4,56809860,56821742,6691,SPINK2
15,40844018,40858207,6692,SPINT1
16,29662979,29670876,6693,SPN
2,234050679,234077134,6694,SPP2
5,136975298,137598379,6695,SPOCK1
4,87975650,87983426,6696,SPP1
2,72887360,72892158,6697,SPR
1,152985231,152985500,6698,SPRR1A
1,153031202,153032900,6699,SPRR1B
1,153056113,153057537,6700,SPRR2A
1,153070224,153070840,6701,SPRR2B
1,153039725,153041931,6703,SPRR2D
1,153093135,153106184,6704,SPRR2E
1,153112114,153113515,6705,SPRR2F
1,153149582,153150869,6706,SPRR2G
1,153001747,153003856,6707,SPRR3
1,158610706,158686698,6708,SPTA1
9,128552558,128633662,6709,SPTAN1
14,64746283,64879883,6710,SPTB
2,54456285,54671445,6711,SPTBN1
11,66685248,66729226,6712,SPTBN2
8,124998497,125022283,6713,SQLE
20,37344685,37406050,6714,SRC
5,6633343,6674386,6715,SRD5A1
2,31522480,31581067,6716,SRD5A2
7,88205118,88226993,6717,SRI
7,138002324,138117986,6718,AKR1D1
17,17810399,17837002,6720,SREBF1
22,41833079,41907308,6721,SREBF2
6,43171299,43181507,6722,SRF
1,11054584,11060024,6723,SRM
20,63540810,63547504,6725,SRMS
1,225777813,225790466,6726,SRP9
15,40035739,40039188,6727,SRP14
5,112861222,112869788,6728,SRP19
14,34981957,35029567,6729,SRP54
17,76038775,76072653,6730,SRP68
4,56466915,56503680,6731,SRP72
6,35832966,35921342,6732,SRPK1
7,105110704,105399308,6733,SRPK2
11,126262919,126269144,6734,SRPRA
11,4384897,4393696,6737,TRIM21
1,193059422,193091777,6738,TROVE2
2,169791933,169812064,6741,SSB
7,141738321,141787922,6742,SSBP1
2,181891833,181930738,6744,SSFA2
6,7268306,7347446,6745,SSR1
1,156009048,156020959,6746,SSR2
3,156540140,156555184,6747,SSR3
11,57325985,57335877,6749,SSRP1
3,187668906,187670399,6750,SST
14,38207999,38213067,6751,SSTR1
17,73165012,73176633,6752,SSTR2
22,37204238,37212322,6753,SSTR3
20,23035386,23036812,6754,SSTR4
16,1078781,1080142,6755,SSTR5
18,26016253,26091217,6760,SS18
11,8693351,8910951,6764,ST5
22,40824535,40857022,6767,ST13
11,130159562,130210376,6768,ST14
3,36380344,36548007,6769,STAC
8,38143649,38151265,6770,STAR
2,190964358,191020960,6772,STAT1
12,56341597,56360155,6773,STAT2
17,42313324,42388568,6774,STAT3
2,191029576,191151596,6775,STAT4
17,42287547,42311943,6776,STAT5A
17,42199168,42276707,6777,STAT5B
12,57095408,57132139,6778,STAT6
4,69995930,70002570,6779,STATH
20,49113339,49188367,6780,STAU1
8,23841915,23854807,6781,STC1
21,14371115,14383484,6782,HSPA13
4,69810780,69860152,6783,SULT1E1
6,79914812,79947580,6785,ELOVL4
11,3854527,4093210,6786,STIM1
3,52708449,52770949,6787,NEK4
8,98401403,98942827,6788,STK3
20,44966474,45079959,6789,STK4
20,56369389,56392337,6790,AURKA
5,172042073,172188386,6793,STK10
19,1177558,1228435,6794,STK11
19,57230802,57235548,6795,AURKC
16,28591943,28597109,6799,SULT1A2
2,36843640,36966472,6801,STRN
7,73699206,73719672,6804,STX1A
11,59755059,59805882,6809,STX3
16,31032889,31042975,6810,STX4
11,62806897,62832088,6811,STX5
9,127579370,127696027,6812,STXBP1
19,7636881,7647873,6813,STXBP2
1,108746674,108809526,6814,STXBP3
14,52730180,52774998,6815,STYX
16,28605196,28623625,6817,SULT1A1
16,30199228,30204310,6818,SULT1A3
2,108288639,108309915,6819,SULT1C2
19,48552075,48599425,6820,SULT2B1
12,55997180,56006641,6821,SUOX
19,47870466,47886397,6822,SULT2A1
17,58345175,58353093,6827,SUPT4H1
19,39436156,39476670,6829,SUPT5H
17,28662091,28702684,6830,SUPT6H
10,69180232,69209099,6832,SUPV3L1
11,17392885,17476845,6833,ABCC8
9,133351755,133356676,6834,SURF1
9,133356552,133361169,6835,SURF2
9,133361449,133376166,6836,SURF4
9,133338323,133348131,6837,MED22
9,133328774,133336398,6838,SURF6
10,29457338,29736781,6840,SVIL
12,6462237,6470987,6843,VAMP1
17,8159149,8163546,6844,VAMP2
1,168540765,168543997,6846,XCL2
1,114854803,114995370,6847,SYCP1
9,90801787,90898549,6850,SYK
3,12004402,12191400,6854,SYN2
7,106090503,106112576,6856,SYPL1
12,78863993,79452008,6857,SYT1
18,43267878,43277650,6860,SYT4
19,55171199,55180441,6861,SYT5
6,166157656,166168700,6862,T
7,97731908,97740472,6863,TAC1
10,69403903,69416867,6865,TACR2
12,57010000,57028883,6866,TAC3
8,38728186,38853028,6867,TACC1
2,9488486,9555792,6868,ADAM17
2,75046463,75199700,6869,TACR1
4,103586031,103719816,6870,TACR3
17,37406874,37479730,6871,TADA2A
8,119730775,119832863,6873,TAF2
20,61953469,62065810,6874,TAF4
18,26225936,26391685,6875,TAF4B
11,117199321,117204782,6876,TAGLN
10,103367967,103389065,6877,TAF5
7,100107070,100119841,6878,TAF6
5,141260225,141320821,6879,TAF7
5,69364743,69370013,6880,TAF9
11,6606296,6612667,6881,TAF10
6,34877778,34888089,6882,TAF11
1,28589323,28643085,6883,TAF12
1,109062486,109076002,6884,TAF13
6,90513573,90587045,6885,MAP3K7
1,47216290,47232220,6886,TAL1
9,105662457,105663112,6887,TAL2
11,747329,765024,6888,TALDO1
6,32845209,32853978,6890,TAP1
6,32821833,32838780,6891,TAP2
6,33299694,33314387,6892,TAPBP
1,234391313,234479103,6894,TARBP1
12,53500921,53506431,6895,TARBP2
5,33440696,33469539,6897,TARS
16,71565660,71577130,6898,TAT
22,19756703,19783593,6899,TBX1
1,205042937,205078284,6900,CNTN2
5,77691166,77868780,6902,TBCA
6,42744481,42746096,6903,TBCC
17,82752064,82945922,6904,TBCD
1,235367360,235448968,6905,TBCE
6,170554302,170572870,6908,TBP
17,61399896,61409466,6909,TBX2
12,114353931,114408442,6910,TBX5
16,30085793,30091887,6911,TBX6
1,118883046,118989556,6913,TBX15
19,3594506,3606840,6915,TBXA2R
7,139777051,140020325,6916,TBXAS1
8,53966552,54022529,6917,TCEA1
20,64049836,64072347,6919,TCEA2
1,23381061,23424740,6920,TCEA3
8,73939169,73972287,6921,ELOC
16,2771414,2777297,6923,ELOB
1,23743155,23762059,6924,ELOA
18,55222331,55664787,6925,TCF4
12,114670254,114684164,6926,TBX3
12,120978543,121002512,6927,HNF1A
17,37686432,37745247,6928,HNF1B
19,1609290,1652605,6929,TCF3
5,134114711,134151865,6932,TCF7
10,112950250,113167678,6934,TCF7L2
10,31318495,31529814,6935,ZEB1
2,75652000,75710989,6936,GCFC2
15,56918623,57299281,6938,TCF12
20,603797,610398,6939,TCF15
5,178694605,178730702,6940,ZNF354A
6,31158542,31167159,6941,TCF19
22,42160013,42343616,6942,TCF20
6,133889138,133895553,6943,TCF21
1,151169987,151195321,6944,VPS72
17,42567068,42573239,6945,MLX
11,59852800,59866575,6947,TCN1
22,30606838,30627278,6948,TCN2
5,150357639,150400308,6949,TCOF1
6,159778498,159789749,6950,TCP1
6,167357031,167384510,6953,TCP10
6,35118071,35148610,6954,TCP11
10,112283735,112305035,6975,TECTB
3,49412206,49416475,6988,TCTA
6,169740114,169751587,6991,TCTE3
6,30066709,30070333,6992,PPP1R11
6,158636474,158644739,6993,DYNLT1
12,103965804,103988874,6996,TDG
3,46574534,46582463,6997,TDGF1
4,155854738,155920406,6999,TDO2
19,12796820,12801859,7001,PRDX2
11,12674591,12944483,7003,TEAD1
12,2959330,3040673,7004,TEAD4
6,35473597,35497076,7005,TEAD3
4,48135783,48269864,7006,TEC
11,121101173,121191493,7007,TECTA
22,41367333,41399326,7008,TEF
12,49707725,49764934,7009,TMBIM6
9,27109141,27230175,7010,TEK
14,20365667,20413429,7011,TEP1
8,73008864,73048122,7013,TERF1
16,69355561,69408571,7014,TERF2
5,1253147,1295069,7015,TERT
9,35605305,35610041,7016,TESK1
3,133745956,133779006,7018,TF
10,58385022,58399221,7019,TFAM
6,10393186,10419659,7020,TFAP2A
6,50818723,50847613,7021,TFAP2B
20,56629302,56639283,7022,TFAP2C
16,4257186,4273075,7023,TFAP4
12,51093663,51173134,7024,TFCP2
5,93583337,93594615,7025,NR2F1
15,96325938,96340263,7026,NR2F2
13,113584721,113641470,7027,TFDP1
3,141944428,142149544,7029,TFDP2
21,42362282,42366594,7031,TFF1
21,42346357,42351128,7032,TFF2
21,42311667,42315651,7033,TFF3
2,187464230,187565760,7035,TFPI
7,100620416,100642779,7036,TFR2
3,196027183,196082189,7037,TFRC
8,132866958,133134903,7038,TG
2,70447280,70554193,7039,TGFA
19,41301587,41353911,7040,TGFB1
16,31471585,31477960,7041,TGFB1I1
1,218346235,218444619,7042,TGFB2
14,75958099,75982991,7043,TGFB3
1,225936598,225941489,7044,LEFTY2
5,136028895,136063818,7045,TGFBI
9,99104038,99154192,7046,TGFBR1
3,44874608,44914990,7047,TGM4
3,30606502,30694142,7048,TGFBR2
1,91680343,91906335,7049,TGFBR3
18,3411608,3459978,7050,TGIF1
14,24249114,24264432,7051,TGM1
20,38127387,38166578,7052,TGM2
20,2296001,2341078,7053,TGM3
11,2163929,2171877,7054,TH
20,23045633,23049741,7056,THBD
15,39581079,39599466,7057,THBS1
6,169215780,169254044,7058,THBS2
1,155195588,155209051,7059,THBS3
5,79991311,80083287,7060,THBS4
1,152106317,152115454,7062,TCHH
19,2785460,2815807,7064,THOP1
3,184371935,184378144,7066,THPO
17,40058290,40093867,7067,THRA
3,24117160,24495282,7068,THRB
11,78063861,78068351,7069,THRSP
11,119417378,119424985,7070,THY1
8,102648779,102655902,7071,KLF10
2,70209444,70248660,7072,TIA1
10,119571802,119597029,7073,TIAL1
21,31118416,31559977,7074,TIAM1
1,43300993,43323108,7075,TIE1
17,78852977,78925387,7077,TIMP2
22,32801701,32863043,7078,TIMP3
3,12153051,12159351,7079,TIMP4
14,36516392,36521149,7080,NKX2-1
15,29699367,29968865,7082,TJP1
17,78174075,78187233,7083,TK1
16,66508003,66552544,7084,TK2
3,53224707,53256052,7086,TKT
19,10289981,10296778,7087,ICAM5
9,81583683,81689305,7088,TLE1
19,2997638,3047635,7089,TLE2
15,70047790,70098176,7090,TLE3
9,79571773,79726882,7091,TLE4
4,165873258,166103895,7092,TLL1
10,96364606,96513918,7093,TLL2
9,35696948,35732395,7094,TLN1
3,169966635,169998373,7095,SEC62
4,38790677,38856817,7096,TLR1
4,153701500,153705699,7097,TLR2
4,186069152,186088069,7098,TLR3
9,117704332,117716871,7099,TLR4
1,223109406,223143282,7100,TLR5
6,108166058,108188809,7101,NR2E1
12,71125085,71441898,7103,TSPAN8
3,149473974,149503281,7104,TM4SF4
11,842808,867116,7106,TSPAN4
1,236142505,236221865,7107,GPR137B
11,65111845,65116384,7108,TM7SF2
21,44012319,44106552,7109,TRAPPC10
3,69019827,69052303,7110,TMF1
9,97501180,97601748,7111,TMOD1
12,98515512,98550379,7112,TMPO
21,41464551,41531116,7113,TMPRSS2
22,19523024,19527545,7122,CLDN5
3,45001548,45036071,7123,CLEC3B
6,31575567,31578336,7124,TNF
20,45823214,45833745,7125,TNNC2
17,28335602,28347009,7126,TNFAIP1
14,103123442,103137439,7127,TNFAIP2
6,137867188,137883312,7128,TNFAIP3
2,151357592,151380048,7130,TNFAIP6
12,6328757,6342114,7132,TNFRSF1A
1,12167003,12209228,7133,TNFRSF1B
3,52451102,52454070,7134,TNNC1
1,201403768,201429866,7135,TNNI1
11,1838989,1841680,7136,TNNI2
19,55151767,55157773,7137,TNNI3
19,55132794,55149354,7138,TNNT1
1,201359008,201377762,7139,TNNT2
11,1919562,1938706,7140,TNNT3
2,216859458,216860064,7141,TNP1
16,11267748,11269533,7142,TNP2
1,175315194,175743770,7143,TNR
2,217799789,218002995,7145,TNS1
6,32041154,32115334,7148,TNXB
20,41028818,41124487,7150,TOP1
17,40388516,40417950,7153,TOP2A
3,25597905,25664907,7155,TOP2B
17,18271428,18315007,7156,TOP3A
17,7661779,7687550,7157,TP53
15,43403061,43510728,7158,TP53BP1
1,223779899,223845972,7159,TP53BP2
1,3652520,3736201,7161,TP73
6,82363206,82370828,7162,TPBG
8,80034745,80231232,7163,TPD52
6,125119049,125264407,7164,TPD52L1
20,63865228,63891545,7165,TPD52L2
11,18017564,18042426,7166,TPH1
12,6867119,6870948,7167,TPI1
15,63042632,63071915,7168,TPM1
9,35681992,35691020,7169,TPM2
1,154155304,154194648,7170,TPM3
19,16067021,16103005,7171,TPM4
6,18128311,18155074,7172,TPMT
2,1374223,1543711,7173,TPO
13,102597003,102679958,7174,TPP2
1,186311652,186375693,7175,TPR
16,1240696,1242554,7177,TPSAB1
13,45333471,45341370,7178,TPT1
21,10521553,10606140,7179,TPTE
6,49692358,49713590,7180,CRISP2
12,95020229,95073703,7181,NR2C1
3,14947584,15053600,7182,NR2C2
12,103930107,103953645,7184,HSP90B1
9,120902393,120929173,7185,TRAF1
9,136881912,136926607,7186,TRAF2
14,102777476,102911500,7187,TRAF3
1,211326615,211374946,7188,TRAF5
11,36487027,36510272,7189,TRAF6
3,129974305,129977938,7200,TRH
8,109086621,109119584,7201,TRHR
1,156308968,156367873,7203,CCT3
5,14143702,14532128,7204,TRIO
7,100867138,100873454,7205,TRIP6
3,142724074,142807888,7220,TRPC1
11,3609901,3637559,7221,TRPC2
4,121879027,121951754,7222,TRPC3
13,37636636,37870425,7223,TRPC4
11,101451564,101872562,7225,TRPC6
21,44350163,44443081,7226,TRPM2
8,115408496,115809673,7227,TRPS1
2,121737103,121767853,7247,TSN
9,132891348,132944633,7248,TSC1
16,2047465,2088720,7249,TSC2
11,18468336,18527232,7251,TSG101
1,115029824,115034309,7252,TSHB
14,80954989,81146302,7253,TSHR
1,231528653,231566524,7257,TSNAX
6,116276578,116279903,7259,TSPYL1
2,3188925,3377882,7260,TSSC1
11,2928273,2929455,7262,PHLDA2
22,37010859,37020183,7263,TST
8,143612618,143618048,7264,TSTA3
5,160009113,160065543,7265,TTC1
17,41976433,42021376,7266,DNAJC7
21,37073226,37203112,7267,TTC3
1,54715822,54742657,7268,TTC4
9,132375548,132406851,7270,TTF1
6,80003887,80042527,7272,TTK
2,178525989,178830802,7273,TTN
8,63048553,63086053,7274,TTPA
11,8019244,8106112,7275,TUB
18,31591726,31599021,7276,TTR
2,219249711,219278170,7277,TUBA4A
13,19173770,19181852,7278,TUBA3C
6,3153669,3157526,7280,TUBB2A
17,42609676,42615234,7283,TUBG1
16,28842411,28846408,7284,TUFM
1,151540305,151583583,7286,TUFT1
6,35497874,35512938,7287,TULP1
19,48880965,48898733,7288,TULP2
12,2877223,2941140,7289,TULP3
22,19330698,19447450,7290,HIRA
7,19020991,19117672,7291,TWIST1
1,173183734,173207313,7292,TNFSF4
1,1211326,1214138,7293,TNFRSF4
4,48066393,48134256,7294,TXK
9,110243811,110256640,7295,TXN
12,104215779,104350305,7296,TXNRD1
19,10350529,10380676,7297,TYK2
18,657604,673578,7298,TYMS
11,89177452,89295759,7299,TYR
15,41557675,41583586,7301,TYRO3
19,35904401,35908295,7305,TYROBP
9,12685439,12710290,7306,TYRP1
21,43092956,43107587,7307,U2AF1
19,18571730,18577550,7311,UBA52
17,16380798,16382745,7314,UBB
12,124911604,124917368,7316,UBC
3,49805207,49813946,7318,UBA7
5,134371179,134391992,7320,UBE2B
10,58334975,58370753,7321,UBE2D1
5,139526431,139628433,7322,UBE2D2
4,102794383,102868896,7323,UBE2D3
3,23805903,23891316,7324,UBE2E1
3,23203020,23591793,7325,UBE2E2
17,4269259,4366628,7326,UBE2G1
21,44768580,44802019,7327,UBE2G2
7,129830732,129952949,7328,UBE2H
16,1308880,1327018,7329,UBE2I
22,21549447,21624034,7332,UBE2L3
12,93405673,93442262,7334,UBE2N
20,50081124,50115959,7335,UBE2V1
8,48008400,48064708,7336,UBE2V2
15,25333728,25439056,7337,UBE3A
2,202206180,202238608,7341,SUMO1
3,33388336,33441371,7342,UBP1
17,44205033,44221626,7343,UBTF
4,41256413,41268455,7345,UCHL1
13,75549480,75606020,7347,UCHL3
3,119173517,119205153,7348,UPK1B
2,27307400,27308445,7349,UCN
4,140559434,140568805,7350,UCP1
11,73974667,73983307,7351,UCP2
11,74000281,74009435,7352,UCP3
22,19449910,19479215,7353,UFD1
11,62405103,62423195,7356,SCGB1A1
9,111896766,111935369,7357,UGCG
4,39498755,39528311,7358,UGDH
2,63840940,63891562,7360,UGP2
4,69480165,69526014,7363,UGT2B4
4,69051363,69112987,7364,UGT2B7
4,68815993,68831196,7365,UGT2B10
4,68646630,68670628,7366,UGT2B15
4,68537184,68568527,7367,UGT2B17
4,114598455,114678224,7368,UGT8
16,20333052,20356301,7369,UMOD
1,165827531,165911618,7371,UCK2
3,124730366,124749273,7372,UMPS
8,120059780,120372036,7373,COL14A1
12,109097574,109110992,7374,UNG
3,49277831,49340712,7375,USP4
19,50329653,50382982,7376,NR1H2
7,48088628,48108733,7378,UPP1
11,118925164,118958559,7379,UPK2
22,45284982,45295874,7380,UPK3A
8,96225920,96235634,7381,UQCRB
3,48599002,48610976,7384,UQCRC1
16,21952660,21983660,7385,UQCRC2
19,29205321,29213541,7386,UQCRFS1
1,46303631,46316776,7388,UQCRH
1,45012147,45015575,7389,UROD
10,125784980,125823248,7390,UROS
1,161039251,161045977,7391,USF1
19,35268978,35279821,7392,USF2
1,62436297,62451804,7398,USP1
1,215622894,216423396,7399,USH2A
3,150926163,150972999,7401,CLRN1
6,144285701,144853034,7402,UTRN
11,75815167,76143195,7405,UVRAG
6,31777518,31795953,7407,VARS
19,45506579,45526983,7408,VASP
19,6772714,6857366,7409,VAV1
9,133761894,133992604,7410,VAV2
1,100719742,100739045,7412,VCAM1
10,73995193,74121363,7414,VCL
9,35056064,35073249,7415,VCP
5,133971915,134005133,7416,VDAC1
10,75210154,75231448,7417,VDAC2
8,42391624,42405897,7419,VDAC3
12,47841537,47943048,7421,VDR
6,43770184,43786487,7422,VEGFA
11,64234538,64238793,7423,VEGFB
4,176683538,176792727,7424,VEGFC
7,101162509,101165593,7425,VGF
3,10141008,10152220,7428,VHL
2,218419092,218453295,7429,VIL1
6,158765741,158819412,7430,EZR
10,17228259,17237593,7431,VIM
6,152750798,152759765,7432,VIP
3,42489299,42537573,7433,VIPR1
7,159028175,159144957,7434,VIPR2
9,2621834,2660053,7436,VLDLR
11,61949821,61965515,7439,BEST1
22,22244675,22245515,7441,VPREB1
17,3565444,3609411,7442,TRPV1
14,96797304,96931722,7443,VRK1
2,57907651,58159920,7444,VRK2
2,17539126,17657018,7447,VSNL1
17,28367276,28373091,7448,VTN
12,5948874,6124770,7450,VWF
14,100333788,100376805,7453,WARS
7,100733626,100797797,7455,ZAN
2,174559572,174682916,7456,WIPF1
7,74174245,74197101,7458,EIF4H
7,74289475,74405943,7461,CLIP2
7,74199652,74229834,7462,LAT2
9,98120975,98192640,7464,CORO2A
11,9573681,9593457,7465,WEE1
4,6269849,6303265,7466,WFS1
4,1871424,1982207,7468,NSD2
4,1982714,2041903,7469,NELFA
12,48978453,48981676,7471,WNT1
7,117276631,117323289,7472,WNT2
17,46762506,46833154,7473,WNT3
3,55465715,55490539,7474,WNT5A
2,218859821,218874233,7475,WNT6
3,13816258,13880121,7476,WNT7A
22,45920362,45977129,7477,WNT7B
5,138083892,138092365,7478,WNT8A
10,100463041,100483744,7479,WNT8B
12,48965340,48971763,7480,WNT10B
11,76186325,76210736,7481,WNT11
1,112466541,112530165,7482,WNT2B
1,227918656,227947898,7483,WNT9A
17,46833201,46886730,7484,WNT9B
21,39380244,39428528,7485,WRB
8,31033801,31173769,7486,WRN
11,32387775,32435630,7490,WT1
22,28794555,28800597,7494,XBP1
2,31334321,31414715,7498,XDH
9,97674909,97697357,7507,XPA
3,14145147,14178783,7508,XPC
10,109864766,109923553,7511,XPNPEP1
2,61477849,61538626,7514,XPO1
7,152644779,152676165,7516,XRCC2
14,103697609,103715504,7517,XRCC3
5,83077498,83353787,7518,XRCC4
2,216107464,216206303,7520,XRCC5
18,721588,812546,7525,YES1
14,100238298,100282792,7528,YY1
20,44885676,44908532,7529,YWHAB
17,1344272,1400378,7531,YWHAE
7,76326794,76359031,7532,YWHAG
22,31944461,31957603,7533,YWHAH
8,100916525,100953388,7534,YWHAZ
2,97713560,97739862,7535,ZAP70
11,64764606,64778786,7536,SF1
19,39406813,39409412,7538,ZFP36
9,113038380,113056759,7539,ZFP37
18,5289019,5297053,7541,ZBTB14
11,65084223,65088400,7542,ZFPL1
3,147393422,147510293,7545,ZIC1
13,99981772,99986773,7546,ZIC2
2,95165432,95184317,7549,ZNF2
7,100064033,100082548,7551,ZNF3
8,144827464,144847509,7553,ZNF7
19,58278951,58302805,7554,ZNF8
3,129169484,129183922,7555,CNBP
12,133130575,133159465,7556,ZNF10
7,6688433,6706923,7559,ZNF12
19,19710471,19733097,7561,ZNF14
19,21291160,21329425,7562,ZNF708
8,144930358,144950888,7564,ZNF16
19,57411163,57421939,7565,ZNF17
17,11977439,11997510,7566,ZNF18
16,71464555,71565089,7567,ZNF19
19,12092843,12140407,7568,ZNF20
10,45000475,45005326,7570,ZNF22
16,71447597,71463095,7571,ZNF23
18,35332212,35345482,7572,ZNF24
12,132986365,133032952,7574,ZNF26
19,52797409,52857600,7576,ZNF28
1,33472645,33496507,7579,ZSCAN20
10,43643859,43648856,7580,ZNF32
10,38010650,38065088,7581,ZNF33A
10,42574185,42638568,7582,ZNF33B
3,44648727,44660791,7584,ZNF35
7,100015572,100041689,7586,ZKSCAN1
10,38094334,38150293,7587,ZNF37A
7,100049774,100065038,7589,ZSCAN21
19,58561931,58573575,7593,MZF1
19,21804949,21852125,7594,ZNF43
19,43912629,43935278,7596,ZNF45
14,64449106,64505213,7597,ZBTB25
19,11887784,11914329,7620,ZNF69
22,23738678,23751092,7621,ZNF70
22,20394115,20408461,7625,ZNF74
16,3305406,3318852,7627,ZNF75A
6,35258909,35295985,7629,ZNF76
9,127424374,127445372,7633,ZNF79
3,114234631,114237578,7634,ZNF80
12,133037292,133063304,7637,ZNF84
19,43951223,43967709,7638,ZNF221
19,20923222,20950697,7639,ZNF85
19,20077994,20127076,7643,ZNF90
19,23304991,23395560,7644,ZNF91
19,22752183,22784107,7652,ZNF99
19,44025342,44033112,7673,ZNF222
19,9560353,9584533,7675,ZNF121
1,247121975,247172016,7678,ZNF124
15,23565678,23630075,7681,MKRN3
5,43065176,43192021,7690,ZNF131
19,58432814,58440222,7691,ZNF132
20,18288283,18316996,7692,ZNF133
19,57614233,57624723,7693,ZNF134
19,58059239,58086310,7694,ZNF135
19,12163064,12189881,7695,ZNF136
7,64794388,64833681,7697,ZNF138
12,133079838,133107544,7699,ZNF140
4,337814,384864,7700,ZNF141
2,218637916,218659655,7701,ZNF142
11,9460319,9528524,7702,ZNF143
17,38733897,38749817,7703,PCGF2
11,114059593,114250676,7704,ZBTB16
19,36214602,36238774,7705,ZNF146
17,56887909,56914038,7706,TRIM25
3,125225561,125375354,7707,ZNF148
1,15941869,15976132,7709,ZBTB17
19,57697367,57709194,7710,ZNF154
19,43967862,43998325,7711,ZNF155
17,57971547,57988259,7716,VEZF1
6,28080975,28089563,7718,ZNF165
6,30184455,30213427,7726,TRIM26
16,3401235,3409370,7727,ZNF174
19,51571298,51592508,7728,ZNF175
19,9363020,9382617,7730,ZNF177
17,19411125,19417276,7732,RNF112
19,44474428,44500524,7733,ZNF180
6,27450743,27473118,7738,ZNF184
6,28267010,28278224,7741,ZSCAN26
9,101398873,101410660,7743,ZNF189
6,28141910,28159472,7745,ZKSCAN8
6,28224886,28233482,7746,ZSCAN9
11,3339261,3379222,7748,ZNF195
13,19958670,20091829,7750,ZMYM2
16,3222325,3236221,7752,ZNF200
11,123724177,123741675,7753,ZNF202
16,3112560,3120517,7755,ZNF205
17,32350117,32381886,7756,ZNF207
19,21932958,22010949,7757,ZNF208
16,3129777,3142805,7760,ZNF213
11,6999318,7020368,7761,ZNF214
11,6926404,7001004,7762,ZNF215
9,72351425,72365235,7763,ZFAND5
20,53567065,53609907,7764,ZNF217
19,44051367,44067991,7766,ZNF223
19,44094339,44109886,7767,ZNF224
19,44112181,44134816,7768,ZNF225
19,44165073,44178381,7769,ZNF226
19,44207547,44237268,7770,ZNF227
19,44326555,44367217,7771,ZNF112
19,44417519,44448578,7772,ZNF229
19,44002948,44013926,7773,ZNF230
17,5105541,5123116,7775,ZNF232
18,76822607,76970727,7776,ZNF236
1,211571568,211578742,7779,SLC30A1
1,26037252,26046133,7780,SLC30A2
2,27253684,27275817,7781,SLC30A3
15,45479611,45522807,7782,SLC30A4
16,21197450,21214510,7783,ZP2
7,76397518,76442071,7784,ZP3
12,53479669,53500063,7786,MAP3K12
7,143381080,143391111,7791,ZYX
1,23084023,23177808,7798,LUZP1
1,13700198,13825079,7799,PRDM2
1,37556919,37566857,7802,DNALI1
6,63521748,63583587,7803,PTP4A1
1,53242364,53328070,7804,LRP8
1,30732469,30757820,7805,LAPTM5
1,54998933,55010883,7809,BSND
1,114716913,114758676,7812,CSDE1
1,92508696,92792404,7813,EVI5
1,155687960,155739010,7818,DAP3
1,179550539,179575952,7827,NPHS2
1,203305491,203309602,7832,BTG2
2,1631887,1744852,7837,PXDN
2,73385758,73610793,7840,ALMS1
2,74461057,74465410,7841,MOGS
2,86603393,86623866,7844,RNF103
12,49184796,49189324,7846,TUBA1A
2,113215997,113278950,7849,PAX8
2,101991844,102028544,7850,IL1R2
2,110083870,110116566,7851,MALL
2,136114349,136118165,7852,CXCR4
2,207762586,207769563,7855,FZD5
2,223596940,223602503,7857,SCG2
3,9731729,9748018,7862,BRPF1
3,50287732,50292918,7866,IFRD2
3,50611520,50649297,7867,MAPKAPK3
3,50267558,50277546,7869,SEMA3B
3,57755450,57929168,7871,SLMAP
3,51385047,51389397,7873,MANF
16,8892094,8964514,7874,USP7
3,128726122,128814796,7879,RAB7A
3,156037701,156539138,7881,KCNAB1
4,1692800,1712555,7884,SLBP
5,100806935,100903266,7903,ST8SIA4
5,112876379,112922539,7905,REEP5
6,18223868,18264823,7913,DEK
6,24494852,24537207,7915,ALDH5A1
6,31620720,31637771,7916,PRRC2A
6,31639028,31652705,7917,BAG6
6,31661229,31666283,7918,GPANK1
6,31530219,31542448,7919,DDX39B
6,31686949,31703444,7920,ABHD16A
6,33200445,33204439,7922,SLC39A7
6,33204642,33206831,7923,HSD17B8
6,29587455,29589038,7932,OR2H2
6,31952087,31959110,7936,NELFE
6,31586124,31588909,7940,LST1
6,46704201,46735693,7941,PLA2G7
6,41683978,41736259,7942,TFEB
6,145382535,145736023,7957,EPM2A
7,6009245,6023834,7965,AIMP2
7,1530714,1543043,7975,MAFK
8,28494205,28574268,7976,FZD3
7,91692008,91880720,7978,MTERF1
7,96481626,96709891,7979,SEM1
7,93885397,93890991,7980,TFPI2
7,116953238,117230103,7982,ST7
7,144355288,144380632,7984,ARHGEF5
7,149239651,149255609,7988,ZNF212
8,15417215,15766649,7991,TUSC3
8,30732247,30767006,7993,UBXN8
8,41929479,42051990,7994,KAT6A
8,142670308,142682724,8000,PSCA
4,174636914,174829314,8001,GLRA3
9,99821855,99866891,8013,NR4A3
9,134030305,134068535,8019,BRD3
9,131125561,131234670,8021,NUP214
9,136196250,136205109,8022,LHX3
10,17644125,17715914,8027,STAM
10,21524675,21743630,8028,MLLT10
10,16823964,17129831,8029,CUBN
10,59788763,59906656,8030,CCDC6
10,46005088,46030714,8031,NCOA4
10,68477999,68527474,8034,SLC25A16
10,110919547,111013667,8036,SHOC2
10,126012381,126388455,8038,ADAM12
11,560404,564021,8045,RASSF7
11,19182030,19210573,8048,CSRP3
11,34915829,35020591,8050,PDHX
11,65892049,65900573,8061,FOSL1
11,108008733,108107776,8065,CUL5
1,31906421,31944856,8073,PTP4A2
12,4368227,4379728,8074,FGF23
12,8637346,8662888,8076,MFAP5
12,6852128,6866632,8078,USP5
12,6747996,6767475,8079,MLF2
12,26121991,26299290,8082,SSPN
12,49018975,49059774,8085,KMT2D
12,53307456,53324864,8086,AAAS
3,180868141,180982753,8087,FXR1
12,69359703,69390796,8089,YEATS4
12,65824131,65966295,8091,HMGA2
12,85280107,85301784,8092,ALX1
12,123260971,123272334,8099,CDK2AP1
13,20567069,20691437,8100,IFT88
14,23321289,23326185,8106,PABPN1
14,72619296,72894116,8110,DPF3
14,91232532,91253925,8111,GPR68
14,95709967,95714196,8115,TCL1A
15,82659281,82709914,8120,AP3B2
15,24985053,24988232,8123,PWAR5
15,68778535,68820897,8125,ANP32A
15,92393828,92468728,8128,ST8SIA2
16,84271,138860,8131,NPRL3
16,81314952,81390884,8139,GAN
16,87830023,87869488,8140,SLC7A5
17,35713791,35864615,8148,TAF15
17,43025241,43032036,8153,RND2
17,56938187,56961054,8161,COIL
17,57085092,57121349,8165,AKAP1
18,45212995,45683686,8170,SLC14A2
19,489176,505342,8174,MADCAM1
19,2236504,2248679,8175,SF3A2
19,18442663,18522127,8178,ELL
10,43556344,43574618,8187,ZNF239
19,45815410,45863290,8189,SYMPK
19,40771648,40777490,8190,MIA
19,6361452,6368908,8192,CLPP
19,38211006,38229714,8193,DPF1
20,10401009,10434222,8195,MKKS
20,35433347,35454746,8200,GDF5
20,47501902,47656877,8202,NCOA3
21,14961235,15065936,8204,NRIP1
21,36385378,36419015,8208,CHAF1B
21,44133605,44145723,8209,C21orf33
22,18906028,18914238,8214,DGCR6
22,20979462,20999038,8216,LZTR1
22,19179473,19291716,8218,CLTCL1
22,19130279,19144684,8220,DGCR14
22,32512552,33058372,8224,SYN3
17,58192737,58205174,8288,EPX
1,26693236,26782104,8289,ARID1A
1,228424845,228425325,8290,HIST3H3
2,71453722,71686768,8291,DYSF
3,15450133,15521751,8292,COLQ
5,70025247,70043113,8293,SERF1B
6,27138588,27139881,8294,HIST1H4I
7,98877933,99013243,8295,TRRAP
11,85957684,86069882,8301,PICALM
12,10407382,10409757,8302,KLRC4
16,11668414,11679159,8303,SNN
3,58505136,58537319,8309,ACOX2
4,8366282,8440723,8310,ACOX3
16,287440,352673,8312,AXIN1
17,65528563,65561647,8313,AXIN2
3,52401013,52410350,8314,BAP1
12,111642146,111685986,8315,BRAP
1,91500893,91525764,8317,CDC7
22,19479459,19520612,8318,CDC45
3,27715949,27722711,8320,EOMES
7,91264364,91271326,8321,FZD1
11,86945679,86955391,8322,FZD4
8,103298433,103332866,8323,FZD6
2,202034587,202038445,8324,FZD7
10,35638249,35642278,8325,FZD8
7,73433783,73436120,8326,FZD9
9,132944000,132991687,8328,GFI1B
6,27808199,27808701,8329,HIST1H2AI
6,27837947,27838339,8330,HIST1H2AK
6,27814354,27814740,8331,HIST1H2AJ
6,27865355,27865747,8332,HIST1H2AL
6,26124145,26139116,8334,HIST1H2AC
6,26033176,26033568,8335,HIST1H2AB
6,27892757,27893149,8336,HIST1H2AM
1,149842188,149842736,8337,HIST2H2AA3
1,149886975,149887364,8338,HIST2H2AC
6,26215159,26216692,8339,HIST1H2BG
6,27807444,27807931,8340,HIST1H2BL
6,27837760,27865798,8341,HIST1H2BN
6,27815044,27815424,8342,HIST1H2BM
6,26199520,26200715,8343,HIST1H2BF
6,26172059,26184655,8344,HIST1H2BE
6,26251651,26253710,8345,HIST1H2BH
6,26272976,26273356,8346,HIST1H2BI
6,26114873,26123926,8347,HIST1H2BC
6,27893463,27893843,8348,HIST1H2BO
1,149884459,149886652,8349,HIST2H2BE
6,26020490,26020900,8350,HIST1H3A
6,26045411,26045821,8352,HIST1H3C
6,26224199,26227473,8353,HIST1H3E
6,27871905,27872315,8354,HIST1H3I
6,26269405,26271815,8355,HIST1H3G
6,27890382,27893106,8356,HIST1H3J
6,27810064,27811300,8357,HIST1H3H
6,26031650,26032060,8358,HIST1H3B
6,26021679,26021990,8359,HIST1H4A
6,26188765,26189076,8360,HIST1H4D
6,26240426,26240737,8361,HIST1H4F
6,27831216,27831527,8362,HIST1H4K
6,27824108,27824480,8363,HIST1H4J
6,26103876,26104310,8364,HIST1H4C
6,26277609,26285638,8365,HIST1H4H
6,26026815,26027252,8366,HIST1H4B
6,26204552,26206038,8367,HIST1H4E
6,27873199,27873510,8368,HIST1H4L
6,26246681,26246977,8369,HIST1H4G
1,149832659,149839767,8370,HIST2H4A
3,50292831,50299468,8372,HYAL3
7,1815793,2233243,8379,MAD1L1
5,138115172,138139443,8382,NME5
17,3215621,3216550,8383,OR1A1
17,3062669,3063607,8386,OR1D5
17,3397104,3398410,8387,OR1E1
17,3432870,3433841,8388,OR1E2
17,3126584,3127581,8390,OR1G1
17,3420568,3421533,8392,OR3A3
1,151197949,151249536,8394,PIP5K1A
9,68705414,69009176,8395,PIP5K1B
17,38765689,38800126,8396,PIP4K2B
22,38111495,38205690,8398,PLA2G6
16,14672545,14694669,8399,PLA2G10
17,4937130,4940251,8402,SLC25A11
3,137764284,137766338,8403,SOX14
4,87473335,87531061,8404,SPARCL1
17,49598884,49678234,8405,SPOP
1,159918107,159925732,8407,TAGLN2
12,131894651,131923167,8408,ULK1
12,92770637,92929331,8411,EEA1
1,93561786,93847150,8412,BCAR3
1,150982017,150995634,8416,ANXA9
6,132445867,132513198,8417,STX7
3,133399995,133475222,8419,BFSP2
1,28505980,28510892,8420,SNHG3
11,27040725,27127809,8424,BBOX1
19,40592883,40629818,8425,LTBP4
7,149195485,149226248,8427,ZNF282
13,98445185,98577940,8428,STK24
1,26911489,26913966,8431,NR0B2
10,133230274,133231558,8433,UTF1
9,36036433,36124451,8434,RECK
12,53103518,53124538,8435,SOAT2
2,191834302,191847255,8436,CAVIN2
12,113098819,113136239,8437,RASAL1
1,46247688,46278473,8438,RAD54L
8,58583504,58659844,8439,NSMAF
2,105744897,105894274,8440,NCK2
1,231241207,231277973,8443,GNPAT
1,206635536,206684419,8444,DYRK3
12,67648338,67665406,8445,DYRK2
2,73762184,73780157,8446,DUSP11
17,142789,181636,8447,DOC2B
16,30005509,30023270,8448,DOC2A
6,30653119,30673037,8449,DHX16
13,113208193,113267108,8451,CUL4A
2,224470150,224585397,8452,CUL3
10,35008551,35090642,8453,CUL2
7,148697914,148801036,8454,CUL1
20,3471040,3651122,8455,ATRN
17,28506243,28538896,8456,FOXN1
1,117060303,117107453,8458,TTF2
22,26521983,26596717,8459,TPST2
7,66205199,66420543,8460,TPST1
2,10042849,10054836,8462,KLF11
19,49340595,49362457,8463,TEAD2
6,44809317,45377953,8464,SUPT3H
4,143513463,143557486,8467,SMARCA5
7,73328164,73358637,8468,FKBP6
4,185585444,185956652,8470,SORBS2
1,226989865,227318474,8476,CDC42BPA
14,88005124,88014811,8477,GPR65
16,29992321,29996436,8479,HIRIP3
20,57351010,57379211,8480,RAE1
15,74409289,74434467,8482,SEMA7A
15,65194758,65211488,8483,CILP
22,37823382,37825495,8484,GALR3
14,39114223,39136973,8487,GEMIN2
1,163244505,163321894,8490,RGS5
2,39249266,39437312,8491,MAP4K3
4,118280038,118353003,8492,PRSS12
17,60600183,60666280,8493,PPM1D
11,7513298,7657127,8495,PPFIBP2
12,27523431,27695564,8496,PPFIBP1
1,203026498,203078740,8497,PPFIA4
19,5916139,5978142,8498,RANBP3
12,81257975,81759553,8499,PPFIA2
11,70270700,70384403,8500,PPFIA1
11,57484534,57515786,8501,SLC43A1
2,158456964,158682879,8502,PKP4
1,46040140,46133036,8503,PIK3R3
6,143450807,143490010,8504,PEX3
10,49818279,49970203,8505,PARG
17,42682613,42699814,8506,CNTNAP1
5,74627406,74641424,8507,ENC1
22,29554808,29581337,8508,NIPSNAP1
10,73796514,73811651,8509,AC022400.6
1,1632095,1635263,8510,MMP23B
10,79920178,79923119,8512,MBL1P
10,88664441,88678814,8513,LIPF
1,5991466,6101193,8514,KCNAB2
1,145891208,145910189,8515,ITGA10
10,15513949,15720125,8516,ITGA8
9,108867517,108934116,8518,IKBKAP
11,313506,315272,8519,IFITM1
2,171922448,171983682,8520,HAT1
6,53126964,53148829,8521,GCM1
17,9910609,10198551,8522,GAS7
11,46332905,46380554,8525,DGKZ
17,56834099,56869567,8526,DGKE
2,233354507,233472104,8527,DGKD
6,110391771,110415562,8528,DDO
19,15878023,15898120,8529,CYP4F2
20,24949230,24959928,8530,CST7
12,10699089,10723312,8531,YBX3
4,8592660,8619759,8532,CPZ
17,17246820,17281293,8533,COPS3
11,45648877,45665622,8534,CHST1
17,79833156,79839429,8535,CBX4
3,9757342,9769992,8536,CAMK1
20,53936777,54070594,8537,BCAS1
11,129375940,129452279,8538,BARX2
11,43311963,43344529,8539,API5
2,177392644,177559299,8540,AGPS
19,49119389,49151026,8541,PPFIA3
22,36253010,36267530,8542,APOL1
1,87328468,87348923,8543,LMO4
3,88051944,88149885,8545,CGGBP1
5,78000525,78294755,8546,AP3B1
1,27369112,27374824,8547,FCN3
1,169367970,169396540,8548,BLZF1
12,71439770,71586310,8549,LGR5
12,111841978,111902238,8550,MAPKAPK5
3,4979116,4985323,8553,BHLHE40
15,68054179,68198603,8554,PIAS1
9,96490241,96619830,8555,CDC14B
1,100345025,100520277,8556,CDC14A
17,39664187,39666555,8557,TCAP
16,89680737,89696364,8558,CDK10
10,13586927,13630868,8559,PRPF18
1,224175756,224193441,8560,DEGS1
12,122752774,122771064,8562,DENR
22,29505879,29555216,8563,THOC5
1,241532134,241595642,8564,KMO
1,32775237,32818153,8565,YARS
21,43719094,43762307,8566,PDXK
11,47269161,47330031,8567,MADD
21,43789513,43805293,8568,RRP1
1,46557408,46616843,8569,MKNK1
19,6413348,6424794,8570,KHSRP
5,132257671,132273454,8572,PDLIM4
1,19303965,19312146,8574,AKR7A2
2,178431414,178451512,8575,PRKRA
2,219245455,219250337,8576,STK16
9,100473113,100577636,8577,TMEFF1
17,1633858,1645747,8578,SCARF1
8,142784880,142786592,8581,LY6D
11,6794627,6795783,8590,OR6A2
13,42562736,42608013,8600,TNFSF11
8,53851808,53959303,8601,RGS20
4,2937933,2963385,8602,NOP14
4,2536631,2732565,8603,FAM193A
2,171784370,171999859,8604,SLC25A12
19,48047843,48110817,8605,PLA2G4C
3,128064778,128153914,8607,RUVBL1
12,56951431,56959374,8608,RDH16
2,207074137,207167267,8609,KLF7
5,55424854,55535050,8611,PLPP1
19,281040,291504,8612,PLPP2
1,56494747,56645301,8613,PLPP3
5,173314713,173329503,8614,STC2
4,75724593,75814286,8615,USO1
3,62398346,62875389,8618,CADPS
12,53506690,53507638,8620,NPFF
7,39950037,40097134,8621,CDK13
5,77210449,77429807,8622,PDE8B
21,39174769,39183851,8624,PSMG1
19,19192229,19201869,8625,RFXANK
3,189631416,189897279,8626,TP63
8,142657460,142681968,8629,JRK
12,56752161,56787790,8630,HSD17B6
17,48133440,48430275,8631,SKAP1
17,78423697,78577394,8632,DNAH17
4,95162504,95549206,8633,UNC5C
1,100266207,100292769,8634,RTCA
6,166929504,166957191,8635,RNASET2
9,137188647,137190370,8636,SSNA1
5,140547666,140549578,8637,EIF4EBP3
12,121019111,121039242,8638,OASL
17,42851184,42858130,8639,AOC3
5,141387698,141512979,8641,PCDHGB4
11,6621323,6655854,8642,DCHS1
1,44819844,44843063,8643,PTCH2
10,5035354,5107686,8644,AKR1C3
6,39188973,39229450,8645,KCNK5
3,184380073,184390736,8646,CHRD
2,168922938,169031322,8647,ABCB11
2,24491914,24770702,8648,NCOA1
4,99878336,99894490,8649,LAMTOR3
14,73275107,73463642,8650,NUMB
16,11254405,11256179,8651,SOCS1
4,119494395,119628991,8654,PDE5A
12,120469850,120498493,8655,DYNLL1
8,9555914,9782346,8658,TNKS
1,18871430,18902781,8659,ALDH4A1
13,109752698,109786568,8660,IRS2
10,119033670,119080823,8661,EIF3A
7,2354086,2380745,8662,EIF3B
16,28688558,28735730,8663,EIF3C
22,36510850,36529436,8664,EIF3D
11,7970251,8001862,8665,EIF3F
19,10115017,10119918,8666,EIF3G
8,116642130,116766925,8667,EIF3H
1,32221928,32231604,8668,EIF3I
15,44537057,44563029,8669,EIF3J
4,71186757,71572087,8671,SLC4A4
1,20806292,21176888,8672,EIF4G3
2,85561562,85582031,8673,VAMP8
1,171700160,171742247,8674,VAMP4
20,58651253,58679526,8675,STX16
6,144150526,144188370,8676,STX11
19,13144058,13150383,8677,STX10
17,42810134,42833350,8678,BECN1
15,41828095,41848155,8681,JMJD7-PLA2G4B
1,160205337,160215376,8682,PEA15
12,120461668,120469793,8683,SRSF9
2,118942166,118994660,8685,MARCO
17,41436446,41440921,8687,KRT38
17,41420753,41424523,8688,KRT37
17,41486136,41492546,8689,KRT36
11,96389989,96507574,8690,JRKL
3,50317790,50322906,8692,HYAL2
12,89519408,89524806,8693,GALNT4
8,144314584,144326910,8694,DGAT1
5,138187648,138213343,8697,CDC23
19,3172346,3180332,8698,S1PR4
7,21543215,21901839,8701,DNAH11
3,119211732,119241103,8702,B4GALT4
1,161171310,161177968,8703,B4GALT3
1,43978943,43991170,8704,B4GALT2
6,33277132,33284832,8705,B3GALT4
3,161083883,161105384,8706,B3GALNT1
1,193179045,193186654,8707,B3GALT2
2,167868948,167874041,8708,B3GALT1
18,63752935,63805376,8710,SERPINB7
17,7380534,7389774,8711,TNK1
17,50634777,50692252,8714,ABCC3
18,33851100,34224952,8715,NOL4
16,67154180,67160298,8717,TRADD
1,6461151,6466195,8718,TNFRSF25
16,84053761,84116906,8720,MBTPS1
9,136862119,136866286,8721,EDF1
11,66563463,66568841,8722,CTSF
3,125446644,125520197,8723,SNX4
6,108211222,108261260,8724,SNX3
19,29923644,30016608,8725,URI1
11,86244544,86278813,8726,EED
9,108942569,109013529,8727,CTNNAL1
5,157395534,157575775,8728,ADAM19
10,102245532,102382899,8729,GBF1
18,13726660,13764558,8731,RNMT
6,88610272,88963721,8732,RNGTT
8,144082590,144086216,8733,GPAA1
17,10300865,10373130,8735,MYH13
18,3066807,3220108,8736,MYOM1
6,3063991,3115187,8737,RIPK1
12,93677375,93894840,8738,CRADD
12,116856144,116881441,8739,HRK
19,6661253,6670588,8740,TNFSF14
17,7558292,7561608,8741,TNFSF13
17,7548891,7557890,8742,TNFSF12
3,172505508,172523507,8743,TNFSF10
19,6530999,6535928,8744,TNFSF9
2,206443539,206621130,8745,ADAM23
14,70452157,70459899,8747,ADAM21
14,70522358,70535015,8748,ADAM20
8,39584489,39730064,8749,ADAM18
1,155050566,155062775,8751,ADAM15
8,38996869,39105144,8754,ADAM9
14,105969729,105972269,8755,ADAM6
8,24440930,24526970,8756,ADAM7
20,5126786,5197887,8760,CDS2
1,39560816,39576790,8761,PABPC4
6,109366514,109382457,8763,CD164
1,2555639,2565382,8764,TNFRSF14
15,65726054,65891991,8766,RAB11A
8,89757747,89791063,8767,RIPK2
20,63696668,63698684,8771,TNFRSF6B
11,70203163,70207390,8772,FADD
15,42491233,42545356,8773,SNAP23
18,10525905,10552761,8774,NAPG
19,47487637,47515240,8775,NAPA
9,13105704,13279590,8777,MPDZ
19,51611927,51645545,8778,SIGLEC5
18,23452823,23486603,8780,RIOK3
1,1203508,1206691,8784,TNFRSF18
20,45293445,45308529,8785,MATN4
16,268301,275980,8786,RGS11
17,65100812,65227703,8787,RGS9
14,100725705,100738224,8788,DLK1
9,94558720,94593793,8789,FBP2
1,74198212,74234086,8790,FPGT
18,62325287,62391292,8792,TNFRSF11A
8,23135588,23164030,8793,TNFRSF10D
8,23084355,23117437,8794,TNFRSF10C
8,23020133,23069179,8795,TNFRSF10B
13,77535674,77645263,8796,SCEL
8,23190452,23225126,8797,TNFRSF10A
12,4562204,4615302,8798,DYRK4
1,145911350,145918837,8799,PEX11B
15,89677764,89690783,8800,PEX11A
3,67360460,67654614,8801,SUCLG2
2,84423523,84460045,8802,SUCLG1
13,47936491,48001354,8803,SUCLA2
1,167529677,167553767,8804,CREG1
7,138460334,138589993,8805,TRIM24
2,102418689,102452565,8807,IL18RAP
2,102186973,102240002,8808,IL1RL2
2,102311529,102398775,8809,IL18R1
17,76074794,76077541,8811,GALR2
14,99481169,99535044,8812,CCNK
20,50934867,50958555,8813,DPM1
14,50329404,50416461,8814,CDKL1
11,66002079,66004149,8815,BANF1
14,69050881,69153150,8816,DCAF5
5,171419656,171457623,8817,FGF18
9,127935099,127938484,8818,DPM2
4,173369969,173377532,8819,SAP30
3,57197843,57226521,8820,HESX1
4,142023160,142847432,8821,INPP4B
8,22042398,22048809,8822,FGF17
16,66934444,66945096,8824,CES2
12,80792520,80937925,8825,LIN7A
15,90388218,90502243,8826,IQGAP1
2,205681990,205798133,8828,NRP2
10,33177492,33336262,8829,NRP1
6,33419661,33457541,8831,SYNGAP1
1,160541095,160579516,8832,CD84
3,155870536,155944026,8833,GMPS
17,21197280,21214624,8834,TMEM11
12,93569814,93583487,8835,SOCS2
8,63015079,63039171,8836,GGH
2,201116104,201176687,8837,CFLAR
6,112054072,112070969,8838,WISP3
20,44714844,44728509,8839,WISP2
8,133191039,133230344,8840,WISP1
5,141620876,141636870,8841,HDAC3
4,15963076,16084378,8842,PROM1
12,122714756,122716892,8843,HCAR3
17,27456714,27626438,8844,KSR1
14,77672404,77708020,8846,ALKBH1
13,44432143,44577147,8848,TSC22D1
3,20040023,20154404,8850,KAT2B
17,32486619,32491256,8851,CDK5R1
2,9206765,9405683,8853,ASAP2
15,57953424,58497866,8854,ALDH1A2
3,119780484,119818485,8856,NR1I2
19,39863323,39934626,8857,FCGBP
13,113158654,113172383,8858,PROZ
6,31971091,31982821,8859,STK19
10,102107560,102120453,8861,LDB1
1,7784320,7845177,8863,PER3
2,238244038,238290102,8864,PER2
21,32628759,32728048,8867,SYNJ1
2,85837120,85905199,8869,ST3GAL5
6,30743199,30744554,8870,IER3
6,157981887,158099176,8871,SYNJ2
10,12195965,12250589,8872,CDC123
13,111114559,111305737,8874,ARHGEF7
6,132743870,132763459,8875,VNN2
6,132681590,132714049,8876,VNN1
17,76376584,76387860,8877,SPHK1
5,179806398,179838078,8878,SQSTM1
10,70815961,70881173,8879,SGPL1
1,77944055,77979110,8880,FUBP1
13,114234887,114272723,8881,CDC16
11,116773799,116788050,8882,ZPR1
16,66802875,66873256,8883,NAE1
2,27199587,27212958,8884,SLC5A6
2,117814650,117832379,8886,DDX18
7,27739331,27844564,8887,TAX1BP1
21,46235126,46286297,8888,MCM3AP
2,27364352,27370486,8890,EIF2B4
1,44850522,44986722,8891,EIF2B3
14,75002911,75012366,8892,EIF2B2
3,184135038,184145311,8893,EIF2B5
20,34088298,34112332,8894,EIF2S2
8,86514427,86561498,8895,CPNE3
7,99408641,99419616,8896,BUD31
22,29883155,30030866,8897,MTMR3
11,95832882,95925315,8898,MTMR2
6,4021267,4064983,8899,PRPF4B
13,36431520,36442882,8900,CCNA1
20,35626031,35664956,8904,CPNE1
14,23559565,23568070,8906,AP1G2
19,16197578,16245907,8907,AP1M1
12,47709734,47725567,8909,ENDOU
7,94585230,94656209,8910,SGCE
22,39570753,39689737,8911,CACNA1I
16,1153121,1221772,8912,CACNA1H
17,50561068,50627474,8913,CACNA1G
12,56416373,56449403,8914,TIMELESS
1,85266248,85277090,8915,BCL10
4,88521048,88708542,8916,HERC3
15,28111040,28322152,8924,HERC2
15,63608618,63833942,8925,HERC1
15,24954986,24977850,8926,SNURF
3,49554489,49671545,8927,BSN
8,144473412,144476335,8928,FOXH1
4,41744082,41748970,8929,PHOX2B
3,129430944,129440179,8930,MBD4
18,54151601,54224788,8932,MBD2
1,205767986,205775460,8934,RAB29
7,26667062,26995239,8935,SKAP2
6,110099819,110180004,8936,WASF1
16,1333601,1349441,8938,BAIAP3
9,130578965,130638352,8939,FUBP3
22,21957025,21982816,8940,TOP3B
2,218959655,218962162,8941,CDK5R2
2,142877498,143055832,8942,KYNU
19,2100988,2164465,8943,AP3D1
4,151103827,151103891,8944,SNORD73A
10,101354033,101557321,8945,BTRC
6,26250195,26250605,8968,HIST1H3F
6,27133042,27135291,8969,HIST1H2AG
6,27125897,27132750,8970,HIST1H2BJ
3,129314771,129316277,8971,H1FX
7,141907813,142106747,8972,MGAM
8,42752620,42796392,8973,CHRNA6
5,132191838,132295315,8974,P4HA2
3,179652755,179789401,8975,USP13
7,123681935,123749067,8976,WASL
7,101205977,101218420,8985,PLOD3
11,64359148,64372215,8986,RPS6KA4
4,76306026,76311599,8987,STBD1
5,54455601,54456384,8988,HSPB3
8,72019917,72075617,8989,TRPA1
1,151364302,151372733,8991,SELENBP1
5,172983757,173035445,8992,ATP6V0E1
19,46019153,46023065,8993,PGLYRP1
3,45555394,45686338,8994,LIMD1
1,173039960,173050963,8995,TNFSF18
16,67170154,67175735,8996,NOL3
3,124080023,124726325,8997,KALRN
4,75578005,75630716,8999,CDKL2
17,41717742,41734644,9001,HAP1
19,16888860,16892606,9002,F2RL3
16,84177847,84187070,9013,TAF1C
2,9843354,9934416,9014,TAF1B
1,222557902,222589933,9015,TAF1A
1,167721192,167791919,9019,MPZL1
17,45263121,45317040,9020,MAP3K14
17,78356778,78360077,9021,SOCS3
9,136994635,136996803,9022,CLIC3
10,89205629,89207314,9023,CH25H
11,1389899,1462689,9024,BRSK2
6,37353972,37394738,9025,RNF8
12,122834453,122862960,9026,HIP1R
2,73640832,73642393,9027,NAT8
16,675666,678268,9028,RHBDL1
7,73440398,73522278,9031,BAZ1B
17,4771884,4783213,9032,TM4SF5
10,100288154,100330486,9033,PKD2L1
3,46407163,46412997,9034,CCRL2
5,9035026,9546075,9037,SEMA5A
6,132588673,132589686,9038,TAAR5
3,69054730,69080408,9039,UBA3
19,58555712,58558960,9040,UBE2M
17,50962174,51120865,9043,SPAG9
10,91923769,92030325,9044,BTAF1
3,40457292,40468587,9045,RPL14
8,21908873,21913860,9046,DOK2
1,156806243,156816862,9047,SH2D2A
1,43933320,43937241,9048,ARTN
11,67483041,67491103,9049,AIP
18,45983536,46072272,9050,PSTPIP2
15,76993359,77037332,9051,PSTPIP1
12,12890782,12917937,9052,GPRC5A
6,136342281,136550819,9053,MAP7
20,35668055,35699359,9054,NFS1
15,90966038,90995629,9055,PRC1
14,22773222,22829820,9056,SLC7A7
16,68264516,68301823,9057,SLC7A6
17,28473293,28497781,9058,SLC13A2
10,87659613,87747705,9060,PAPSS2
4,107590276,107720452,9061,PAPSS1
18,46803224,46920160,9063,PIAS2
1,27355184,27366892,9064,MAP3K6
11,61515313,61581148,9066,SYT7
1,178849705,178871052,9068,ANGPTL1
7,90383721,90513402,9069,CLDN12
8,38105242,38144076,9070,ASH2L
13,95433604,95579759,9071,CLDN10
21,30214006,30216073,9073,CLDN8
16,3014712,3020071,9074,CLDN6
3,190305701,190322475,9076,CLDN1
1,68045962,68051631,9077,DIRAS3
4,16501541,16898809,9079,LDB2
16,3012456,3014505,9080,CLDN9
16,2968024,2980539,9088,PKMYT1
16,566995,584136,9091,PIGQ
11,65961689,65979828,9092,SART1
16,4425805,4456775,9093,DNAJA3
17,28546707,28552668,9094,UNC119
1,168281040,168314426,9095,TBX19
6,84687351,84764519,9096,TBX18
18,158383,214629,9097,USP14
17,5116438,5175034,9098,USP6
11,119355215,119381726,9099,USP2
16,84699978,84779922,9100,USP10
15,50424380,50514419,9101,USP8
1,161505430,161524013,9103,FCGR2A
13,25246201,25288009,9107,MTMR6
8,17298030,17413528,9108,MTMR7
17,58489529,58517905,9110,MTMR4
2,151270465,151290057,9111,NMI
14,105419820,105470729,9112,MTA1
6,149658153,149718256,9113,LATS1
16,67438014,67481237,9114,ATP6V0D1
3,42547969,42601080,9117,SEC22C
10,103277163,103290351,9118,INA
12,52424070,52434525,9119,KRT75
17,68267026,68291267,9120,SLC16A6
17,75087727,75106162,9121,SLC16A5
1,110362848,110391082,9122,SLC16A4
17,82228397,82261129,9123,SLC16A3
10,95237572,95291024,9124,PDLIM1
2,218568580,218597080,9125,CNOT9
10,110567691,110604636,9126,SMC3
22,21009808,21028830,9127,P2RX6
9,113275343,113292905,9128,PRPF4
1,150321476,150353195,9129,PRPF3
1,40784012,40840452,9132,KCNQ4
15,59105078,59125045,9133,CCNB2
8,94879770,94896678,9134,CCNE2
17,5282265,5385812,9135,RABEP1
3,51933430,51941941,9136,RRP9
19,41883161,41930150,9138,ARHGEF1
20,33490075,33650036,9139,CBFA2T2
5,115828200,115841858,9140,ATG12
19,32581068,32587452,9141,PDCD5
16,1989660,1994275,9143,SYNGR3
17,78168558,78173527,9144,SYNGR2
22,39349925,39385588,9145,SYNGR1
17,81683326,81703138,9146,HGS
14,49782083,49853203,9147,NEMF
10,103493979,103592552,9148,NEURL1
19,39825350,39834201,9149,DYRK1B
18,79679801,79756623,9150,CTDP1
11,20599400,20659285,9152,SLC6A5
15,45252230,45277845,9153,SLC28A2
15,84884654,84945796,9154,SLC28A1
1,241847967,241895148,9156,EXO1
11,65883741,65888539,9158,FIBP
11,117204337,117232525,9159,PCSK7
7,137381037,137847092,9162,DGKI
8,109539711,109565996,9166,EBAG9
2,42333546,42425088,9167,COX7A2L
2,84905625,84906675,9168,TMSB10
12,45919131,45992120,9169,SCAF11
19,19623668,19628930,9170,LPAR2
8,2045040,2165552,9172,MYOM2
2,102311502,102352037,9173,IL1RL1
3,185282941,185489097,9175,MAP3K13
11,113904677,113946565,9177,HTR3B
7,100101549,100110345,9179,AP4M1
5,38845858,38945596,9180,OSMR
1,155946851,156007070,9181,ARHGEF2
12,85800697,85836570,9182,RASSF9
11,113733187,113773811,9183,ZW10
10,123154277,123170467,9184,BUB3
15,65611366,65660995,9187,SLC24A1
10,68956128,68985073,9188,DDX21
1,161120974,161132688,9191,DEDD
12,59596067,59789855,9194,SLC16A7
17,7921859,7929803,9196,KCNAB3
3,155821024,155854429,9197,SLC33A1
10,17589032,17617377,9200,HACD1
13,35768652,36131306,9201,DCLK1
1,35268967,35422058,9202,ZMYM4
1,34986165,35031968,9204,ZMYM6
13,19823482,19863636,9205,ZMYM5
2,237627576,237813682,9208,LRRFIP1
3,37052656,37183689,9209,LRRFIP2
10,93757809,93806272,9211,LGI1
17,8204733,8210600,9212,AURKB
1,180632004,180890251,9213,XPR1
1,206904386,206923247,9214,FCMR
22,33162226,33922841,9215,LARGE1
20,58389122,58451101,9217,VAPB
18,9914002,9960021,9218,VAPA
11,62593214,62601840,9219,MTA2
17,29073521,29078857,9220,TIAF1
10,102152176,102163871,9221,NOLC1
3,65353525,66038834,9223,MAGI1
4,154626945,154753118,9227,LRAT
8,737596,1708474,9228,DLGAP2
18,3496032,4455335,9229,DLGAP1
19,8389981,8404434,9230,RAB11B
10,77790791,77926526,9231,DLG5
5,160421822,160428744,9232,PTTG1
16,3065297,3082192,9235,IL32
15,55340032,55408510,9236,CCPG1
7,45100100,45112047,9238,TBRG4
14,73711783,73714372,9240,PNMA1
17,56593699,56595590,9241,NOG
8,71841549,71844468,9242,MSC
19,18572220,18607741,9244,CRLF1
15,59594875,59640239,9245,GCNT3
11,57551656,57568284,9246,UBE2L6
6,10873223,10881941,9247,GCM2
1,12567910,12617731,9249,DHRS3
14,90847862,91060636,9252,RPS6KA5
19,40665905,40690972,9253,NUMBL
3,50362799,50504244,9254,CACNA2D2
4,106315544,106349226,9255,AIMP1
17,58301228,58328760,9256,TSPOAP1
8,8783354,8893645,9258,MFHAS1
5,177483394,177497606,9260,PDLIM7
1,206684944,206734283,9261,MAPKAPK2
2,196133566,196176503,9262,STK17B
7,43582758,43626786,9263,STK17A
7,6161776,6272644,9265,CYTH3
19,48469032,48482314,9266,CYTH2
17,78674048,78782297,9267,CYTH1
2,9403475,9423547,9270,ITGB1BP1
12,130337887,130372637,9271,PIWIL1
16,30833626,30894960,9274,BCL7C
7,73536356,73558002,9275,BCL7B
3,139355600,139389732,9276,COPB2
6,33279108,33289527,9277,WDR46
6,33314406,33317942,9278,ZBTB22
1,202122858,202133592,9283,GPR37L1
16,14922802,14952060,9284,NPIPA1
6,132617022,132624275,9287,TAAR2
6,132608225,132609302,9288,TAAR3P
16,57610652,57665580,9289,ADGRG1
2,230907318,230961066,9290,GPR55
1,174448111,174449198,9293,GPR52
19,10221435,10231272,9294,S1PR2
1,70205682,70253052,9295,SRSF11
7,128862826,128865844,9296,ATP6V1F
11,62853663,62853732,9299,SNORD30
11,62854621,62854695,9300,SNORD28
11,62855012,62855083,9301,SNORD27
11,62855292,62855366,9302,SNORD26
11,62855564,62855632,9303,SNORD25
11,62852910,62853035,9304,SNORD22
18,70288901,70330200,9306,SOCS6
6,14117256,14136918,9308,CD83
19,44228729,44305046,9310,ZNF235
7,151048292,151052756,9311,ASIC3
8,72537391,72938349,9312,KCNB2
11,102576835,102625332,9313,MMP20
9,107484852,107490482,9314,KLF4
5,111662621,111997464,9315,NREP
10,16436943,16513745,9317,PTER
15,49106068,49155661,9318,COPS2
5,892643,919357,9319,TRIP13
2,229763838,229923239,9320,TRIP12
14,91965991,92040896,9321,TRIP11
19,6737925,6751526,9322,TRIP10
6,79201245,79234738,9324,HMGN3
15,64387748,64455303,9325,TRIP4
17,36486629,36499310,9326,ZNHIT3
9,133030675,133058503,9328,GTF3C5
9,132670035,132694955,9329,GTF3C4
2,196763032,196799725,9330,GTF3C3
18,31622247,31685836,9331,B4GALT6
12,7470813,7503893,9332,CD163
15,43232595,43266857,9333,TGM5
20,49632945,49713878,9334,B4GALT5
5,154857553,154876793,9337,CNOT8
17,9822206,9892102,9340,GLP2R
1,7771269,7781432,9341,VAMP3
22,20858983,20891218,9342,SNAP29
17,44849943,44899662,9343,EFTUD2
16,29973641,29992261,9344,TAOK2
4,118033618,118258648,9348,NDST3
17,38847865,38853843,9349,RPL23
9,14719724,14722717,9350,CER1
16,2025356,2039026,9351,SLC9A3R2
18,56597208,56651600,9352,TXNL1
4,20253260,20620561,9353,SLIT2
11,118359585,118399211,9354,UBE4A
9,124001670,124033301,9355,LHX2
11,62936385,62984983,9356,SLC22A6
13,101452593,101720856,9358,ITGBL1
2,169584340,169641406,9360,PPIG
19,5691834,5720572,9361,LONP1
14,24070837,24078100,9362,CPNE6
4,13361354,13484365,9364,RAB28
13,33016433,33066145,9365,KL
5,105099473,105100098,9366,RAB9BP1
17,74748652,74769353,9368,SLC9A3R1
14,78170373,79868290,9369,NRXN3
3,186842690,186858463,9370,ADIPOQ
20,32277664,32335011,9371,KIF3B
1,52142094,52346686,9372,ZFYVE9
9,26904083,26947463,9373,PLAA
6,32153441,32163680,9374,PPT2
13,99501417,99564006,9375,TM9SF2
11,62989154,63015839,9376,SLC22A8
15,74919791,74938168,9377,COX5A
2,49918505,51225575,9378,NRXN1
11,64606174,64723188,9379,NRXN2
9,37422666,37436990,9380,GRHPR
2,26457203,26558698,9381,OTOF
17,73192632,73208507,9382,COG1
18,49560699,49599182,9388,LIPG
3,38282294,38318575,9389,SLC22A14
3,38265812,38278315,9390,SLC22A13
2,96266132,96273349,9391,CIAO1
2,105264391,105330034,9392,TGFBRAP1
2,128236716,128318577,9394,HS6ST1
10,15102584,15168693,9397,NMT2
1,117001750,117036476,9398,CD101
15,73978923,73994622,9399,STOML1
17,75626845,75667189,9400,RECQL5
8,144511288,144517845,9401,RECQL4
22,39901082,39973721,9402,GRAP2
1,86862445,86914424,9403,SELENOF
11,58526871,58578220,9404,LPXN
1,71063291,71081297,9406,ZRANB2
4,67820876,67884032,9407,TMPRSS11D
11,45909669,45918812,9409,PEX16
1,31259568,31296782,9410,SNRNP40
1,94148988,94275068,9411,ARHGAP29
12,27022546,27066343,9412,MED21
9,69324572,69392455,9413,FAM189A2
9,69121264,69255208,9414,TJP2
11,61792980,61867354,9415,FADS2
12,48829764,48852842,9416,DDX23
2,46616416,46625742,9419,CRIPT
8,64587763,64798761,9420,CYP7B1
5,154474972,154478264,9421,HAND1
19,57191500,57222846,9422,ZNF264
17,9021542,9244000,9423,NTN1
19,38319844,38332076,9424,KCNK6
6,4706159,4955551,9425,CDYL
2,232479827,232487828,9427,ECEL1
4,88090264,88231322,9429,ABCG2
3,143119331,143124014,9435,CHST2
6,41335655,41350887,9436,NCR2
19,54906150,54916140,9437,NCR1
6,131573966,131628229,9439,MED23
11,93784227,93814963,9440,MED17
19,16574907,16629062,9441,MED26
9,131860107,132079908,9442,MED27
5,157137412,157159019,9443,MED7
6,163414000,163578596,9444,QKI
13,48233158,48270357,9445,ITM2B
10,104235356,104267459,9446,GSTO1
1,159062484,159147096,9447,AIM2
2,101696850,101894689,9448,MAP4K4
6,6588108,6654983,9450,LY86
2,88556741,88627576,9451,EIF2AK3
1,235327350,235344532,9453,GGPS1
19,18929201,18941261,9454,HOMER3
15,82836946,82986153,9455,HOMER2
5,79372636,79514217,9456,HOMER1
6,96562548,96616636,9457,FHL5
1,178094141,178484147,9462,RASAL2
22,38056311,38075701,9463,PICK1
4,173524969,173530229,9464,HAND2
6,131135666,131283535,9465,AKAP7
19,14031748,14053216,9466,IL27RA
3,15254853,15341368,9467,SH3BP5
10,71964365,72013564,9469,CHST3
2,232550052,232583644,9470,EIF4E2
14,32329273,32837681,9472,AKAP6
1,27872543,27886685,9473,THEMIS2
6,106045423,106325791,9474,ATG5
2,11179761,11348330,9475,ROCK2
19,50358477,50365830,9476,NAPSA
6,41905354,41921139,9477,MED20
12,120640552,120667324,9478,CABP1
11,45885651,45906465,9479,MAPK8IP1
18,57435685,57491297,9480,ONECUT2
6,46652915,46678193,9481,SLC25A27
17,9250471,9576591,9482,STX8
2,100391860,100417656,9486,CHST10
17,16217191,16351797,9487,PIGL
15,55318960,55355648,9488,PIGB
17,78378640,78425114,9489,PGS1
20,1113263,1189415,9491,PSMF1
15,69414246,69448427,9493,KIF23
14,64465499,64474503,9495,AKAP5
17,61452404,61485110,9496,TBX4
3,27372721,27484420,9497,SLC4A7
12,51391317,51515763,9498,SLC4A8
5,137867791,137887851,9499,MYOT
17,212389,386254,9501,RPH3AL
1,161184308,161199056,9507,ADAMTS4
4,72280969,72569386,9508,ADAMTS3
5,179110851,179345430,9509,ADAMTS2
21,26835747,26845409,9510,ADAMTS1
7,103297422,103329511,9512,PMPCB
17,7591230,7614871,9513,FXR2
22,30554635,30574587,9514,GAL3ST1
3,120908072,121424761,9515,STXBP5L
16,11547722,11636381,9516,LITAF
14,77505997,77616773,9517,SPTLC2
19,18374731,18389176,9518,GDF15
6,133952170,133990432,9519,TBPL1
17,47522942,47623276,9520,NPEPPS
6,8073360,8102578,9521,EEF1E1
5,78360583,78479071,9522,SCAMP1
19,14517085,14565980,9524,TECR
18,63389190,63422483,9525,VPS4B
17,7583529,7592789,9526,MPDU1
17,30477362,30527592,9527,GOSR1
1,54026681,54053504,9528,TMEM59
14,103556544,103562831,9529,BAG5
8,38176533,38213301,9530,BAG4
10,119651370,119677819,9531,BAG3
6,57172326,57189833,9532,BAG2
6,43509702,43529585,9533,POLR1C
19,24033405,24129961,9534,ZNF254
19,39328353,39342372,9535,GMFG
9,129738331,129753047,9536,PTGES
11,44885903,44951306,9537,TP53I11
11,125569216,125584687,9538,EI24
2,24077433,24085861,9540,TP53I3
2,174348022,174395715,9541,CIR1
5,139846779,140043299,9542,NRG2
15,65327127,65378040,9543,IGDCC3
19,11322046,11346270,9545,RAB3D
19,3750819,3761699,9546,APBA3
5,135570679,135579279,9547,CXCL14
9,114587746,114598373,9550,ATP6V1G1
7,99448475,99466331,9551,ATP5J2
17,4959226,4967872,9552,SPAG7
2,27771717,27988087,9553,MRPL33
1,120150898,120176515,9554,SEC22B
5,135333900,135399914,9555,H2AFY
14,103912288,103928269,9556,C14orf2
1,147242641,147295766,9557,CHD1L
10,69123512,69172861,9559,VPS26A
17,36210924,36212878,9560,CCL4L2
10,87504875,87553460,9562,MINPP1
1,9234775,9271337,9563,H6PD
16,75228187,75268053,9564,BCAR1
22,38705723,38738299,9567,GTPBP1
9,98288082,98709197,9568,GABBR2
7,74453790,74602604,9569,GTF2IRD1
17,46923075,46975524,9570,GOSR2
17,40092787,40100725,9572,NR1D1
12,7689782,7695776,9573,GDF3
4,55427903,55547138,9575,CLOCK
10,22345445,22454224,9576,SPAG6
2,27889941,28338901,9577,BABAM2
14,102932379,103057462,9578,CDC42BPB
1,204073115,204127743,9580,SOX13
2,44316281,44361862,9581,PREPL
22,38982347,38992804,9582,APOBEC3B
8,23385783,23457695,9583,ENTPD4
20,35701347,35742312,9584,RBM39
10,89701610,89774939,9585,KIF20B
7,28299321,28825894,9586,CREB5
6,43629540,43640952,9587,MAD2L1BP
1,173477266,173488807,9588,PRDX6
6,159725585,159756319,9589,WTAP
6,151239999,151358557,9590,AKAP12
19,13150415,13154908,9592,IER2
2,157414619,157488961,9595,CYTIP
5,136129507,136134890,9597,SMAD5-AS1
11,67491768,67506263,9600,PITPNM1
7,149003062,149028641,9601,PDIA4
7,26152240,26187125,9603,NFE2L3
5,141958328,141990291,9604,RNF14
16,89707134,89720986,9605,VPS9D1
5,71719163,71721048,9607,CARTPT
22,23145326,23164350,9609,RAB36
11,66330242,66336840,9610,RIN1
17,16029157,16218185,9611,NCOR1
12,124324415,124567589,9612,NCOR2
9,72114595,72257193,9615,GDA
3,141738204,141747560,9616,RNF7
13,41216369,41263577,9617,MTRF1
17,28743984,28750958,9618,TRAF4
21,42199689,42297244,9619,ABCG1
22,46360834,46537170,9620,CELSR1
19,50906352,50910738,9622,KLK4
14,95686417,95692643,9623,TCL1B
17,81117295,81166077,9625,AATK
3,108907792,108953895,9626,GUCA1C
5,122311354,122464219,9627,SNCAIP
14,71932439,72566529,9628,RGS6
1,86634273,86655376,9629,CLCA3P
9,77423079,77648307,9630,GNA14
5,37288137,37371181,9631,NUP155
10,73744384,73772161,9632,SEC24C
11,68707440,68751564,9633,TESMIN
1,86424086,86456558,9635,CLCA2
1,1001138,1014541,9636,ISG15
2,36531805,36646087,9637,FEZ2
11,125445745,125496317,9638,FEZ1
8,1823976,1958641,9639,ARHGEF10
15,84748635,84806432,9640,ZNF592
1,206470476,206496889,9641,IKBKE
10,103594027,103855543,9644,SH3PXD2A
11,12094008,12263789,9645,MICAL2
11,10750987,10779743,9646,CTR9
22,21919420,21952837,9647,PPM1F
2,108448561,108509415,9648,GCC2
9,126914774,127223166,9649,RALGPS1
8,65644734,65771261,9650,MTFR1
1,2425980,2505530,9651,PLCH2
5,95463895,95555007,9652,TTC37
1,86914648,87109998,9653,HS2ST1
2,218710845,218755416,9654,TTLL4
2,46698952,46763129,9655,SOCS5
6,30699807,30717889,9656,MDC1
3,121769763,121835079,9657,IQCB1
18,76358190,76495190,9658,ZNF516
1,148808181,149048286,9659,PDE4DIP
4,55948871,56033363,9662,CEP135
18,2916994,3013315,9663,LPIN2
16,15594386,15643166,9665,MARF1
3,108589682,108694846,9666,DZIP3
19,5586999,5624046,9667,SAFB2
19,52031379,52095738,9668,ZNF432
2,99337353,99401326,9669,EIF5B
1,43946939,43968022,9670,IPO13
12,108129471,108250537,9671,WSCD2
1,30869467,30908761,9672,SDC3
1,156193932,156212796,9673,SLC25A44
1,175156987,175192999,9674,KIAA0040
20,37983007,38033468,9675,TTI1
15,43533462,43590253,9677,PPIP5K1
7,10973872,11169630,9678,PHF14
10,124619292,124744269,9679,FAM53B
22,31753951,31907034,9681,DEPDC5
1,43650158,43705515,9682,KDM4A
16,48538726,48620148,9683,N4BP1
8,144517992,144525178,9684,LRRC14
5,157785743,157859175,9685,CLINT1
3,11556070,11771350,9686,VGLL4
2,11482341,11642788,9687,GREB1
16,56730105,56850286,9688,NUP93
2,200810594,200827338,9689,BZW1
7,157138913,157269372,9690,UBE3C
14,35121846,35277614,9692,KIAA0391
4,159104178,159360169,9693,RAPGEF2
8,108443601,108486918,9694,EMC2
3,5187646,5219957,9695,EDEM1
1,16740273,16972979,9696,CROCC
6,52497402,52576915,9697,TRAM2
1,30931506,31065991,9698,PUM1
8,103500748,104256094,9699,RIMS2
12,53268299,53293643,9700,ESPL1
22,50343304,50445090,9701,PPP6R2
11,95789965,95832693,9702,CEP57
17,28614440,28645454,9703,KIAA0100
19,47349281,47382704,9704,DHX34
8,52110839,52460959,9705,ST18
17,19770829,19867936,9706,ULK2
5,141390157,141512979,9708,PCDHGA8
16,56932048,56944863,9709,HERPUD1
19,34254537,34355586,9710,KIAA0355
3,197671393,197749727,9711,RUBCN
10,11453946,11611754,9712,USP6NL
7,143353400,143362770,9715,FAM131B
15,34851782,34969839,9716,AQR
16,4958317,5019158,9717,SEC14L5
3,184249650,184293031,9718,ECE2
9,133532164,133575519,9719,ADAMTSL2
17,16689537,16777881,9720,CCDC144A
10,46549044,46555530,9721,GPRIN2
1,162069774,162370475,9722,NOS1AP
7,83363906,83649010,9723,SEMA3E
13,52024691,52033600,9724,UTP14C
1,225845536,225882369,9725,TMEM63A
16,31074422,31084196,9726,ZNF646
16,425619,523011,9727,RAB11FIP3
15,48988476,49046563,9728,SECISBP2L
6,127440343,127459391,9729,KIAA0408
3,51395867,51500002,9730,DCAF1
1,3812081,3857214,9731,CEP104
7,111726110,112206411,9732,DOCK4
12,108522580,108561400,9733,SART3
7,18086949,19002416,9734,HDAC9
12,122527246,122626396,9735,KNTC1
2,61187463,61470769,9736,USP34
16,19523811,19553408,9738,CCP110
16,30957294,30984664,9739,SETD1A
2,20032650,20052028,9741,LAPTM4A
16,1510427,1612110,9742,IFT140
11,128965060,129279324,9743,ARHGAP32
17,7336529,7351478,9744,ACAP1
19,30228290,30713538,9745,ZNF536
12,7129698,7158945,9746,CLSTN3
7,143851375,143902198,9747,TCAF1
10,103967201,104029233,9748,SLK
6,143536845,143831185,9749,PHACTR2
6,24804282,25042018,9750,RIPOR2
20,1266316,1309328,9751,SNPH
5,140847463,141012344,9752,PCDHA9
6,28378955,28399734,9753,ZSCAN12
17,47694081,47712050,9755,TBKBP1
19,35718019,35738878,9757,KMT2B
2,239048168,239401654,9759,HDAC4
8,58805418,59119208,9760,TOX
12,120686869,120701864,9761,MLEC
20,3162617,3173592,9762,LZTS3
16,85027751,85094230,9764,KIAA0513
5,80408013,80479350,9765,ZFYVE16
14,69611596,69715142,9766,SUSD6
15,64364311,64387687,9768,PCLAF
20,4780023,4823645,9770,RASSF2
7,22118238,22357144,9771,RAPGEF5
17,75441159,75500090,9772,TMEM94
6,136256627,136289851,9774,BCLAF1
17,80135214,80147183,9775,EIF4A3
11,46617527,46674818,9776,ATG13
20,32109506,32167258,9777,TM9SF4
4,6781375,6884170,9778,KIAA0232
3,17157162,18444817,9779,TBC1D5
16,88715343,88785211,9780,PIEZO1
2,6917392,7068286,9781,RNF144A
5,139273752,139331671,9782,MATR3
1,40620679,40665657,9783,RIMS3
2,27370496,27377533,9784,SNX17
16,72093562,72112912,9785,DHX38
14,58427385,58551289,9786,KIAA0586
14,55148112,55191678,9787,DLGAP5
8,124550790,124728429,9788,MTSS1
11,74949247,74979031,9789,SPCS2
10,42782801,42834937,9790,BMS1
8,96261715,96336995,9791,PTDSS1
2,64631621,64751005,9792,SERTAD2
11,46743048,46846308,9793,CKAP5
5,179732850,179796511,9794,MAML1
8,22219704,22232341,9796,PHYHIP
3,10248023,10281218,9797,TATDN2
16,71845996,71931199,9798,IST1
2,75646783,75690851,9801,MRPL19
12,51238292,51271362,9802,DAZAP2
1,235109336,235128936,9804,TOMM20
7,29920103,29990289,9805,SCRN1
10,72059035,72089032,9806,SPOCK2
3,49724294,49786542,9807,IP6K1
7,26533121,26538788,9808,KIAA0087
16,30761745,30776307,9810,RNF40
18,48539046,48863217,9811,CTIF
5,141923808,141942047,9812,KIAA0141
1,46675159,46719064,9813,EFCAB14
22,31488688,31618586,9814,SFI1
12,109929792,109996389,9815,GIT2
1,229626234,229660199,9816,URB2
19,10486120,10503741,9817,KEAP1
13,25301524,25349800,9818,NUP58
3,150408335,150466431,9819,TSC22D2
6,43037617,43053945,9820,CUL7
8,52622456,52745843,9821,RB1CC1
15,32615144,32639949,9824,ARHGAP11A
20,49903391,49915508,9825,SPATA2
1,156934840,157045370,9826,ARHGEF11
9,35749287,35758575,9827,RGP1
11,73308289,73369091,9828,ARHGEF17
1,65248219,65415869,9829,DNAJC6
9,98069275,98119212,9830,TRIM14
8,143636013,143656418,9831,ZNF623
5,147585439,147782848,9832,JAKMIP2
9,36572862,36677683,9833,MELK
14,105917979,105932642,9834,FAM30A
15,43323649,43330605,9836,LCMT2
20,25407727,25452628,9837,GINS1
2,144364364,144524583,9839,ZEB2
12,54948018,54984746,9840,TESPA1
6,109462594,109483237,9841,ZBTB24
17,45435900,45490749,9842,PLEKHM1
7,36854361,37449249,9844,ELMO1
11,78215297,78418348,9846,GAB2
12,22448583,22544546,9847,C2CD5
4,169986597,170033031,9848,MFAP3L
10,96129715,96205288,9849,ZNF518A
17,6578148,6640927,9851,KIAA0753
3,36985043,36993168,9852,EPM2AIP1
9,35490127,35561898,9853,RUSC2
11,119102198,119118544,9854,C2CD2L
2,241356243,241494841,9855,FARP2
6,24544104,24646155,9856,KIAA0319
1,179954738,180114880,9857,CEP350
9,135479079,135488893,9858,PPP1R26
1,243124428,243255348,9859,CEP170
1,113073209,113132260,9860,LRIG2
3,64010549,64024010,9861,PSMD6
17,40019097,40061215,9862,MED24
7,78017057,79453574,9863,MAGI2
7,28953358,28958292,9865,TRIL
11,8612037,8671866,9866,TRIM66
5,109334709,109409994,9867,PJA2
3,100363431,100401398,9868,TOMM70
1,150926263,150964744,9869,SETDB1
14,74653437,74713115,9870,AREL1
4,118722823,118838683,9871,SEC24D
11,72836745,73142261,9873,FCHSD2
2,170990823,171231314,9874,TLK1
21,32311018,32393026,9875,URB1
1,203795654,203854999,9877,ZC3H11A
14,21476597,21499175,9878,TOX4
5,134758771,134855133,9879,DDX46
12,56998834,57006446,9880,ZBTB39
3,36826820,36945057,9881,TRANK1
13,75284665,75482114,9882,TBC1D4
7,72879365,72951440,9883,POM121
17,46292733,46337794,9884,LRRC37A
20,62231922,62296213,9885,OSBPL2
10,60869438,61001440,9886,RHOBTB1
1,183472216,183598246,9887,SMG7
22,49853842,49890078,9889,ZBED4
1,99263953,99309590,9890,PLPPR4
12,106063340,106140033,9891,NUAK1
6,83552880,83709691,9892,SNAP91
16,1493344,1510457,9894,TELO2
14,102362963,102502481,9895,TECPR2
6,109691312,109825428,9896,FIG4
8,125024260,125091840,9897,WASHC5
1,154220179,154271510,9898,UBAP2L
15,91099950,91301309,9899,SV2B
1,149903318,149917882,9900,SV2A
3,8980591,9363053,9901,SRGAP3
17,62627401,62693597,9902,MRC2
1,6590724,6614607,9903,KLHL21
12,113816738,113966371,9904,RBM19
17,2337498,2381058,9905,SGSM2
1,1724838,1745992,9906,SLC35E2
7,4775622,4794312,9907,AP5Z1
4,75642782,75724525,9908,G3BP2
1,153929501,153946696,9909,DENND4B
1,174159410,174995308,9910,RABGAP1L
1,205228176,205273343,9911,TMCC2
17,12789539,12991643,9912,ARHGAP44
2,27650812,27663840,9913,SUPT7L
16,84368527,84464187,9914,ATP2C2
15,80404350,80597937,9915,ARNT2
1,179025804,179076562,9917,FAM20B
12,6493356,6531955,9918,NCAPD2
9,136440096,136483759,9919,SEC16A
8,1973878,2006936,9920,KBTBD11
12,120533480,120577594,9921,RNF10
3,12897220,13073117,9922,IQSEC1
1,22451851,22531157,9923,ZBTB40
12,56316223,56334053,9924,PAN2
9,37438114,37465399,9925,ZBTB5
1,211743457,211830772,9926,LPGAT1
1,11980181,12013514,9927,MFN2
1,200551497,200620734,9928,KIF14
22,38685543,38701556,9929,JOSD1
17,67070438,67245989,9931,HELZ
9,2720469,2844241,9933,PUM3
3,151212117,151278467,9934,P2RY14
20,40685848,40689240,9935,MAFB
2,159768630,159798255,9936,CD302
10,113834725,113854383,9937,DCLRE1A
2,68679601,68826833,9938,ARHGAP25
1,145917714,145927678,9939,RBM8A
3,38039205,38124025,9940,DLEC1
3,38496127,38542161,9941,EXOG
3,38346760,38421348,9942,XYLB
3,38165089,38255488,9943,OXSR1
5,180300690,180353387,9945,GFPT2
21,33589341,33643926,9946,CRYZL1
4,10074339,10116949,9948,WDR1
14,92794231,92839963,9950,GOLGA5
16,25692026,26137688,9951,HS3ST4
17,14301083,14349404,9953,HS3ST3B1
17,13495689,13601927,9955,HS3ST3A1
16,22814177,22916338,9956,HS3ST2
4,11393150,11429765,9957,HS3ST1
12,62260338,62417431,9958,USP15
15,63504511,63594640,9960,USP3
16,29820394,29848039,9961,MVP
20,4852356,5010293,9962,SLC23A2
5,139367196,139384553,9963,SLC23A1
11,69698232,69704642,9965,FGF19
9,114784635,114806126,9966,TNFSF15
1,36224416,36305357,9967,THRAP3
17,61942605,62065282,9969,MED13
1,161229666,161238302,9970,NR1I3
12,100473708,100564413,9971,NR1H4
6,17615035,17706834,9972,NUP153
11,66592821,66606019,9973,CCS
3,23945260,23980618,9975,NR1D2
12,9852984,9870136,9976,CLEC2B
22,40951347,40973309,9978,RBX1
21,36156782,36294274,9980,DOPEY2
4,15935569,15938740,9982,FGFBP1
18,214520,268050,9984,THOC1
14,24171853,24180257,9985,REC8
11,66842835,66846546,9986,RCE1
4,82422564,82430408,9987,HNRNPDL
7,87152361,87196337,9988,DMTF1
18,9546791,9615240,9989,PPP4R1
15,34229996,34338060,9990,SLC12A6
9,112217716,112333667,9991,PTBP3
21,34364024,34371389,9992,KCNE2
22,19036282,19122454,9993,DGCR2
6,89829894,89874436,9994,CASP8AP2
22,50523568,50525606,9997,SCO2
1,243488233,243851079,10000,AKT3
14,70581257,70600690,10001,MED6
15,71792638,71818259,10002,NR2E3
11,90131515,90192894,10003,NAALAD2
11,65044818,65058549,10004,NAALADL1
20,45841721,45857406,10005,ACOT8
10,26746593,26861087,10006,ABI1
5,141991749,142013041,10007,GNPDA1
11,74454841,74467729,10008,KCNE3
2,161136908,161236221,10010,TANK
5,140537340,140558252,10011,SRA1
17,44076746,44123702,10014,HDAC5
3,33798352,33869707,10015,PDCD6IP
5,271621,353856,10016,PDCD6
15,52109263,52112775,10017,BCL2L10
2,111119378,111168447,10018,BCL2L11
12,111405948,111451623,10019,SH2B3
9,36214441,36277056,10020,GNE
15,73319859,73369264,10021,HCN4
1,66797741,66801256,10022,INSL5
10,97319267,97321915,10023,FRAT1
12,49323236,49331731,10024,TROAP
19,867630,893218,10025,MED16
1,77088990,77219430,10026,PIGK
19,4402662,4445018,10036,CHAF1A
14,20343582,20357905,10038,PARP2
3,51942345,51948867,10039,PARP3
17,54899387,54968646,10040,TOM1L1
22,35257452,35295807,10042,HMGXB4
22,35299275,35347994,10043,TOM1
9,127738317,127778741,10044,SH2D3C
19,6752160,6767588,10045,SH2D3A
20,23491101,23496018,10047,CST8
6,13621498,13711564,10048,RANBP9
7,157335381,157417439,10049,DNAJB6
6,25754699,25781191,10050,SLC17A4
3,160399274,160434962,10051,SMC4
17,44798448,44830816,10052,GJC1
19,10572671,10587315,10053,AP1M2
19,34428352,34471251,10054,UBA2
19,47113274,47210636,10055,SAE1
2,222570536,222656337,10056,FARSB
3,183919934,184018015,10057,ABCC5
2,219209768,219218990,10058,ABCB6
12,32679200,32745650,10059,DNM1L
12,21797401,21942529,10060,ABCC9
7,151207837,151227230,10061,ABCF2
11,47248300,47269032,10062,NR1H3
3,119654513,119677454,10063,COX17
15,74843730,74873365,10066,SCAMP2
1,155255979,155262430,10067,SCAMP3
11,71998541,72005715,10068,IL18BP
21,29004384,29019378,10069,RWDD2B
7,100969623,101018949,10071,MUC12
11,66480013,66509657,10072,DPP3
15,75598083,75626469,10073,SNUPN
1,29236516,29326813,10076,PTPRU
11,2301997,2318200,10077,TSPAN32
11,2400488,2403878,10078,TSSC4
20,51596514,51768634,10079,ATP9A
15,65117379,65133836,10081,PDCD7
13,93226842,94407401,10082,GPC6
11,17493895,17544416,10083,USH1C
5,83940554,84384793,10085,EDIL3
8,132061486,132111159,10086,HHLA1
5,75368486,75512138,10087,COL4A3BP
11,65592855,65595996,10089,KCNK7
6,148747328,149076990,10090,UST
1,183620846,183635757,10092,ARPC5
3,9792495,9807726,10093,ARPC4
12,110434825,110450422,10094,ARPC3
7,99374249,99394801,10095,ARPC1B
2,113889960,113962596,10096,ACTR3
2,65227753,65271253,10097,ACTR2
4,98470367,98658629,10098,TSPAN5
15,77041404,77083984,10099,TSPAN3
1,115048011,115089500,10100,TSPAN2
16,1782901,1789191,10101,NUBP2
12,57782589,57808071,10102,TSFM
1,46175073,46185958,10103,TSPAN1
10,79347469,79355337,10105,PPIF
12,57819927,57846739,10106,CTDSP2
6,30151945,30160934,10107,TRIM10
2,218217094,218254356,10109,ARPC2
20,43558968,43588237,10110,SGK2
5,132556019,132646344,10111,RAD50
5,138178719,138187715,10112,KIF20A
2,27130756,27134675,10113,PREB
11,33256672,33357023,10114,HIPK3
15,68277803,68295865,10116,FEM1B
4,70628744,70686816,10117,ENAM
2,97655963,97664107,10120,ACTR1B
10,102461881,102502711,10121,ACTR1A
2,234493041,234497053,10123,ARL4C
7,12686856,12690934,10124,ARL4A
15,38488103,38565575,10125,RASGRP1
22,38778508,38794198,10126,DNAL4
16,3263800,3301401,10127,ZNF263
2,43886508,43996005,10128,LRPPRC
13,32031300,32299122,10129,FRY
2,10783391,10837977,10130,PDIA6
16,3651639,3717597,10131,TRAP1
10,13099449,13138308,10133,OPTN
7,106248285,106286326,10135,NAMPT
1,22001656,22012539,10136,CELA3A
20,35648925,35664956,10137,RBM12
12,42157104,42238349,10138,YAF2
20,63698642,63708025,10139,ARFRP1
17,50862223,50867978,10140,TOB1
4,5524569,5527801,10141,LINC01587
7,91940867,92110673,10142,AKAP9
16,78022515,78066761,10143,CLEC3A
4,88725955,89111398,10144,FAM13A
5,151771045,151812785,10146,G3BP1
19,18990888,19034023,10147,SUGP2
19,4229498,4237531,10148,EBI3
13,97221434,97394120,10150,MBNL2
2,203328219,203447723,10152,ABI2
2,37201612,37231713,10153,CEBPZ
12,94148723,94307675,10154,PLXNC1
19,58544091,58550722,10155,TRIM28
7,102573807,102616757,10156,RASA4
7,122075647,122144280,10157,AASS
1,47183593,47191044,10158,PDZK1IP1
13,98142562,98455176,10160,FARP1
13,48389567,48444704,10161,LPAR6
12,6976186,7018510,10162,LPCAT3
1,27404226,27490158,10163,WASF2
16,71525233,71538746,10164,CHST4
7,96120220,96322147,10165,SLC25A13
13,40789412,40810111,10166,SLC25A15
3,44584888,44648471,10168,ZNF197
15,43777087,43802589,10169,SERF2
2,169064789,169096167,10170,DHRS9
9,4792869,4885917,10171,RCL1
19,57940833,57947675,10172,ZNF256
8,22544986,22575788,10174,SORBS3
14,54423560,54441431,10175,CNIH1
11,114400030,114414203,10179,RBM7
3,49940007,50100045,10180,RBM6
3,50088908,50119021,10181,RBM5
5,78485215,78770021,10184,LHFPL2
13,39342892,39603528,10186,LHFP
3,195863364,195911945,10188,TNK2
17,81887844,81891586,10189,ALYREF
2,99318982,99340702,10190,TXNDC9
12,56202175,56221933,10193,RNF41
18,75210755,75289950,10194,TSHZ1
3,184242301,184249548,10195,ALG3
11,20387530,20509294,10196,PRMT3
17,42824385,42843758,10197,PSME3
12,123152320,123244014,10198,MPHOSPH9
2,71130314,71150101,10199,MPHOSPH10
16,82147798,82170226,10200,MPHOSPH6
3,48293264,48301685,10201,NME6
14,23630115,23645639,10202,DHRS2
2,187343129,187448460,10203,CALCRL
16,67846732,67872567,10204,NUTF2
11,118253403,118264536,10205,MPZL2
13,49995888,50020481,10206,TRIM13
1,61742477,62178675,10207,PATJ
13,30617693,30660770,10208,USPL1
17,41688885,41692668,10209,EIF1
9,32540544,32552553,10210,TOPORS
6,30727709,30742733,10211,FLOT1
19,14408819,14419383,10212,DDX39A
2,161308038,161411717,10213,PSMD14
21,33025845,33029196,10215,OLIG2
1,186296279,186314562,10216,PRG4
3,37861960,37984469,10217,CTDSPL
1,11189341,11195981,10218,ANGPTL7
12,8950044,9010760,10219,KLRG1
12,55743280,55757278,10220,GDF11
8,125430321,125438405,10221,TRIB1
1,167052836,167166479,10223,GPA33
19,12429707,12441112,10224,ZNF443
3,111292719,111665750,10225,CD96
19,4838341,4867768,10226,PLIN3
4,2930561,2934859,10227,MFSD10
1,180972712,181023121,10228,STX6
16,19067599,19080095,10229,COQ7
17,43125610,43153671,10230,NBR2
6,46220736,46491972,10231,RCAN2
16,760762,768865,10232,MSLN
12,6873569,6914243,10233,LRRC23
7,102912991,102944949,10234,LRRC17
11,64726911,64745456,10235,RASGRP2
1,23303771,23344336,10236,HNRNPR
17,49700943,49709014,10237,SLC35B1
17,63550461,63594266,10238,DCAF7
15,89830599,89894638,10239,AP3S2
13,40729135,40771173,10240,MRPS31
17,48830988,48866522,10241,CALCOCO2
3,178272932,178844429,10242,KCNMB2
14,66507407,67181803,10243,GPHN
9,125200542,125234158,10244,RABEPK
6,25912754,25930726,10246,SLC17A2
8,98102344,98117241,10247,RIDA
7,100706053,100707495,10248,POP7
11,58640426,58731974,10249,GLYAT
1,24631716,24673267,10250,SRRM1
4,123396795,123403760,10252,SPRY1
13,80335976,80340951,10253,SPRY2
2,152116801,152175992,10254,STAM2
6,29975112,29978410,10255,HCG9
1,26177403,26189886,10256,CNKSR1
13,95019829,95301446,10257,ABCC4
15,65658046,65792293,10260,DENND4A
16,21639537,21652660,10261,IGSF6
1,149923317,149928344,10262,SF3B4
11,67506497,67508649,10263,CDK2AP2
16,54930862,54934485,10265,IRX5
17,42758447,42763041,10266,RAMP2
2,237858893,237912114,10267,RAMP1
7,45157791,45186302,10268,RAMP3
1,40258107,40294184,10269,ZMPSTE24
19,15353385,15379798,10270,AKAP8
19,676365,683399,10272,FSTL3
16,680224,682870,10273,STUB1
3,136336233,136752403,10274,STAG1
10,5412551,5458463,10276,NET1
1,10032832,10181239,10277,UBE4B
14,23356402,23365752,10278,EFS
6,27247701,27256624,10279,PRSS16
9,34634722,34637809,10280,SIGMAR1
21,37951425,38121360,10281,DSCR4
7,93962762,94004382,10282,BET1
5,64768930,65018763,10283,CWC27
13,21140514,21149084,10284,SAP18
10,110290730,110304951,10285,SMNDC1
1,114567557,114581639,10286,BCAS2
20,64073181,64079988,10287,RGS19
19,54273821,54281184,10288,LILRB2
3,40309684,40312424,10289,EIF1B
2,219434846,219498287,10290,SPEG
22,30331988,30356947,10291,SF3A1
3,49828599,49856574,10293,TRAIP
16,46955362,46973788,10294,DNAJA2
16,31106107,31112791,10295,BCKDK
4,1289851,1340147,10296,MAEA
19,1446302,1473244,10297,APC2
19,39125770,39182816,10298,PAK4
5,10353703,10440388,10299,6-Mar
16,57735730,57757250,10300,KATNB1
15,66490135,66497813,10302,SNAPC5
5,140558268,140564781,10307,APBB3
16,31873758,31917357,10308,ZNF267
5,55231152,55233680,10309,CCNO
21,37223420,37267919,10311,DSCR3
11,68039016,68050895,10312,TCIRG1
11,63681446,63759891,10313,RTN3
2,210431249,210477652,10314,LANCL1
2,231523160,231530495,10316,NMUR1
21,39556442,39673137,10317,B3GALT5
5,151029945,151093577,10318,TNIP1
9,131009082,131094473,10319,LAMC3
7,50304124,50405101,10320,IKZF1
6,49727384,49744437,10321,CRISP3
2,73214222,73227237,10322,SMYD5
2,169509702,169526262,10324,KLHL41
20,1563521,1620061,10326,SIRPB1
1,45550543,45570049,10327,AKR1A1
16,85771758,85799608,10328,EMC8
12,63779803,63809558,10329,TMEM5
12,56309842,56316336,10330,CNPY2
19,17794828,17813082,10331,B3GNT3
19,7763149,7769605,10332,CLEC4M
4,38823715,38856817,10333,TLR6
11,10573091,10693988,10335,MRVI1
4,705748,770640,10336,PCGF3
3,100709331,100748966,10342,TFG
22,46255663,46263355,10343,PKDREJ
7,75769533,75789896,10344,CCL26
6,123216339,123637093,10345,TRDN
11,5689689,5737089,10346,TRIM22
19,1040101,1065572,10347,ABCA7
17,69147214,69244846,10349,ABCA10
17,68974488,69061064,10350,ABCA9
17,68867292,68955392,10351,ABCA8
1,119031216,119140671,10352,WARS2
10,101781325,101783413,10360,NPM3
8,22024125,22036897,10361,NPM2
19,3572777,3579088,10362,HMG20B
15,77420412,77485607,10363,HMG20A
19,16324817,16327874,10365,KLF2
10,72367327,72626191,10367,MICU1
16,24255553,24362801,10368,CACNG3
22,36563921,36703558,10369,CACNG2
6,139371807,139374620,10370,CITED2
7,83955777,84492724,10371,SEMA3A
12,49127782,49131397,10376,TUBA1B
14,24161053,24166565,10379,IRF9
1,220057482,220090462,10380,BPNT1
16,89921392,89938761,10381,TUBB3
19,6494319,6502848,10382,TUBB4A
9,137241213,137243707,10383,TUBB4B
6,26440472,26453415,10384,BTN3A3
6,26383096,26394874,10385,BTN2A2
20,59863563,59933655,10388,SYCP2
1,111139627,111185102,10390,CEPT1
15,68578969,68727806,10391,CORO2B
7,30424527,30478784,10392,NOD1
4,144967112,145098541,10393,ANAPC10
11,57376769,57381150,10394,PRG3
8,13083361,13604610,10395,DLC1
4,42408373,42657105,10396,ATP8A1
8,133237171,133302022,10397,NDRG1
20,36541484,36551447,10398,MYL9
5,181236909,181248096,10399,RACK1
17,17505563,17591708,10400,PEMT
1,145848522,145859836,10401,PIAS3
3,98732236,98821201,10402,ST3GAL6
18,2571511,2616635,10403,NDC80
8,96645227,97149654,10404,CPQ
20,45469706,45481532,10406,WFDC2
8,7442684,7463674,10407,SPAG11B
2,15939898,15941723,10408,MYCNOS
5,17065598,17276843,10409,BASP1
11,319669,327537,10410,IFITM3
12,47734367,47771040,10411,RAPGEF3
5,74766991,74780113,10412,NSA2
11,102110461,102233423,10413,YAP1
4,1166932,1208962,10417,SPON2
11,13962689,14267884,10418,SPON1
14,22920511,22929585,10419,PRMT5
1,45343883,45491166,10420,TESK2
16,30350766,30355361,10421,CD2BP2
9,135932969,135961380,10422,UBAC1
16,29858357,29863736,10423,CDIPT
4,128269237,128288829,10424,PGRMC2
3,48918821,48986382,10425,ARIH2
13,112485005,112588167,10426,TUBGCP3
4,109433772,109540896,10427,SEC24B
16,75293698,75433485,10428,CFDP1
19,35545595,35547526,10430,TMEM147
11,66616582,66627347,10432,RBM14
8,54046367,54102017,10434,LYPLA1
11,65314818,65322429,10435,CDC42EP2
12,6970893,6979941,10436,EMG1
19,18173162,18178117,10437,IFI30
2,68041130,68110948,10438,C1D
9,135075422,135121179,10439,OLFM1
1,201955491,201970661,10440,TIMM17A
13,32432417,32538885,10443,N4BP2L2
9,128729786,128772414,10444,ZER1
12,49556544,49568153,10445,MCRS1
1,204617170,204685733,10446,LRRN2
7,121348851,121396364,10447,FAM3C
18,49782167,49813960,10449,ACAA2
1,39692182,39763914,10450,PPIE
1,107571160,107965144,10451,VAV3
19,44890569,44903689,10452,TOMM40
22,39399741,39437060,10454,TAB1
6,4115689,4135597,10455,ECI2
1,154272511,154275875,10456,HAX1
7,23235967,23275108,10457,GPNMB
17,81035122,81117432,10458,BAIAP2
1,11674480,11691650,10459,MAD2L2
4,1721490,1745176,10460,TACC3
2,111898479,112029561,10461,MERTK
17,7074537,7080307,10462,CLEC10A
4,41990472,42090457,10463,SLC30A9
13,72782059,73016461,10464,PIBF1
1,42658425,42676758,10465,PPIH
7,107201555,107564514,10466,COG5
7,101217668,101224190,10467,ZNHIT1
5,53480409,53487134,10468,FST
19,7926718,7943920,10469,TIMM44
6,33289302,33298401,10471,PFDN6
1,244048939,244057476,10472,ZBTB18
6,26538405,26546254,10473,HMGN4
3,9779860,9793011,10474,TADA3
6,25962802,25991226,10475,TRIM38
17,75038863,75046985,10476,ATP5H
2,180967248,181076585,10477,UBE2E3
22,40769630,40819399,10478,SLC25A17
11,32583798,32606262,10480,EIF3M
17,48724763,48729178,10481,HOXB13
11,62792123,62806302,10482,NXF1
20,18507493,18561415,10483,SEC23B
14,39031919,39109646,10484,SEC23A
1,156404250,156430701,10485,C1orf61
6,17393216,17557792,10486,CAP2
1,40040233,40072649,10487,CAP1
9,35732335,35737004,10488,CREB3
1,46261196,46303608,10489,LRRC41
14,67647075,67674831,10490,VTI1B
3,33113979,33147773,10491,CRTAP
6,85607785,85643792,10492,SYNCRIP
17,43014605,43025123,10493,VAT1
2,241492674,241509730,10494,STK25
9,35161992,35405338,10497,UNC13B
19,10871513,10923070,10498,CARM1
8,70109762,70403805,10499,NCOA2
1,151131685,151146664,10500,SEMA6C
19,4542593,4559808,10501,SEMA6B
2,74654228,74683853,10505,SEMA4F
9,89360787,89498130,10507,SEMA4D
15,90160604,90229679,10509,SEMA4B
7,80742538,80922359,10512,SEMA3C
17,60443149,60526219,10513,APPBP2
17,4538897,4555631,10514,MYBBP1A
14,91869412,91947987,10516,FBLN5
17,18744024,18779349,10517,FBXW10
15,78104606,78131544,10518,CIB2
15,90229975,90234047,10519,CIB1
19,57630395,57642779,10520,ZNF211
22,38483440,38507660,10521,DDX17
11,644233,706715,10522,DEAF1
19,16517889,16542530,10523,CHERP
11,65711996,65719604,10524,KAT5
11,119044189,119057202,10525,HYOU1
12,30628988,30695986,10526,IPO8
11,9384622,9448126,10527,IPO7
20,2652145,2658393,10528,NOP56
10,20779973,21174187,10529,NEBL
10,3137728,3172841,10531,PITRM1
3,11272309,11557665,10533,ATG7
11,65570430,65573942,10534,SSSCA1
19,12802063,12813638,10535,RNASEH2A
12,6828410,6839851,10536,P3H3
6,29555515,29559925,10537,UBD
14,75522425,75547015,10538,BATF
10,130136399,130184521,10539,GLRX3
12,57530102,57547331,10540,DCTN2
9,97983361,98015943,10541,ANP32B
1,110401249,110407942,10542,LAMTOR5
20,35172073,35216240,10544,PROCR
14,24189143,24195687,10548,TM9SF1
3,69084944,69106066,10550,ARL6IP5
7,16791811,16833433,10551,AGR2
7,99325910,99366262,10552,ARPC1A
11,20363685,20383783,10553,HTATIP2
6,32168212,32178096,10554,AGPAT1
9,136673143,136687423,10555,AGPAT2
10,90871716,90908553,10556,RPP30
10,15097180,15139818,10557,RPP38
9,92031999,92115384,10558,SPTLC1
6,87470623,87512336,10559,SLC35A1
1,169463909,169486003,10560,SLC19A2
1,78649796,78664078,10561,IFI44
13,53028759,53052057,10562,OLFM4
4,77511753,77611834,10563,CXCL13
20,48921890,49036693,10564,ARFGEF2
8,67173511,67343677,10565,ARFGEF1
12,4615508,4649047,10566,AKAP3
19,41956681,41959390,10567,RABAC1
4,25655301,25678748,10568,SLC34A2
5,160401641,160421711,10569,SLU7
10,132186900,132205776,10570,DPYSL4
14,104753100,104768494,10572,SIVA1
16,367384,370527,10573,MRPL28
2,73233420,73253021,10574,CCT7
2,61868089,61888804,10575,CCT4
12,69585334,69601570,10576,CCT2
14,74476192,74494177,10577,NPC2
2,85685175,85698854,10578,GNLY
10,121989174,122254545,10579,TACC2
10,95311771,95561414,10580,SORBS1
11,307631,315272,10581,IFITM2
8,118995452,119106582,10584,COLEC10
9,131502902,131523806,10585,POMT1
4,150581922,150584693,10586,MAB21L2
22,19875517,19941992,10587,TXNRD2
15,79833585,79897379,10588,MTHFS
11,65919257,65921561,10589,DRAP1
6,25652201,25701783,10590,SCGN
6,43225629,43229484,10591,DNPH1
9,104094260,104141417,10592,SMC2
17,1650629,1684882,10594,PRPF8
16,23690326,23713500,10595,ERN2
14,77457870,77469474,10598,AHSA1
12,21131202,21239246,10599,SLCO1B1
21,29024629,29054488,10600,USP16
2,37641882,37738468,10602,CDC42EP3
7,102285091,102321711,10603,SH2B2
5,43526267,43557758,10605,PAIP1
4,56435741,56464579,10606,PAICS
4,2247432,2262294,10608,MXD4
17,41801947,41812604,10609,P3H4
17,76565379,76586956,10610,ST6GALNAC2
4,94451857,94668227,10611,PDLIM5
11,6448613,6474459,10612,TRIM3
10,100150094,100188334,10613,ERLIN1
17,45148502,45152101,10614,HEXIM1
17,28577565,28599279,10615,SPAG5
20,407498,430966,10616,RBCK1
2,73828916,73873659,10617,STAMBP
2,85318020,85328425,10618,TGOLN2
15,74541177,74598131,10620,ARID3B
20,18467127,18484643,10621,POLR3F
5,90471748,90514553,10622,POLR3G
1,145824088,145842505,10623,POLR3C
1,185296388,185317329,10625,IVNS1ABP
17,15627960,15684311,10626,TRIM16
18,3247481,3256236,10627,MYL12A
1,145992435,145996600,10628,TXNIP
11,62771303,62787342,10629,TAF6L
1,13583465,13617957,10630,PDPN
13,37562583,37598844,10631,POSTN
11,118401154,118431496,10632,ATP5L
22,29312933,29319679,10633,RASL10A
22,29306582,29312785,10634,GAS2L1
12,4538798,4560048,10635,RAD51AP1
5,177357837,177372601,10636,RGS14
1,225886282,225911382,10637,LEFTY1
1,229304857,229305504,10638,SPHAR
14,57200507,57269008,10640,EXOC5
3,50347330,50351091,10641,NPRL2
17,48997412,49055650,10642,IGF2BP1
7,23310209,23470467,10643,IGF2BP3
3,185643739,185825056,10644,IGF2BP2
12,121237691,121298308,10645,CAMKK2
11,62242210,62244808,10647,SCGB1D2
11,62190216,62193539,10648,SCGB1D1
18,12407896,12432238,10650,PRELID3A
2,176269395,176338025,10651,MTX2
7,44200968,44214294,10652,YKT6
19,38244035,38292614,10653,SPINT2
1,154924734,154936991,10654,PMVK
9,1049858,1057552,10655,DMRT2
8,135457457,135656722,10656,KHDRBS3
1,32013829,32060850,10657,KHDRBS1
11,47465944,47565569,10658,CELF1
10,10798397,11336675,10659,CELF2
10,101226195,101229794,10660,LBX1
19,12884423,12887181,10661,KLF1
3,45940933,45948353,10663,CXCR6
16,67562407,67639183,10664,CTCF
6,32288526,32371912,10665,C6orf10
18,69831158,69961803,10666,CD226
6,5261044,5771580,10667,FARS2
14,54509812,54539309,10668,CGRRF1
2,27098889,27119115,10669,CGREF1
9,19049395,19050983,10670,RRAGA
8,30156297,30183640,10671,DCTN6
17,65010715,65056839,10672,GNA13
13,108251240,108308484,10673,TNFSF13B
3,47562239,47580792,10675,CSPG5
12,57797376,57818704,10677,AVIL
2,62196113,62224731,10678,B3GNT2
15,52115105,52191369,10681,GNB5
19,39498895,39508481,10683,DLL3
3,190322541,190412143,10686,CLDN16
8,26504686,26514092,10687,PNMA2
6,96015984,96215612,10690,FUT9
1,28668732,28719353,10691,GMEB1
4,109827994,109844604,10692,RRH
17,34927859,34981078,10693,CCT6B
21,29055805,29073797,10694,CCT8
6,42929192,42939287,10695,CNPY3
4,47593998,47838106,10699,CORIN
1,155247205,155255483,10712,FAM189B
2,85602856,85649282,10713,USP39
11,74493851,74669117,10714,POLD3
19,18868545,18896727,10715,CERS1
2,161416094,161425870,10716,TBR1
1,113894748,113905201,10717,AP4B1
10,81875314,82987179,10718,NRG3
4,69199951,69214731,10720,UGT2B11
3,121431427,121546641,10721,POLQ
5,1050376,1112035,10723,SLC12A7
10,101784443,101818465,10724,MGEA5
16,69565094,69704666,10725,NFAT5
1,26900238,26946862,10726,NUDC
12,56663341,56688408,10728,PTGES3
10,27110112,27155266,10730,YME1L1
20,62841115,62861763,10732,TCFL5
4,127880861,127899195,10733,PLK4
7,100177563,100221488,10734,STAG3
2,45005161,45009430,10736,SIX2
22,32354885,32361161,10738,RFPL3
22,32190435,32203477,10739,RFPL2
20,18486540,18497243,10741,RBBP9
17,17681473,17811453,10743,RAI1
4,37960435,37961125,10744,PTTG2
1,113696831,113759489,10745,PHTF1
2,127298730,127388465,10746,MAP3K2
1,11026523,11047233,10747,MASP2
17,4997948,5028401,10749,KIF1C
17,19020673,19047637,10750,GRAP
3,196596,409417,10752,CHL1
1,230747384,230802003,10753,CAPN9
19,14477760,14496149,10755,GIPC1
6,111556454,111606278,10758,TRAF3IP2
22,45163841,45188015,10762,NUP50
1,156668763,156677397,10763,NES
1,202724491,202809470,10765,KDM5B
22,41433492,41447023,10766,TOB2
6,134960378,135103056,10767,HBS1L
1,109984686,110023741,10768,AHCYL1
5,58453982,58460260,10769,PLK2
10,134465,254637,10771,ZMYND11
1,23964804,23980927,10772,SRSF10
9,122908056,122913330,10773,ZBTB6
15,52547045,52569883,10776,ARPP19
3,35638945,35794496,10777,ARPP21
18,35290282,35328390,10778,ZNF271P
19,44141557,44160309,10780,ZNF234
19,9412598,9435578,10781,ZNF266
19,58183029,58213562,10782,ZNF274
9,124257606,124353307,10783,NEK6
21,42843094,42879568,10785,WDR4
6,25833066,25882286,10786,SLC17A3
2,182909115,183038858,10787,NCKAP1
5,76403249,76708132,10788,IQGAP2
2,85584408,85593412,10791,VAMP5
7,64870172,64930966,10793,ZNF273
19,57280051,57293569,10794,ZNF460
12,133181409,133214831,10795,ZNF268
2,74198562,74217565,10797,MTHFD2
11,55935456,55936400,10798,OR5I1
6,4994732,5004063,10799,RPP40
17,77280569,77500596,10801,9-Sep
5,134648789,134727823,10802,SEC24A
3,45886504,45903177,10803,CCR9
13,20221971,20232395,10804,GJB6
1,243256034,243500092,10806,SDCCAG8
9,136401922,136410609,10807,SDCCAG3
13,31134974,31162388,10808,HSPH1
11,72754729,72794168,10809,STARD10
13,26557703,26688948,10810,WASF3
9,137423350,137434406,10811,NOXA1
5,175796310,175884020,10814,CPLX2
4,784957,826198,10815,CPLX1
20,45512461,45515624,10816,SPINT3
6,41770176,41786542,10817,FRS3
12,69470349,69579789,10818,FRS2
11,74988134,75018893,10825,NEU3
5,154818491,154859252,10826,FAXDC2
5,153990128,154038936,10827,FAM114A2
3,126103562,126197994,10840,ALDH1L1
21,46136262,46155567,10841,FTCD
7,31686715,31708455,10842,PPP1R17
10,133278630,133312337,10844,TUBGCP2
15,65148219,65185342,10845,CLPX
6,165327287,165986603,10846,PDE10A
16,30698209,30741409,10847,SRCAP
19,45379634,45406349,10848,PPP1R13L
19,45406209,45410766,10849,CD3EAP
9,34661880,34664048,10850,CCL27
4,83292461,83335153,10855,HPSE
19,48993448,49015995,10856,RUVBL2
14,99684304,99727301,10858,CYP46A1
19,54617158,54637528,10859,LILRB1
4,979073,993440,10861,SLC26A1
8,24294040,24359018,10863,ADAM28
6,43295694,43305538,10864,SLC22A7
2,96536743,96552638,10865,ARID5A
6,31400702,31477506,10866,HCP5
12,3077355,3286564,10867,TSPAN9
9,129834698,129881838,10868,USP20
3,49108046,49120938,10869,USP19
19,35902480,35904377,10870,HCST
17,74541108,74546143,10871,CD300C
11,86441108,86672636,10873,ME3
4,55595229,55636698,10874,NMU
7,77193371,77199848,10875,FGL2
14,20745892,20748380,10876,EDDM3A
1,196850241,196918972,10877,CFHR4
1,196774795,196795406,10878,CFHR3
4,70370093,70390244,10879,SMR3B
9,108854589,108856967,10880,ACTL7B
9,108862266,108863759,10881,ACTL7A
17,44959693,44968071,10882,C1QL1
5,44808925,44820428,10884,MRPS30
1,117929720,117966542,10885,WDR3
4,72031804,72148067,10886,NPFFR2
2,68467561,68655862,10887,APLF
11,94377311,94401419,10888,GPR83
2,26034107,26137454,10890,RAB10
4,23755041,23904089,10891,PPARGC1A
18,58671386,58754477,10892,MALT1
20,35226654,35277000,10893,MMP24
11,10556966,10611689,10894,LYVE1
4,74054038,74055399,10895,PPBPP2
1,186400572,186401455,10896,OCLM
11,66284580,66289170,10897,YIF1A
7,99438922,99457371,10898,CPSF4
1,153974269,153977688,10899,JTB
17,44308413,44318671,10900,RUNDC3A
14,23953586,23969279,10901,DHRS4
5,138139766,138178986,10902,BRD8
1,149928651,149936869,10903,MTMR11
20,37492472,37527931,10904,BLCAP
1,117367449,117528872,10905,MAN1A2
12,112125501,112153609,10906,TRAFD1
18,79970811,80033949,10907,TXNL4A
19,7534004,7561764,10908,PNPLA6
13,52652709,52700909,10910,SUGT1
1,7843083,7853512,10911,UTS2
9,89605013,89606555,10912,GADD45G
2,108894471,108989372,10913,EDAR
14,96501433,96567111,10914,PAPOLA
5,146447311,146511961,10915,TCERG1
5,180988845,181006727,10917,BTNL3
6,31879759,31897687,10919,EHMT2
2,237085312,237100466,10920,COPS8
16,2253116,2268412,10921,RNPS1
7,151076593,151080866,10922,FASTK
5,32531633,32604079,10923,SUB1
6,122789049,122809720,10924,SMPDL3A
7,87876216,87909541,10926,DBF4
9,88388419,88478694,10927,SPIN1
18,9475009,9538116,10928,RALBP1
11,95067197,95071224,10929,SRSF8
6,41053304,41064511,10930,APOBEC2
15,78810487,78898133,10933,MORF4L1
10,119167703,119178833,10935,PRDX3
2,53852913,53859989,10936,GPR75
11,64851642,64888296,10938,EHD1
18,12328944,12377314,10939,AFG3L2
8,98117297,98159834,10940,POP1
4,69588417,69653249,10941,UGT2A1
16,2817180,2826304,10942,PRSS21
11,16613132,16756881,10944,C11orf58
19,48382570,48391553,10945,KDELR1
1,37956975,37990921,10946,SF3A3
8,42152946,42171673,10947,AP3M2
17,39637065,39663484,10948,STARD3
5,137745651,137754376,10949,HNRNPA0
21,17593653,17612947,10950,BTG3
17,48070052,48101521,10951,CBX1
9,99222064,99230615,10952,SEC61B
20,44942130,44960486,10953,TOMM34
3,123067062,123225227,10954,PDIA5
20,44496221,44522109,10955,SERINC3
12,57693955,57721557,10956,OS9
6,89080751,89085160,10957,PNRC1
12,123584531,123598577,10959,TMED2
5,177331562,177351852,10960,LMAN2
12,112013316,112023451,10961,ERP29
1,151057758,151068497,10962,MLLT11
11,64185272,64204543,10963,STIP1
1,78619922,78646145,10964,IFI44L
14,73567620,73575658,10965,ACOT2
17,82654973,82698728,10966,RAB40B
1,43164175,43270936,10969,EBNA1BP2
12,106237877,106304279,10970,CKAP4
2,9583972,9631014,10971,YWHAQ
14,75131470,75176631,10972,TMED10
6,100508194,100881372,10973,ASCC3
10,86968192,86983934,10974,ADIRF
19,1597172,1605490,10975,UQCR11
11,57648992,57661868,10978,CLP1
14,52857268,52952435,10979,FERMT2
7,100088954,100092200,10980,COPS6
6,146543693,146554965,10981,RAB32
18,34976928,35143470,10982,MAPRE2
4,77047158,77076005,10983,CCNI
11,2608328,2699994,10984,KCNQ1OT1
12,120127203,120194710,10985,GCN1
8,67043079,67083783,10987,COPS5
12,95473520,95515839,10988,METAP2
2,86143932,86195770,10989,IMMT
19,54249431,54257301,10990,LILRB5
3,50205246,50221486,10991,SLC38A3
11,66050729,66069308,10992,SF3B2
12,113392445,113426301,10993,SDS
19,15114984,15125785,10994,ILVBL
19,58479512,58512413,10998,SLC27A5
9,128340646,128361470,10999,SLC27A4
1,153774354,153780157,11000,SLC27A3
15,50182196,50236395,11001,SLC27A2
1,44739818,44767767,11004,KIF2C
5,148025683,148137289,11005,SPINK5
19,54643889,54670359,11006,LILRB4
11,65890112,65891635,11007,CCDC85B
1,206897443,206904139,11009,IL24
12,75480680,75503853,11010,GLIPR1
17,62458658,62615481,11011,TLK2
19,51022216,51028039,11012,KLK11
7,6445953,6484242,11014,KDELR2
22,38468062,38483447,11015,KDELR3
12,53507856,53626410,11016,ATF7
2,69893560,69905575,11017,SNRNP27
19,10832438,10836318,11018,TMED1
4,39458587,39485109,11019,LIAS
22,36758202,36776256,11020,IFT27
12,120095095,120117502,11021,RAB35
1,151770107,151791416,11022,TDRKH
10,117128521,117138301,11023,VAX1
19,54593582,54602090,11024,LILRA1
19,54216278,54223506,11025,LILRB3
19,54572920,54590287,11027,LILRA2
8,30384479,30572261,11030,RBPMS
18,9708165,9862551,11031,RAB31
7,897901,955407,11033,ADAP1
20,17569863,17609919,11034,DSTN
14,24336021,24340045,11035,RIPK3
2,48617798,48733148,11036,GTF2A1L
2,48529383,48598513,11037,STON1
11,66345372,66347692,11041,B4GAT1
5,6713007,6757048,11044,PAPD7
19,35666516,35678483,11045,UPK1A
9,96320706,96383710,11046,SLC35D2
20,62302093,62308862,11047,ADRM1
16,56429133,56452199,11051,NUDT21
12,69239537,69274358,11052,CPSF6
20,62804835,62814000,11054,OGFR
7,49850421,50121329,11055,ZPBP
17,37609739,37643464,11056,DDX52
15,89087459,89202360,11057,ABHD2
8,86342738,86478420,11059,WWP1
16,69762306,69941741,11060,WWP2
13,52703264,52739812,11061,CNMD
7,107563484,107578464,11062,DUS4L
5,157625679,157671480,11063,SOX30
9,121074863,121177610,11064,CNTRL
20,45812576,45816957,11065,UBE2C
12,123457641,123473154,11066,SNRNP35
10,44970981,44978810,11067,C10orf10
3,50350695,50358460,11068,CYB561D2
2,172735274,173052893,11069,RAPGEF4
3,50354749,50359610,11070,TMEM115
17,37489831,37513501,11072,DUSP14
3,133598175,133661893,11073,TOPBP1
6,30102897,30113106,11074,TRIM31
8,79610814,79666175,11075,STMN2
5,659862,693395,11076,TPPP
21,43529192,43659493,11077,HSF2BP
22,37697004,37776556,11078,TRIOBP
1,2391775,2405444,11079,RER1
1,77979175,78017964,11080,DNAJB4
12,91050491,91057983,11081,KERA
5,54977864,55022671,11082,ESM1
20,62877738,62937952,11083,DIDO1
1,119893533,119896495,11085,ADAM30
4,174829668,174978180,11086,ADAM29
9,134135365,134159968,11091,WDR5
9,132878027,132890201,11092,SPACA9
9,133414358,133459402,11093,ADAMTS13
9,133459965,133470848,11094,CACFD1
11,130404925,130428993,11095,ADAMTS8
21,26917912,26966513,11096,ADAMTS5
7,23181827,23201011,11097,NUPL2
11,86791059,86952910,11098,PRSS23
14,88465778,88554733,11099,PTPN21
19,41262496,41307598,11100,HNRNPUL1
10,121740421,121928801,11101,ATE1
3,58306247,58324695,11102,RPP14
12,75490861,75511636,11103,KRR1
6,149594873,149648972,11104,KATNA1
16,90056566,90092072,11105,PRDM7
4,120684919,120922870,11107,PRDM5
12,107732866,107761272,11108,PRDM4
7,27525442,27662995,11112,HIBADH
12,119685790,119877291,11113,CIT
6,166999182,167052713,11116,FGFR1OP
2,27078567,27086408,11117,EMILIN1
6,26365159,26378320,11118,BTN3A2
6,26402237,26415216,11119,BTN3A1
6,26457904,26476621,11120,BTN2A1
20,42072752,43189970,11122,PTPRT
1,24502351,24541040,11123,RCAN3
1,50437028,50960263,11124,FAF1
1,145719471,145739288,11126,CD160
5,132692628,132737638,11127,KIF3A
10,77969251,78029545,11128,POLR3A
19,45039040,45070956,11129,CLASRP
10,56357228,56361275,11130,ZWINT
6,44158811,44184402,11131,CAPN11
2,240586716,240617705,11132,CAPN10
19,47475144,47484268,11133,KPTN
22,37560447,37569405,11135,CDC42EP1
19,32830509,32869766,11136,SLC7A9
12,107685732,107713167,11137,PWP1
2,101007617,101252866,11138,TBC1D8
19,10391134,10420121,11140,CDC37
20,44531785,44624247,11142,PKIG
17,49788555,49835030,11143,KAT7
22,38518949,38570286,11144,DMC1
11,63573195,63616883,11145,PLA2G16
1,92246402,92298987,11146,GLMN
1,70354805,70385339,11147,HHLA3
3,108296490,108378285,11148,HHLA2
6,105096822,105137174,11149,BVES
16,30182827,30189076,11151,CORO1A
12,108515185,108525837,11153,FICD
14,31025106,31096450,11154,AP4S1
10,86668449,86736068,11155,LDB3
8,141391993,141432454,11156,PTP4A3
4,146175685,146200000,11157,LSM6
22,50767501,50783663,11158,RABL2B
2,113627229,113643396,11159,RABL2A
8,37736599,37759101,11160,ERLIN2
14,75649791,75661189,11161,C14orf1
4,122888697,122922968,11162,NUDT6
12,93377883,93408146,11163,NUDT4
10,12165325,12196144,11164,NUDT5
6,34279679,34392674,11165,NUDT3
13,94709622,94712399,11166,SOX21
3,120392293,120451253,11167,FSTL1
9,15464066,15511019,11168,PSIP1
14,54938950,55027105,11169,WDHD1
3,58564117,58627610,11170,FAM107A
12,15882391,15903478,11171,STRAP
9,5131979,5185668,11172,INSL6
15,78759203,78811431,11173,ADAMTS7
5,65148736,65481920,11174,ADAMTS6
12,56595596,56636816,11176,BAZ2A
14,34752731,34875647,11177,BAZ1A
8,20246165,20303963,11178,LZTS1
7,112206588,112343096,11179,ZNF277
3,49007062,49015953,11180,WDR6
11,118657316,118679690,11181,TREH
9,133471095,133479137,11182,SLC2A6
14,50418501,50561126,11183,MAP4K5
19,38587641,38618882,11184,MAP4K1
7,30697985,30757602,11185,INMT
3,50329782,50340980,11186,RASSF1
11,392614,404908,11187,PKP3
3,52455118,52493071,11188,NISCH
1,151702404,151716814,11189,CELF3
20,35455164,35519280,11190,CEP250
9,33673504,33677499,11191,PTENP1
13,41061274,41084006,11193,WBP4
7,151028422,151047782,11194,ABCB8
10,119892711,119944658,11196,SEC23IP
12,65050626,65121566,11197,WIF1
14,21351472,21384266,11198,SUPT16H
4,168092515,168187690,11199,ANXA10
22,28687743,28742422,11200,CHEK2
18,54269404,54321266,11201,POLI
19,50996007,51002711,11202,KLK8
12,130162459,130165740,11211,FZD10
8,37762593,37779767,11212,PLPBP
12,66188879,66254622,11213,IRAK3
15,85380571,85749358,11214,AKAP13
13,42272153,42323267,11215,AKAP11
17,19904302,19978343,11216,AKAP10
9,110048598,110172512,11217,AKAP2
1,111755245,111768016,11218,DDX20
1,221701424,221742176,11221,DUSP10
3,131462212,131502983,11222,MRPL3
9,124857880,124861981,11224,RPL35
12,51351247,51392867,11226,GALNT6
2,157257598,157314211,11227,GALNT5
12,25959029,26079892,11228,RASSF8
6,107867756,107958189,11231,SEC63
17,64477785,64497036,11232,POLG2
11,18278668,18322198,11234,HPS5
3,167683298,167734939,11235,PDCD10
8,124474738,124487914,11236,RNF139
20,3927309,4015582,11237,RNF24
1,17066761,17119435,11240,PADI2
1,156212993,156240042,11243,PMF1
8,123248451,123275541,11244,ZHX1
15,39799032,39920892,11245,GPR176
12,57216795,57226449,11247,NXPH4
17,49575858,49583827,11248,NXPH3
2,138670772,138780348,11249,NXPH2
2,105241743,105243049,11250,GPR45
11,60850940,60855971,11251,PTGDR2
22,42835412,43015145,11252,PACSIN2
9,137086927,137109187,11253,MAN1B1
20,62214970,62220267,11255,HRH3
9,34613545,34620523,11258,DCTN3
3,99830141,100114513,11259,FILIP1L
12,64404350,64451127,11260,XPOT
15,41230839,41281890,11261,CHP1
2,230203110,230313215,11262,SP140
20,33702754,33720319,11264,PXMP4
1,161749758,161757238,11266,DUSP12
17,48929316,48945117,11267,SNF8
16,70289663,70335283,11269,DDX19B
6,30688047,30691420,11270,NRM
12,10845849,11171613,11272,PRR4
16,28823035,28837237,11273,ATXN2L
22,18149899,18177397,11274,USP18
4,165207618,165323156,11275,KLHL2
17,37514797,37609496,11276,SYNRG
3,48465811,48467645,11277,TREX1
13,73686089,73995056,11278,KLF12
3,38845769,38950561,11280,SCN11A
7,38977998,39493095,11281,POU6F2
5,179797597,179806952,11282,MGAT4B
19,15615218,15630638,11283,CYP4F8
19,49859882,49878351,11284,PNKP
5,177600100,177610347,11285,B4GALT7
11,75100563,75206549,11309,SLCO2B1
1,150067293,150145327,11311,VPS45
1,23790970,23795539,11313,LYPLA2
17,74466416,74484796,11314,CD300A
1,7954291,7985505,11315,PARK7
19,18899514,18919397,11316,COPE
20,45306851,45317824,11317,RBPJL
12,56994446,56998441,11318,GPR182
10,73130155,73169055,11319,ECD
2,98619106,98731126,11320,MGAT4A
2,27628247,27651508,11321,GPN1
17,78110458,78132407,11322,TMC6
17,63773603,63819317,11325,DDX42
7,32957404,33006931,11328,FKBP9
6,36493892,36547470,11329,STK38
1,15438439,15449242,11330,CTRC
12,6965327,6970825,11331,PHB2
1,6264269,6394391,11332,ACOT7
7,99392048,99408829,11333,PDAP1
3,50320027,50328251,11334,TUSC2
7,26201162,26213356,11335,CBX3
5,443158,471937,11336,EXOC3
17,7240014,7242770,11337,GABARAP
19,55654146,55674715,11338,U2AF2
15,41309268,41332621,11339,OIP5
13,36998816,37009613,11340,EXOSC8
4,173384701,173406380,11341,SCRG1
3,149812708,149962139,11342,RNF13
3,127689062,127823250,11343,MGLL
3,52228610,52239260,11344,TWF2
16,75566351,75577881,11345,GABARAPL2
5,150601080,150659220,11346,SYNPO
17,40140318,40172183,22794,CASC3
14,52004803,52069228,22795,NID2
1,230642489,230693982,22796,COG2
7,115935148,116159896,22797,TFEC
7,108023548,108130356,22798,LAMB4
11,14277926,14364506,22800,RRAS2
15,68296533,68432162,22801,ITGA11
1,86547078,86580754,22802,CLCA4
20,21303304,21389827,22803,XRN2
17,39757715,39864188,22806,IKZF3
2,212999691,213152427,22807,IKZF2
3,138347648,138405534,22808,MRAS
19,49928702,49933935,22809,ATF5
12,54301202,54351849,22818,COPZ1
3,129249606,129277773,22820,COPG1
13,113977783,114132611,22821,RASA3
12,76025447,76033932,22822,PHLDA1
1,93079235,93139081,22823,MTF2
4,127781821,127840733,22824,HSPA4L
1,28199456,28233025,22826,DNAJC8
8,143816344,143829859,22827,PUF60
6,154733325,154834244,22828,SCAF8
6,84124241,84227635,22832,CEP162
17,49289206,49362473,22834,ZNF652
19,37613749,37692337,22835,ZFP30
5,95713522,95824383,22836,RHOBTB3
2,164653624,164843679,22837,COBLL1
5,176526697,176538025,22838,RNF44
20,36306336,36528637,22839,DLGAP4
10,118004916,118046603,22841,RAB11FIP2
17,58755869,58985176,22843,PPM1E
9,37651000,37746904,22844,FRMPD1
9,128945530,128947619,22845,DOLK
14,76762189,76783015,22846,VASH1
19,32345594,32387667,22847,ZNF507
2,69457997,69674349,22848,AAK1
10,92046692,92291087,22849,CPEB3
18,80109031,80147523,22850,ADNP2
10,26991914,27100498,22852,ANKRD26
7,98106885,98209633,22853,LMTK2
1,107140007,107483458,22854,NTNG1
15,101175723,101251932,22856,CHSY1
6,53001279,53061802,22858,ICK
19,14147743,14206187,22859,ADGRL1
17,5499427,5619424,22861,NLRP1
13,48975912,49209779,22862,FNDC3A
14,55366392,55411858,22863,ATG14
12,57253762,57431005,22864,R3HDM2
3,165186720,165197109,22865,SLITRK3
2,206765357,206792509,22868,FASTKD2
9,96755865,96778129,22869,ZNF510
19,55229780,55258995,22870,PPP6R1
3,173396284,174286644,22871,NLGN1
4,82818661,82901166,22872,SEC31A
13,95578202,95644703,22873,DZIP1
1,204218851,204377665,22874,PLEKHA6
6,46129993,46146699,22875,ENPP4
10,119726097,119829278,22876,INPP5F
12,122078722,122147347,22877,MLXIP
18,31829173,31953136,22878,TRAPPC8
16,77190835,77202405,22879,MON1B
22,30925130,30968298,22880,MORC2
6,89433170,89633834,22881,ANKRD6
8,122781394,122974512,22882,ZHX2
1,9729026,9824526,22883,CLSTN1
10,1049538,1132297,22884,WDR37
5,149141483,149260542,22885,ABLIM3
1,42176539,42335877,22887,FOXJ3
20,3107573,3160196,22888,UBOX5
1,155913043,155934400,22889,KIAA0907
14,64503712,64533690,22890,ZBTB1
10,62374192,62672011,22891,ZNF365
15,40439721,40468242,22893,BAHD1
13,72752169,72782096,22894,DIS3
12,112570380,112898881,22895,RPH3A
11,117314557,117413268,22897,CEP164
8,141117278,141195808,22898,DENND3
17,8310241,8322516,22899,ARHGEF15
19,48180770,48255946,22900,CARD8
17,68259182,68422731,22901,ARSG
4,70704204,70807315,22902,RUFY3
20,11890723,11926609,22903,BTBD3
19,1107636,1174283,22904,SBNO2
17,19215615,19336715,22905,EPN2
3,42013802,42225889,22906,TRAK1
3,47802909,47850195,22907,DHX30
3,45689056,45745424,22908,SACM1L
15,30903852,30943108,22909,FAN1
1,108970214,109042113,22911,WDR47
20,33993646,34108308,22913,RALY
12,10372353,10391874,22914,KLRK1
4,89879532,89954629,22915,MMRN1
3,196935402,196942597,22916,NCBP2
11,60867562,60875693,22917,ZP1
20,23079349,23086340,22918,CD93
20,32819893,32850405,22919,MAPRE1
1,169921326,170085208,22920,KIFAP3
10,23095506,23122013,22921,MSRB2
2,26970612,27027196,22924,MAPRE3
2,159932006,160062610,22925,PLA2R1
1,161766294,161964070,22926,ATF6
9,96450201,96491336,22927,HABP4
16,30443631,30446181,22928,SEPHS2
10,13317424,13348298,22929,SEPHS1
2,135052265,135176394,22930,RAB3GAP1
10,27504174,27542237,22931,RAB18
7,76609986,76627261,22932,POMZP3
19,38878555,38899862,22933,SIRT2
2,88691644,88750935,22934,RPIA
5,95885098,95962071,22936,ELL2
3,47413694,47477126,22937,SCAP
14,77717599,77761207,22938,SNW1
11,70467856,71252577,22941,SHANK2
10,52314296,52318042,22943,DKK1
10,7750962,7787981,22944,KIN
5,10249921,10266412,22948,CCT5
9,111549722,111599855,22949,PTGR1
2,27663471,27694976,22950,SLC4A1AP
19,40890826,40900508,22952,CYP2G1P
12,132618780,132622386,22953,P2RX2
9,116687302,116701300,22954,TRIM32
1,41027200,41242154,22955,SCMH1
20,31739271,31801805,22974,TPX2
7,154943687,155003084,22976,PAXIP1
1,19282558,19289250,22977,AKR7A3
10,103088017,103193306,22978,NT5C2
2,25042130,25159137,22979,EFR3B
16,89873570,89913627,22980,TCF25
20,25452705,25585517,22981,NINL
10,274190,689668,22982,DIP2C
19,12833951,12874951,22983,MAST1
10,103396648,103446292,22984,PDCD11
14,23058564,23095614,22985,ACIN1
10,104641101,105265235,22986,SORCS3
5,76083172,76353939,22987,SV2C
3,108380369,108529322,22989,MYH15
14,70907405,71115382,22990,PCNX1
11,67119269,67258087,22992,KDM2A
5,150000046,150053142,22993,HMGXB3
17,81189593,81222999,22994,CEP131
15,48712928,48811146,22995,CEP152
1,51287258,51345116,22996,TTC39A
11,133908564,133956985,22997,IGSF9B
4,41359607,41700044,22998,LIMCH1
6,71886703,72403143,22999,RIMS1
4,84669610,84966391,23001,WDFY3
14,59188646,59371405,23002,DAAM1
15,41774434,41827855,23005,MAPKBP1
3,155375580,155745067,23007,PLCH1
7,130070510,130135720,23008,KLHDC10
12,71754874,71800285,23011,RAB21
12,27243968,27325959,23012,STK38L
1,15847864,15940460,23013,SPEN
12,117141988,117190531,23014,FBXO21
15,34379068,34437466,23015,GOLGA8A
3,44975241,45036066,23016,EXOSC7
12,49866896,49904217,23017,FAIM2
16,58519951,58629886,23019,CNOT1
2,96274336,96305515,23020,SNRNP200
4,168497066,168928457,23022,PALLD
3,129647792,129893576,23023,TMCC1
3,73382433,73624940,23024,PDZRN3
19,17601328,17688365,23025,UNC13A
13,108596152,109208007,23026,MYO16
1,23019448,23083689,23028,KDM1A
1,235131183,235161457,23029,RBM34
19,4969113,5153595,23030,KDM4B
19,18097793,18151692,23031,MAST3
1,77695987,77759852,23032,USP33
6,83067666,83171350,23033,DOPEY1
14,54567097,54793315,23034,SAMD4A
16,71637835,71724701,23035,PHLPP2
6,87152833,87264196,23036,ZNF292
5,31639410,32110931,23037,PDZD2
1,27234516,27308633,23038,WDTC1
8,21919671,22006585,23039,XPO7
2,1789113,2331260,23040,MYT1L
12,62466817,62600479,23041,MON2
16,14974591,15139339,23042,PDXDC1
3,171061339,171460408,23043,TNIK
1,200969390,201023700,23046,KIF21B
13,32586427,32778019,23047,PDS5B
9,129887187,130043194,23048,FNBP1
16,18804853,18926454,23049,SMG1
20,41178448,41317672,23051,ZHX3
11,95089810,95132645,23052,ENDOD1
10,73785582,73801797,23053,ZSWIM8
20,34689097,34825649,23054,NCOA6
1,183248237,183418602,23057,NMNAT2
16,3500924,3539048,23059,CLUAP1
15,64460742,64686068,23060,ZNF609
5,179862066,179907859,23061,TBC1D9B
16,23463542,23521995,23062,GGA2
10,86435256,86521815,23063,WAPL
9,132261356,132354985,23064,SETX
1,19215664,19251552,23065,EMC1
3,12796472,12871916,23066,CAND2
12,121804180,121832584,23067,SETD1B
6,37433219,37482827,23070,CMTR1
9,99979179,100099040,23071,ERP44
7,43112599,43566001,23072,HECW1
12,100028455,100142848,23074,UHRF1BP1L
11,9664077,9752991,23075,SWAP70
21,43659548,43696079,23076,RRP1B
13,77044655,77327050,23077,MYCBP2
13,41566837,41961120,23078,VWA8
7,32495426,32588721,23080,AVL9
9,6720863,7175648,23081,KDM4C
10,102132994,102150331,23082,PPRC1
12,990509,1495933,23085,ERC1
11,108505431,108593738,23086,EXPH5
8,27284887,27311319,23087,TRIM35
7,94656325,94669695,23089,PEG10
16,49487524,49857919,23090,ZNF423
13,45954465,46052759,23091,ZC3H13
5,142770384,143229011,23092,ARHGAP26
14,75633625,75955078,23093,TTLL5
19,37907228,38208372,23094,SIPA1L3
1,10210805,10381603,23095,KIF1B
6,110609978,110815958,23097,CDK19
17,28364356,28404049,23098,SARM1
9,126805006,126838210,23099,ZBTB43
3,183178043,183428778,23101,MCF2L2
15,77984036,78077724,23102,TBC1D2B
5,133196455,133612564,23105,FSTL4
5,72219409,72320646,23107,MRPS27
17,2755705,3037739,23108,RAP1GAP2
12,48995149,48999309,23109,DDN
13,36301638,36370180,23111,SPG20
22,40044817,40335808,23112,TNRC6B
6,43182175,43224587,23113,CUL9
1,204828651,205022822,23114,NFASC
14,44962208,45074431,23116,TOGARAM1
16,21402237,21448567,23117,NPIPB3
6,149218641,149411613,23118,TAB2
22,21417404,21451463,23119,HIC2
5,160563120,160852214,23120,ATP10B
3,33496245,33718356,23122,CLASP2
17,4967992,4987652,23125,CAMTA2
1,151402724,151459465,23126,POGZ
1,183929854,184037729,23127,COLGALT2
3,129555175,129606818,23129,PLXND1
11,64894546,64917248,23130,ATG2A
17,44395284,44503430,23131,GPATCH8
3,51541144,51668667,23132,RAD54L2
17,7839904,7854796,23135,KDM6B
18,5392381,5630700,23136,EPB41L3
9,70258962,70354888,23137,SMC5
5,178113443,178126087,23138,N4BP3
1,45786987,46036124,23139,MAST2
17,4004445,4143020,23140,ZZEF1
12,132725503,132761888,23141,ANKLE2
4,51843000,51916837,23142,DCUN1D4
13,46553168,46753040,23143,LRCH1
8,143437655,143541453,23144,ZC3H3
7,149776042,149833979,23145,SSPO
7,45080438,45088914,23148,NACAD
19,17747718,17788568,23149,FCHO1
3,69169990,69542583,23150,FRMD4B
22,46576012,46679790,23151,GRAMD4
19,42268537,42295797,23152,CIC
1,35557473,35567274,23154,NCDN
1,108929508,108963457,23155,CLCC1
4,140620765,140756120,23158,TBC1D9
2,28894643,28948222,23160,WDR43
7,17790761,17940501,23161,SNX13
16,1706183,1770317,23162,MAPK8IP3
17,75236599,75262363,23163,GGA3
17,17042545,17217679,23164,MPRIP
7,135557919,135648757,23165,NUP205
3,52495338,52524495,23166,STAB1
8,131904088,132013642,23167,EFR3A
15,41408408,41483563,23168,RTF1
1,66999332,67054099,23169,SLC35D1
22,43166622,43187133,23170,TTLL12
3,32105689,32168713,23171,GPD1L
10,124801785,124836670,23172,FAM175B
4,98995620,99062813,23173,METAP1
16,87406246,87492045,23174,ZCCHC14
2,11677595,11827409,23175,LPIN1
5,132750817,132807241,23176,8-Sep
2,65056366,65087004,23177,CEP68
2,241106099,241150264,23178,PASK
1,183636085,183928531,23179,RGL1
3,16313574,16514026,23180,RFTN1
21,46458899,46569852,23181,DIP2A
15,80946289,80989878,23184,MESDC2
10,806914,931705,23185,LARP4B
14,102592661,102730576,23186,RCOR1
11,118606440,118658038,23187,PHLDB1
9,470291,746106,23189,KANK1
2,135741619,135785055,23190,UBXN4
15,22867052,22981063,23191,CYFIP1
2,241637213,241673857,23192,ATG4B
11,62624826,62646726,23193,GANAB
5,15500196,15939795,23194,FBXL7
6,89642499,89819723,23195,MDN1
9,93451722,93566107,23196,FAM120A
5,176447628,176510074,23197,FAF2
2,53864067,53970840,23198,PSME4
16,85169525,85676204,23199,GSE1
3,182793500,182921635,23200,ATP11B
11,73400487,73598189,23201,FAM168A
9,136410570,136423761,23203,PMPCA
16,18791667,18801678,23204,ARL6IP1
15,78167468,78245688,23205,ACSBG1
1,15684332,15734769,23207,PLEKHM2
1,155859509,155885199,23208,SYT11
22,50059391,50085902,23209,MLC1
17,76712832,76726799,23210,JMJD6
19,47064187,47113752,23211,ZC3H4
8,66429028,66430733,23212,RRS1
8,69466624,69660915,23213,SULF1
16,28097979,28211920,23214,XPO6
1,171485551,171593511,23215,PRRC2C
4,37891087,38139175,23216,TBC1D1
19,3804024,3869032,23217,ZFR2
3,46979683,47009703,23218,NBEAL2
1,224114087,224162047,23219,FBXO28
11,59171430,59208587,23220,DTX4
8,22987417,23020199,23221,RHOBTB2
10,97356358,97426076,23223,RRP12
14,63852983,64226433,23224,SYNE2
3,13316235,13420309,23225,NUP210
3,16802651,17090594,23228,PLCL2
9,77177353,77421541,23230,VPS13A
4,25747427,25863760,23231,SEL1L3
10,94402504,94535930,23232,TBC1D12
2,72175984,72826041,23233,EXOC6B
10,73183362,73248862,23234,DNAJC9
11,111602391,111730853,23235,SIK2
20,8077251,8968360,23236,PLCB1
8,142611044,142614472,23237,ARC
18,62715450,62980433,23239,PHLPP1
4,153466346,153636711,23240,KIAA0922
14,105300563,105398147,23241,PACS2
7,51016212,51316818,23242,COBL
3,15667236,15859771,23243,ANKRD28
4,39822863,39977956,23244,PDS5A
9,116425225,117415070,23245,ASTN2
8,144262102,144291370,23246,BOP1
16,27550133,27780369,23247,KIAA0556
1,150363091,150476566,23248,RPRD2
13,112690329,112887168,23250,ATP11A
15,79432516,79472290,23251,KIAA1024
1,19882513,19912945,23252,OTUD3
18,9136228,9285985,23253,ANKRD12
1,13892792,15118043,23254,KAZN
18,8705661,8832778,23255,MTCL1
14,30622112,30735812,23256,SCFD1
11,9138825,9265390,23258,DENND5A
8,38225218,38275558,23259,DDHD2
1,6785324,7769706,23261,CAMTA1
5,103120149,103212799,23262,PPIP5K2
13,112894378,113099739,23263,MCF2L
22,41301522,41360147,23264,ZC3H7B
17,76081017,76121576,23265,EXOC7
1,81306160,81992436,23266,ADGRL2
10,99875577,100009919,23268,DNMBP
15,41621224,41773081,23269,MGA
6,116249961,116254140,23270,TSPYL4
1,200739558,200860704,23271,CAMSAP2
3,56620133,56683237,23272,FAM208A
16,10944488,11182189,23274,CLEC16A
21,45263928,45287898,23275,POFUT2
3,47282917,47346816,23276,KLHL18
17,2689386,2712663,23277,CLUH
11,47778087,47848555,23279,NUP160
13,28820348,29505947,23281,MTUS2
10,51695487,51699591,23283,CSTF2T
4,61201258,62078335,23284,ADGRL3
1,92166985,92184723,23285,KIAA1107
5,168291651,168472303,23286,WWC1
9,85546539,85742029,23287,AGTPBP1
7,2558972,2614734,23288,IQCE
5,171861549,172006873,23291,FBXW11
17,2059839,2303771,23293,SMG6
6,34889265,35091413,23294,ANKS1A
16,4616493,4690974,23295,MGRN1
9,92711363,92764812,23299,BICD2
16,81035847,81047358,23300,ATMIN
2,62673851,63046487,23301,EHBP1
17,5772234,6124427,23302,WSCD1
8,29067279,29263124,23303,KIF13B
6,42564062,42693504,23304,UBR2
5,131949973,132012243,23305,ACSL6
12,57055643,57088063,23306,NEMP1
9,113161006,113221361,23307,FKBP15
21,44222991,44240966,23308,ICOSLG
19,16829400,16880353,23309,SIN3B
11,134150119,134225454,23310,NCAPD3
15,51447711,51622833,23312,DMXL2
22,45190338,45240769,23313,KIAA0930
2,199269500,199471266,23314,SATB2
20,49812713,49892242,23315,SLC9A8
12,111034024,111350554,23316,CUX2
3,132417526,132539032,23317,DNAJC13
1,52408282,52553487,23318,ZCCHC11
4,153152342,153339320,23321,TRIM2
16,53597683,53703938,23322,RPGRIP1L
4,6575175,6623362,23324,MAN2B2
12,105107324,105169134,23325,WASHC4
17,20999593,21043760,23326,USP22
18,58044367,58401540,23327,NEDD4L
6,148272304,148552050,23328,SASH1
12,64781193,64881032,23329,TBC1D30
22,27978014,28679865,23331,TTC28
2,121337776,121649587,23332,CLASP1
7,34928876,35038271,23333,DPY19L1
1,43389882,43454247,23334,SZT2
18,56651343,57036606,23335,WDR7
15,99098217,99135593,23336,SYNM
5,134524312,134583230,23338,JADE2
15,42158701,42208316,23339,VPS39
1,15526813,15592379,23341,DNAJC16
12,56118250,56144671,23344,ESYT1
6,152121684,152637801,23345,SYNE1
18,2655738,2805017,23347,SMCHD1
13,98793429,99086625,23348,DOCK9
9,34957608,34982544,23349,PHF24
3,142964497,143060546,23350,U2SURP
14,24429286,24441834,23351,KHNYN
1,19074506,19210276,23352,UBR4
7,816615,896435,23353,SUN1
19,35612744,35625349,23354,HAUS5
3,184812143,185052614,23355,VPS8
14,76786178,76826246,23357,ANGEL1
1,55066359,55215113,23358,USP24
15,29120254,29570723,23359,FAM189A1
11,47716517,47767443,23360,FNBP4
16,30778449,30787202,23361,ZNF629
8,18527301,19084730,23362,PSD3
2,219550729,219571859,23363,OBSL1
11,120336914,120489936,23365,ARHGEF12
7,36324221,36390125,23366,KIAA0895
5,154712902,154817607,23367,LARP1
14,103733752,103847590,23368,PPP1R13B
2,20248691,20352234,23369,PUM2
19,7395113,7472477,23370,ARHGEF18
12,53046969,53064372,23371,TNS2
19,18683677,18782333,23373,CRTC1
6,96521595,96555276,23376,UFL1
11,6595075,6603620,23378,RRP8
5,5420664,5490234,23379,ICE1
1,206203345,206464443,23380,SRGAP2
1,156249224,156282825,23381,SMG5
7,129225023,129430211,23382,AHCYL2
19,19320681,19358755,23383,MAU2
22,24270817,24417740,23384,SPECC1L
1,160343272,160358952,23385,NCSTN
7,44379121,44490880,23386,NUDCD3
11,116843402,117098437,23387,SIK3
12,115953872,116277338,23389,MED13L
12,76763588,76853696,23390,ZDHHC17
9,111360692,111484745,23392,KIAA0368
20,50888919,50931240,23394,ADNP
3,45388506,45549421,23395,LARS2
19,3630183,3700479,23396,PIP5K1C
2,96335787,96373845,23397,NCAPH
5,65563236,65587549,23398,PPWD1
17,7243591,7252491,23399,CTDNEP1
1,16985958,17011928,23400,ATP13A2
10,97332497,97334709,23401,FRAT2
19,45710629,45730904,23403,FBXO46
9,130693721,130704894,23404,EXOSC2
14,95086228,95158010,23405,DICER1
16,84565594,84618077,23406,COTL1
6,13574529,13615158,23408,SIRT5
12,120302316,120313249,23409,SIRT4
11,215458,236931,23410,SIRT3
10,67884669,67918390,23411,SIRT1
10,22315974,22320308,23412,COMMD3
9,130172578,130237304,23413,NCS1
8,104590733,105804532,23414,ZFPM2
17,42156891,42181278,23415,KCNH4
12,49539157,49558308,23416,KCNH3
16,83899126,83927026,23417,MLYCD
1,197268204,197478455,23418,CRB1
16,14833681,14896160,23420,NOMO1
1,63440770,63593721,23421,ITGB3BP
15,79311062,79427432,23423,TMED3
9,97411950,97496125,23424,TDRD7
12,66347431,66804186,23426,GRIP1
14,23125295,23183674,23428,SLC7A8
16,1256059,1258998,23430,TPSD1
15,50908672,51005900,23431,AP4E1
1,168079543,168137667,23432,GPR161
2,46541806,46583121,23433,RHOQ
3,128572000,128576086,23434,LINC01565
1,11012344,11026420,23435,TARDBP
1,21977021,21998642,23436,CELA3B
5,140691426,140699291,23438,HARS2
5,77628712,77639688,23440,OTP
1,99969351,100035637,23443,SLC35A3
9,105244622,105439171,23446,SLC44A1
16,70523788,70577670,23450,SF3B3
2,197389784,197435091,23451,SF3B1
9,127087332,127122883,23452,ANGPTL2
1,229516582,229558695,23456,ABCB10
12,122920951,122981649,23457,ABCB9
17,69078702,69141888,23460,ABCA6
17,69244311,69327244,23461,ABCA5
8,79764010,79767863,23462,HEY1
1,6221193,6235972,23463,ICMT
22,37807905,37817176,23464,GCAT
22,38861450,38872314,23466,CBX6
22,38818452,38843982,23467,NPTXR
12,54230940,54280133,23468,CBX5
6,63635820,63779336,23469,PHF3
8,70573442,70608387,23471,TRAM1
3,15206152,15252918,23473,CAPN7
19,43506719,43527244,23474,ETHE1
16,29679008,29698699,23475,QPRT
19,15235519,15332545,23476,BRD4
15,84669538,84716716,23478,SEC11A
12,108562582,108569384,23479,ISCU
7,54752250,54759974,23480,SEC61G
22,30576625,30607083,23481,PES1
13,94574051,94596257,23483,TGDS
8,30095398,30177208,23484,LEPROTL1
16,66961237,66975148,23491,CES3
22,39120167,39152674,23492,CBX7
6,125747664,125761269,23493,HEY2
17,16929816,16972118,23495,TNFRSF13B
2,42767089,42792593,23498,HAAO
1,39081316,39487177,23499,MACF1
6,39792298,39904877,23500,DAAM2
14,67727374,67816590,23503,ZFYVE26
12,130396137,130517917,23504,RIMBP2
2,97756333,97995891,23505,TMEM131
6,42746958,42868560,23506,BICRAL
1,89524836,89597864,23507,LRRC8B
14,70641787,70675360,23508,TTC9
20,32207880,32238667,23509,POFUT1
17,75032575,75065889,23510,KCTD2
9,128947699,129007096,23511,NUP188
17,31937018,32001045,23512,SUZ12
8,143790920,143815379,23513,SCRIB
8,47260575,47736306,23514,SPIDR
21,36320189,36386148,23515,MORC3
8,22367249,22434129,23516,SLC39A14
5,55307760,55425581,23517,SKIV2L2
2,135531455,135725270,23518,R3HDM1
12,48472665,48473624,23519,ANP32D
19,49487554,49492308,23521,RPL13A
10,74825582,75032622,23522,KAT6B
22,24011192,24178628,23523,CABIN1
16,2752329,2772538,23524,SRRM2
19,1065923,1086628,23526,ARHGAP45
3,195274736,195443078,23527,ACAP2
1,200404940,200410056,23528,ZNF281
11,67364168,67374177,23529,CLCF1
5,43602692,43707405,23530,NNT
17,55392613,55421992,23531,MMD
22,22547701,22559361,23532,PRAME
17,8878911,8965712,23533,PIK3R5
7,128954180,129055173,23534,TNPO3
16,75596981,75623300,23536,ADAT1
11,5151009,5186382,23538,OR52A1
22,38078134,38084093,23539,SLC16A8
22,30396857,30425317,23541,SEC14L2
22,50600685,50613981,23542,MAPK8IP2
22,35738736,36028425,23543,RBFOX2
22,26169474,26383597,23544,SEZ6L
12,123712318,123761755,23545,ATP6V0A2
19,48364395,48376376,23546,SYNGR4
19,54333185,54339150,23547,LILRA4
5,40512333,40755975,23548,TTC33
2,219373546,219400022,23549,DNPEP
2,113157325,113209396,23550,PSD4
22,35540868,35554001,23551,RASD2
9,87966441,87974753,23552,CDK20
7,123828983,123877478,23553,HYAL4
7,120787320,120858402,23554,TSPAN12
10,69451473,69507669,23555,TSPAN15
18,61905255,62187118,23556,PIGN
1,153658654,153661830,23557,SNAPIN
17,75845699,75856507,23558,WBP2
2,74458329,74460891,23559,WBP1
10,988019,1019936,23560,GTPBP4
21,36460621,36576569,23562,CLDN14
16,75528535,75535247,23563,CHST5
6,31727038,31730617,23564,DDAH2
1,84811602,84893213,23566,LPAR3
5,177022696,177081189,23567,ZNF346
16,57245098,57253635,23568,ARL2BP
1,17308195,17364004,23569,PADI4
1,85318481,85578363,23576,DDAH1
17,73283624,73312175,23580,CDC42EP4
19,15049384,15058293,23581,CASP14
15,43185118,43197176,23582,CCNDBP1
12,54121277,54189008,23583,SMUG1
11,124747472,124752238,23584,VSIG2
1,25337917,25362361,23585,TMEM50A
9,32455705,32526324,23586,DDX58
17,7251416,7259940,23587,ELP5
14,49767608,49786385,23588,KLHDC2
16,8852942,8869012,23589,CARHSP1
10,26697659,26746798,23590,PDSS1
17,43917194,43917985,23591,FAM215A
12,65169571,65248327,23592,LEMD3
6,138403531,138422197,23593,HEBP2
16,46689643,46698394,23594,ORC6
6,87590067,87667453,23595,ORC3
1,241590102,241677376,23596,OPN3
22,31325804,31346232,23598,PATZ1
5,33986178,34008108,23600,AMACR
7,141927357,141947007,23601,CLEC5A
12,108645109,108731596,23603,CORO1C
15,63907036,64072033,23604,DAPK2
6,47477789,47627263,23607,CD2AP
7,140453040,140479569,23608,MKRN1
3,12557014,12583713,23609,MKRN2
1,201464383,201469237,23612,PHLDA3
20,47209214,47356889,23613,ZMYND8
17,28247444,28248289,23614,PPY2P
17,28226563,28228065,23615,PYY2
22,37634654,37666932,23616,SH3BP1
22,19130808,19132623,23617,TSSK2
19,56774552,56840729,23619,ZIM2
2,11658178,11670164,23620,NTSR2
11,117285207,117316259,23621,BACE1
1,155320896,155331114,23623,RUSC1
19,44777869,44800634,23624,CBLC
11,65572349,65574198,23625,FAM89B
20,57329759,57343994,23626,SPO11
20,4721910,4728460,23627,PRND
1,150257159,150265078,23632,CA14
1,32108038,32176568,23633,KPNA6
5,81413021,81751797,23635,SSBP2
19,49906825,49929763,23636,NUP62
9,122940833,123104866,23637,RABGAP1
8,132571953,132675617,23639,LRRC6
19,55262231,55280381,23640,HSPBP1
8,73991352,74029087,23643,LY96
16,67873023,67884503,23644,EDC4
19,48872392,48876057,23645,PPP1R15A
19,40348456,40380439,23646,PLD3
11,6474683,6481479,23647,ARFIP2
1,54225432,54413479,23648,SSBP3
11,65261762,65305589,23649,POLA2
11,120111275,120185529,23650,TRIM29
22,50274979,50307627,23654,PLXNB2
4,138164097,138242349,23657,SLC7A11
7,32485332,32495283,23658,LSM5
16,68245304,68261062,23659,PLA2G15
7,99504651,99534700,23660,ZKSCAN5
17,22202995,22205154,23666,UBBP4
9,71683366,71816690,23670,TMEM2
2,191949043,192195709,23671,TMEFF2
1,27773183,27824452,23673,STX12
2,234951973,235055714,23677,SH3BP4
8,66712418,66862022,23678,SGK3
11,88113242,88175467,23682,RAB38
2,37250502,37324808,23683,PRKD3
2,223051814,223198399,23704,KCNE4
11,115169218,115504957,23705,CADM1
12,10212458,10223130,23710,GABARAPL1
17,3608262,3636322,23729,SHPK
9,109015152,109119945,23731,TMEM245
9,109130293,109167291,23732,FRRS1L
15,48877886,48880183,23741,EID1
15,24675868,24683393,23742,NPAP1
5,79069717,79089466,23743,BHMT2
17,6393693,6435199,23746,AIPL1
22,21642261,21644298,23753,SDF2L1
22,21666009,21700015,23759,PPIL2
22,27851669,27920134,23760,PITPNB
22,31618491,31662432,23761,PISD
22,30693782,30907824,23762,OSBP2
22,38200767,38216511,23764,MAFF
22,17084954,17115694,23765,IL17RA
15,90347587,90349437,23766,GABARAPL3
20,14322988,14337616,23767,FLRT3
14,85530144,85654426,23768,FLRT2
11,64103188,64119173,23769,FLRT1
19,18531751,18544077,23770,FKBP8
22,49773283,49827512,23774,BRD1
22,44752558,44862788,23779,ARHGAP8
22,36226203,36239954,23780,APOL2
22,32121977,32133469,23782,AP1B1P1
22,15690026,15721631,23784,POTEH
22,17628855,17730855,23786,BCL2L13
6,36968141,36986298,23787,MTCH1
11,47617315,47642623,23788,MTCH2
10,89414586,89421001,24138,IFIT5
19,45606994,45645629,24139,EML2
20,9514358,9530524,24141,LAMP5
3,50296402,50299421,24142,NAT6
22,26491225,26512505,24144,TFIP11
11,94128928,94181972,24145,PANX1
7,101232092,101238820,24146,CLDN15
11,35618419,35620868,24147,FJX1
20,63981135,64033100,24148,PRPF6
6,43307134,43369478,24149,ZNF318
16,32673528,32676732,24150,TP53TG3
11,33542072,33674102,25758,KIAA1549L
19,416583,460996,25759,SHC2
15,43796142,43803043,25764,HYPK
12,49568218,49644666,25766,PRPF40B
9,19507452,19786928,25769,SLC24A2
22,29058672,29061844,25770,C22orf31
22,46762617,47175699,25771,TBC1D22A
22,38656636,38673854,25776,CBY1
22,38734725,38794143,25777,SUN2
1,205142505,205211566,25778,DSTYK
2,33436324,33564750,25780,RASGRP3
1,220148293,220272454,25782,RAB3GAP2
22,19046162,19048375,25786,DGCR11
22,19017834,19020248,25787,DGCR9
8,94371960,94475109,25788,RAD54B
19,18607430,18621039,25789,TMEM59L
1,159872364,159900163,25790,CFAP45
2,232878686,233013272,25791,NGEF
9,128166064,128204383,25792,CIZ1
22,32474676,32498829,25793,FBXO7
17,81528396,81537130,25794,FSCN2
19,17511629,17521288,25796,PGLS
2,37344574,37373322,25797,QPCT
7,98252379,98310441,25798,BRI3
19,58467045,58475436,25799,ZNF324
18,36108532,36129385,25800,SLC39A6
2,162318840,162371595,25801,GCA
1,201896452,201946588,25802,LMOD1
6,34537802,34556333,25803,SPDEF
19,18306230,18323274,25804,LSM4
10,28677342,28682939,25805,BAMBI
2,70900590,70933446,25806,VAX2
22,29259852,29268209,25807,RHBDD3
22,43039644,43089428,25809,TTLL1
22,43955421,44010531,25813,SAMM50
22,45671798,45845307,25814,ATXN10
5,119268692,119399688,25816,TNFAIP8
22,48489460,48850912,25817,FAM19A5
19,50943303,50953093,25818,KLK5
4,139015789,139045939,25819,NOCT
15,72474326,72602985,25820,ARIH1
6,73461578,73509236,25821,MTO1
9,34989641,34998900,25822,DNAJB5
16,1221651,1225257,25823,TPSG1
11,64318088,64321811,25824,PRDX5
21,41167801,41282518,25825,BACE2
2,231460371,231460440,25826,SNORD82
3,33277025,33403662,25827,FBXL2
22,36467036,36482030,25828,TXN2
22,38219291,38273034,25829,TMEM184B
22,43824509,43862503,25830,SULT4A1
14,31100112,31207804,25831,HECTD1
1,148531385,148679751,25832,NBPF14
11,120236640,120319944,25833,POU2F3
12,85955666,86838904,25834,MGAT4C
5,36876759,37066413,25836,NIPBL
16,2140803,2154165,25837,RAB26
16,70480568,70523565,25839,COG4
12,50923472,50932517,25840,METTL7A
11,34150988,34358008,25841,ABTB2
6,118894220,118909167,25842,ASF1A
2,197515571,197553699,25843,MOB4
6,43511827,43516990,25844,YIPF3
5,466124,473098,25845,PP7080
3,134477706,134486716,25847,ANAPC13
4,74933095,75050115,25849,PARM1
19,36850361,36913029,25850,ZNF345
7,98214624,98252251,25851,TECPR1
3,138187248,138298389,25852,ARMC8
9,34086387,34127399,25853,DCAF12
4,186104419,186172667,25854,FAM149A
11,66337333,66345125,25855,BRMS1
11,64300391,64304770,25858,CATSPERZ
5,60487713,60547657,25859,PART1
9,114402080,114505450,25861,WHRN
6,41789896,41895361,25862,USP49
3,51971426,51981199,25864,ABHD14A
19,46674275,46717127,25865,PRKD2
7,56064002,56080670,25870,SUMF2
3,113002440,113019861,25871,NEPRO
19,5674947,5691876,25873,RPL36
1,167916729,167937040,25874,MPC2
12,51047962,51060424,25875,LETMD1
20,3777504,3781448,25876,SPEF1
8,103414714,103443453,25879,DCAF13
16,8780384,8797648,25880,TMEM186
11,74696429,74731385,25884,CHRDL2
3,52075253,52154690,25886,POC1A
19,50025714,50053414,25888,ZNF473
3,100749156,100993515,25890,ABI3BP
11,35431823,35530300,25891,PAMR1
1,247857199,247878205,25893,TRIM58
16,67277510,67289499,25894,PLEKHG4
12,57771492,57782541,25895,EEF1AKMT3
1,211940399,212035542,25896,INTS7
8,100257060,100336218,25897,RNF19A
4,75479037,75514764,25898,RCHY1
12,6538375,6556083,25900,IFFO1
6,138773509,138793319,25901,CCDC28A
6,150865549,151101887,25902,MTHFD1L
1,161983192,162023854,25903,OLFML2B
3,32685145,32773875,25904,CNOT10
11,72106378,72112780,25906,ANAPC15
3,45224466,45226278,25907,TMEM158
1,246839098,246931978,25909,AHCTF1
10,101570560,101609668,25911,DPCD
1,154206706,154220637,25912,C1orf43
7,124822386,124929983,25913,POT1
18,70003031,70205945,25914,RTTN
3,49020459,49023495,25915,NDUFAF3
3,9362842,9386791,25917,THUMPD3
9,137255173,137273546,25920,NELFB
11,57667747,57701187,25921,ZDHHC5
11,63624087,63671921,25923,ATL3
3,39808914,40260321,25924,MYRIP
18,25061926,25352190,25925,ZNF521
17,67717833,67744531,25926,NOL11
2,68284171,68320051,25927,CNRIP1
7,16461481,16530580,25928,SOSTDC1
5,154887416,154938209,25929,GEMIN5
3,47381011,47413441,25930,PTPN23
1,24745357,24844324,25932,CLIC4
9,104747688,104760122,25934,NIPSNAP3A
1,212726153,212791782,25936,NSL1
3,149517235,149736714,25937,WWTR1
14,31291791,31420582,25938,HEATR5A
20,36890229,36951843,25939,SAMHD1
2,33583658,33599382,25940,FAM98A
18,36777647,36829216,25941,TPGS2
15,75369379,75455842,25942,SIN3A
20,3249305,3407625,25943,C20orf194
3,111070071,111275563,25945,NECTIN3
12,54369133,54391298,25946,ZNF385A
7,32868172,32894131,25948,KBTBD2
1,25222679,25232502,25949,SYF2
1,95234155,95247225,25950,RWDD3
2,218270392,218346793,25953,PNKD
10,100486642,100519864,25956,SEC31B
6,99398051,99425331,25957,PNISR
19,11164267,11197791,25959,KANK2
8,37784191,37844896,25960,ADGRA2
10,73110375,73131828,25961,NUDT13
8,94487693,94553529,25962,KIAA1429
15,42210452,42273663,25963,TMEM87A
21,41885112,41953890,25966,C2CD2
16,28846600,28874212,25970,SH2B1
2,98608579,98618515,25972,UNC50
1,54756898,54764514,25973,PARS2
1,45500053,45513382,25974,MMACHC
3,156673235,156706770,25976,TIPARP
12,8076939,8097859,25977,NECAP1
3,87227271,87255548,25978,CHMP2B
17,21123364,21193265,25979,DHRS7B
20,36236459,36270918,25980,AAR2
3,52316319,52400491,25981,DNAH1
14,23469688,23509862,25983,NGDN
17,40922696,40937634,25984,KRT23
11,76782251,76798154,25987,TSKU
11,119121587,119136044,25988,HINFP
15,74836116,74843346,25989,ULK3
2,240998838,241095568,25992,SNED1
3,42784298,42804531,25994,HIGD1A
11,114439386,114450279,25996,REXO2
6,82169983,82247754,25998,IBTK
19,36014660,36033343,25999,CLIP3
16,30357102,30370264,26000,TBC1D10B
17,4940008,4945222,26001,RNF167
6,132296055,132401545,26002,MOXD1
2,170928464,170967129,26003,GORASP2
11,74012714,74171210,26005,C2CD3
11,61333210,61353295,26007,TKFC
1,77562416,77683419,26009,ZZZ3
2,200305881,200482263,26010,SPATS2L
11,78652831,79440948,26011,TENM4
9,137447570,137459334,26012,NSMF
20,43507680,43550950,26013,L3MBTL1
15,41517176,41544269,26015,RPAP1
19,16185380,16192046,26017,FAM32A
3,66378797,66501263,26018,LRIG1
10,11920022,12043170,26019,UPF2
14,22871613,22881580,26020,LRP10
17,32927910,32945106,26022,TMEM98
7,99416739,99466163,26024,PTCD1
5,141430589,141512979,26025,PCDHGA12
1,54542257,54639192,26027,ACOT11
14,64704102,64750247,26030,PLEKHG3
7,24796539,24981634,26031,OSBPL3
3,33150042,33219215,26032,SUSD5
10,115093365,115948992,26033,ATRNL1
6,154154496,154356792,26034,IPCEF1
15,69160584,69272217,26035,GLCE
6,57086844,57170307,26036,ZNF451
14,71320449,71741229,26037,SIPA1L1
1,6101793,6180123,26038,CHD5
20,62143795,62182484,26039,SS18L1
18,44680173,45068510,26040,SETBP1
3,196347662,196432474,26043,UBXN7
5,138868923,138875368,26045,LRRTM2
21,28928144,28992956,26046,LTN1
7,146116002,148420998,26047,CNTNAP2
16,4748239,4767624,26048,ZNF500
5,74777574,74866951,26049,FAM169A
13,87672615,87696272,26050,SLITRK5
20,38805705,38923024,26051,PPP1R16B
1,171841498,172418466,26052,DNM3
7,69598919,70793068,26053,AUTS2
6,75601509,75718278,26054,SENP6
2,73073382,73156721,26056,RAB11FIP5
4,73073376,73258798,26057,ANKRD17
2,232697299,232860575,26058,GIGYF2
3,55508308,56468363,26059,ERC2
3,57227737,57273468,26060,APPL1
3,15560704,15601852,26061,HACL1
16,401826,412487,26063,DECR2
5,34656237,34832627,26064,RAI14
19,34172504,34229515,26065,LSM14A
11,61746493,61757655,26070,DKFZP434K028
17,28347177,28357522,26073,POLDIP2
20,20052514,20360702,26074,CFAP61
16,56192614,56194518,26077,DKFZP434H168
13,18195297,18232024,26080,FAM230C
15,30196036,30214540,26082,LINC02249
17,30557112,30563493,26083,TBC1D29
3,154121003,154257827,26084,ARHGEF26
19,51056206,51065114,26085,KLK13
9,136327476,136359605,26086,GPSM1
22,37608475,37633564,26088,GGA1
20,25294743,25390983,26090,ABHD12
10,67921899,68075348,26091,HERC4
1,179882042,179925000,26092,TOR1AIP1
19,47255980,47271953,26093,CCDC9
14,72926332,72959703,26094,DCAF4
10,46911396,47002488,26095,PTPN20
1,153633982,153646306,26097,CHTOP
10,125719515,125764143,26098,EDRF1
1,16352575,16398145,26099,SZRD1
7,5190188,5233826,26100,WIPI2
9,136322303,136327323,26102,DKFZP434A062
10,84231593,84241461,26103,LRIT1
15,55538890,55588947,26108,PYGO1
5,151181052,151224145,26112,CCDC69
17,63009556,63427699,26115,TANC2
17,27294076,27315926,26118,WSB1
1,25543580,25568886,26119,LDLRAP1
19,54115410,54131719,26121,PRPF31
2,148644440,148787568,26122,EPC2
10,95663396,95694143,26123,TCTN3
12,26938383,26966650,26127,FGFR1OP2
10,68988721,69043544,26128,KIF1BP
9,125261794,125367207,26130,GAPVD1
20,35002404,35092871,26133,TRPC4AP
1,67407810,67430415,26135,SERBP1
7,116210493,116258783,26136,TES
3,114314501,115147271,26137,ZBTB20
8,57279543,57284731,26138,LINC00588
3,9808086,9855138,26140,TTLL3
19,45883607,45886170,26145,IRF2BP1
2,238320441,238400900,26146,TRAF3IP1
9,120855652,120894896,26147,PHF19
9,66856426,66932141,26149,ZNF658
22,45413691,45432496,26150,RIBC2
17,74770547,74776367,26151,NAT9
20,25674215,25696841,26152,ZNF337
14,104138723,104180894,26153,KIF26A
2,214931542,215138428,26154,ABCA12
1,944204,959309,26155,NOC2L
16,11833850,11851585,26156,RSL1D1
7,150685697,150693641,26157,GIMAP2
2,27444371,27489789,26160,IFT172
20,62183029,62203568,26164,MTG2
9,61190003,61196280,26165,SPATA31A7
8,99960936,100131268,26166,RGS22
5,141135218,141138625,26167,PCDHB5
17,7561875,7571969,26168,SENP3
7,1470277,1504367,26173,INTS1
14,93184951,93187089,26175,TMEM251
16,3215611,3216543,26184,OR1F2P
1,247757462,247758406,26188,OR1C1
17,3197519,3198448,26189,OR1A2
9,120751978,120793412,26190,FBXW2
1,113813811,113871759,26191,PTPN22
20,63587602,63627041,26205,GMEB2
9,35808045,35812272,26206,SPAG8
17,67377281,67697261,26207,PITPNC1
7,143959927,143961015,26211,OR2F1
6,27957241,27958182,26212,OR2B6
9,122519141,122520082,26219,OR1J4
22,18970525,19031242,26220,DGCR5
13,76992598,77027195,26224,FBXL3
2,151788984,151828492,26225,ARL5A
22,23262767,23265005,26226,FBXW4P1
1,119659798,119744215,26227,PHGDH
4,67558728,67607337,26228,STAP1
11,62615296,62622175,26229,B3GAT3
6,154832697,155257723,26230,TIAM2
16,67207139,67227048,26231,LRRC29
1,11648367,11655785,26232,FBXO2
8,144355431,144359376,26233,FBXL6
4,15604539,15681679,26234,FBXL5
6,98868538,98948006,26235,FBXL4
6,167784537,167796859,26238,LINC01558
1,152686123,152687401,26239,LCE2B
6,3849386,3851317,26240,FAM50B
1,248238929,248239864,26245,OR2M4
1,248038268,248039206,26246,OR2L2
1,247990267,247991204,26247,OR2L1P
9,111327483,111328520,26248,OR2K2
5,137617500,137736090,26249,KLHL3
18,79863668,79900184,26251,KCNG2
12,8533305,8540963,26253,CLEC4E
1,203494143,203508864,26254,OPTC
18,24138956,24161603,26256,CABYR
14,36580579,36582607,26257,NKX2-8
15,45587123,45615999,26258,BLOC1S6
12,116910956,117031148,26259,FBXW8
8,406428,477967,26260,FBXO25
7,100583982,100601117,26261,FBXO24
5,176647387,176659054,26262,TSPAN17
15,75903859,75942510,26263,FBXO22
7,135681237,135729258,26266,SLC13A4
9,37510892,37576349,26267,FBXO10
6,53051991,53100873,26268,FBXO9
4,174236658,174284264,26269,FBXO8
1,11664124,11674354,26270,FBXO6
6,152970519,152983579,26271,FBXO5
5,41925254,41941743,26272,FBXO4
11,33740939,33774543,26273,FBXO3
2,190189735,190344193,26275,HIBCH
15,90998416,91022603,26276,VPS33B
14,24239643,24242674,26277,TINF2
13,23328826,23411513,26278,SACS
1,20111939,20119566,26279,PLA2G2D
8,16992169,17002181,26281,FGF20
17,28854938,28861067,26284,ERAL1
21,30165564,30166756,26285,CLDN17
22,42796502,42858106,26286,ARFGAP3
10,97572499,97583884,26287,ANKRD2
1,77282051,77559969,26289,AK5
12,4720341,4851927,26290,GALNT8
19,48755559,48758330,26291,FGF21
1,38862964,38874105,26292,MYCBP
11,17788048,18013162,26297,SERGEF
11,34621093,34661057,26298,EHF
9,133152948,133163945,26301,GBGT1
19,35533412,35545316,26330,GAPDHS
19,14880426,14881452,26333,OR7A17
11,55827219,55828154,26338,OR5L2
3,98469480,98470576,26339,OR5K1
3,98132698,98133639,26341,OR5H1
12,119178642,119221131,26353,HSPB8
3,52681156,52694492,26354,GNL3
3,122384176,122412334,26355,FAM162A
9,122202577,122229626,26468,LHX6
2,130356007,130375409,26469,PTPN18
16,29871159,29899547,26470,SEZ6L2
16,28532708,28539174,26471,NUPR1
11,64244480,64246941,26472,PPP1R14B
1,159439722,159440811,26476,OR10J1
11,124440126,124441158,26493,OR8B8
11,124249676,124250611,26494,OR8G1
11,7938534,7939594,26496,OR10A3
14,67386983,67412200,26499,PLEK2
17,82458180,82490537,26502,NARF
6,73593379,73654155,26503,SLC17A5
2,96760902,96811891,26504,CNNM4
2,96816245,96833911,26505,CNNM3
10,99329099,99394330,26507,CNNM1
1,39624153,39639945,26508,HEYL
10,93306429,93482317,26509,MYOF
4,54009789,54064690,26511,CHIC2
13,51354077,51454264,26512,INTS6
11,6481447,6484679,26515,TIMM10B
19,2425624,2427894,26517,TIMM13
11,57528463,57530803,26519,TIMM10
14,58408494,58427614,26520,TIMM9
11,112084800,112086798,26521,TIMM8B
1,35869808,35930528,26523,AGO1
13,20973032,21061547,26524,LATS2
2,113058638,113065382,26525,IL36RN
19,11296139,11326996,26526,TSPAN16
19,1407569,1435687,26528,DAZAP1
6,29396555,29397623,26529,OR12D2
6,29425504,29457071,26531,OR11A1
19,15741393,15742343,26532,OR10H3
14,21569803,21570744,26533,OR10G3
14,21633836,21634940,26534,OR10G2
19,15728020,15729060,26538,OR10H2
19,15807003,15808126,26539,OR10H1
17,36948875,37056871,26574,AATF
6,153004459,153131249,26575,RGS17
3,142815922,142889203,26577,PCOLCE2
9,75088543,75147265,26578,OSTF1
11,69294138,69367726,26579,MYEOV
11,62690275,62709845,26580,BSCL2
15,32717974,32745107,26585,GREM1
13,52455429,52476628,26586,CKAP2
15,88459476,88467419,26589,MRPL46
11,124382395,124383362,26595,OR8B2
7,73568932,73578791,26608,TBL2
11,31509700,31790328,26610,ELP4
12,52079696,52108261,26628,OR7E47P
19,9250930,9252479,26648,OR7E24
19,14941489,14942448,26658,OR7C2
19,14792490,14835376,26659,OR7A5
19,14799146,14800211,26664,OR7C1
15,101922042,101923095,26682,OR4F4
5,181367268,181368262,26683,OR4F3
14,21665083,21666024,26686,OR4E2
17,58155133,58156156,26689,OR4D1
6,29044213,29045240,26692,OR2W1
5,181124357,181125304,26693,OR2V1
1,248405995,248407104,26696,OR2T1
6,29173303,29174574,26707,OR2J2
6,29457181,29464328,26716,OR2H1
9,122675130,122676104,26735,OR1L3
9,122661566,122662648,26737,OR1L1
9,122510802,122511743,26740,OR1J2
13,44939249,44989483,26747,NUFIP1
1,213051233,213274773,26750,RPS6KC1
2,217730,266398,26751,SH3YL1
5,157029413,157059119,26762,HAVCR1
8,54330687,54330895,26766,RNU105C
20,8831186,8831393,26767,RNU105B
1,28508559,28508762,26768,SNORA73B
13,27255064,27255135,26771,SNORD102
17,28723682,28723753,26772,SNORD4B
17,28722582,28722653,26773,SNORD4A
8,98042086,98042217,26775,SNORA72
20,38427309,38427442,26777,SNORA71A
19,17862588,17862720,26780,SNORA68
17,7577955,7578091,26781,SNORA67
1,92840719,92840851,26782,SNORA66
9,127448501,127448630,26783,SNORA65
16,1962973,1963106,26784,SNORA64
5,138561043,138561110,26785,SNORD63
9,131485665,131485750,26786,SNORD62A
16,2155023,2155105,26788,SNORD60
12,56645027,56645101,26789,SNORD59A
18,49491664,49491729,26790,SNORD58B
18,49491283,49491347,26791,SNORD58A
20,2656939,2657010,26792,SNORD57
20,2656624,2656694,26793,SNORD56
8,56073835,56073901,26795,SNORD54
2,28927067,28927144,26796,SNORD53
6,31837076,31837142,26797,SNORD52
17,16440036,16440106,26800,SNORD49A
6,31835263,31835326,26801,SNORD48
1,75789477,75789548,26804,SNORD45B
1,75787889,75787972,26805,SNORD45A
22,39319050,39319113,26807,SNORD43
17,28720550,28720616,26808,SNORD42B
17,28723429,28723492,26809,SNORD42A
19,12706449,12706518,26810,SNORD41
1,44775864,44775943,26811,SNORD55
19,3982507,3982572,26812,SNORD37
9,133350847,133350912,26813,SNORD36C
9,133350456,133350528,26815,SNORD36A
19,49491175,49491260,26816,SNORD35A
19,49490904,49490974,26817,SNORD34
19,49490615,49490699,26818,SNORD33
19,49489965,49490048,26819,SNORD32A
9,133349396,133349470,26820,SNORD24
5,139278781,139278978,26821,SNORA74A
11,17074654,17074744,26822,SNORD14A
1,28648600,28648733,26824,RNU11
15,67839939,67840045,26827,RNU6-1
1,44721786,44721902,26828,RNU5F-1
1,11908152,11908271,26829,RNU5E-1
15,65296051,65296166,26831,RNU5A-1
15,65304677,65304792,26832,RNU5B-1
12,120291763,120291903,26834,RNU4-2
12,120293097,120293237,26835,RNU4-1
17,19061912,19062669,26851,SNORD3B-1
1,143729407,143729570,26863,RNVU1-18
1,148038753,148038916,26864,RNVU1-7
1,16666785,16666948,26869,RNU1-3
1,16895980,16896143,26870,RNU1-2
1,16514122,16514285,26871,RNU1-1
7,90154375,90164829,26872,STEAP1
8,144051266,144063965,26873,OPLAH
4,70360761,70367158,26952,SMR3A
9,6011043,6015625,26953,RANBP6
7,130506238,130668748,26958,COPG2
7,107168961,107202529,26959,HBP1
13,34942287,35673022,26960,NBEA
11,90201160,90223364,26973,CHORDC1
19,44382298,44401608,26974,ZNF285
3,123201927,123274130,26984,SEC22A
10,74120255,74151063,26985,AP3M1
8,100685816,100722809,26986,PABPC1
19,15380048,15419141,26993,AKAP8L
1,51236271,51273455,26994,RNF11
9,128305161,128322742,26995,TRUB2
3,170037929,170085403,26996,GPR160
3,186635969,186653141,26998,FETUB
5,157266079,157395595,26999,CYFIP2
7,103312474,103344873,27000,DNAJC2
14,95650498,95679833,27004,TCL6
1,161159450,161165723,27005,USP21
19,639879,644371,27006,FGF22
7,144451941,144836395,27010,TPK1
8,109963645,109975847,27012,KCNV1
2,219171897,219178106,27013,CNPPD1
9,34457414,34520989,27019,DNAI1
15,73560014,73634134,27020,NPTN
1,63323041,63325126,27022,FOXD3
15,60004222,60061730,27023,FOXB1
14,75013764,75051532,27030,MLH3
3,132680609,132722442,27031,NPHP3
3,130850595,131016712,27032,ATP2C1
19,35704527,35717038,27033,ZBTB32
11,134253495,134265855,27034,ACAD8
19,51142299,51153526,27036,SIGLEC7
22,20111866,20117392,27037,TRMT2A
5,137887968,137942747,27039,PKD2L2
16,28984826,28990783,27040,LAT
1,209828007,209857565,27042,DIEXF
17,4669774,4704337,27043,PELP1
7,127652180,128092609,27044,SND1
10,90912096,90921276,27063,ANKRD1
4,4348140,4419058,27065,AC110814.1
8,73420369,73747708,27067,STAU2
4,105369077,105474081,27068,PPA2
10,84139440,84153245,27069,GHITM
4,99816833,99870154,27071,DAPP1
7,38722963,38932394,27072,VPS41
3,183122213,183163839,27074,LAMP3
7,16753535,16784536,27075,TSPAN13
19,43460787,43465660,27076,LYPD3
17,19337554,19378182,27077,B9D1
15,40569300,40574943,27079,RPUSD2
8,120445400,120542133,27085,MTBP
3,70954693,71583989,27086,FOXP1
11,134378504,134411918,27087,B3GAT1
5,132866560,132868031,27089,UQCRQ
9,127907886,127917038,27090,ST6GALNAC4
17,66835117,66885486,27091,CACNG5
17,66964910,67033398,27092,CACNG4
3,179236691,179267002,27094,KCNMB3
1,36136570,36156053,27095,TRAPPC3
1,229593111,229626047,27097,TAF5L
18,596988,650334,27098,CLUL1
7,127997597,128000077,27099,SND1-IT1
1,174999163,175011715,27101,CACYBP
7,6022244,6059230,27102,EIF2AK1
19,18001132,18014102,27106,ARRDC2
3,101648889,101677495,27107,ZBTB11
14,50312326,50335558,27109,ATP5S
20,1309909,1329239,27111,SDCBP2
19,47220822,47232766,27113,BBC3
6,135851696,136195574,27115,PDE7B
19,49361783,49375116,27120,DKKL1
8,42374068,42377232,27121,DKK4
11,11963106,12009769,27122,DKK3
4,106921802,107283806,27123,DKK2
22,31122731,31134696,27124,INPP5J
5,132875379,132963634,27125,AFF4
22,45344063,45413619,27127,SMC1B
22,37282027,37315345,27128,CYTH4
1,16014028,16019594,27129,HSPB7
9,100099256,100301000,27130,INVS
20,17941597,17968980,27131,SNX5
16,89575768,89597246,27132,CPNE7
14,62699454,63102037,27133,KCNH5
19,3708109,3750813,27134,TJP3
3,108958239,109118142,27136,MORC1
14,24305096,24311430,27141,CIDEB
10,70478821,70568449,27143,PALD1
6,75291859,75493738,27145,FILIP1
4,17629306,17781512,27146,FAM184B
7,140518420,140673993,27147,DENND2A
2,218672026,218702716,27148,STK36
19,16892947,17026815,27151,CPAMD8
4,127623271,127726737,27152,INTU
7,149431363,149461123,27153,ZNF777
6,36196744,36232790,27154,BRPF3
22,23059415,23145021,27156,RSPH14
9,137205685,137217009,27158,NDOR1
1,111290862,111320566,27159,CHIA
8,140520156,140635619,27161,AGO2
4,75913657,75941051,27163,NAAA
18,78980275,79002677,27164,SALL3
12,56470944,56488414,27165,GLS2
5,177303774,177306959,27166,PRELID1
1,153959099,153968184,27173,SLC39A1
17,42659305,42667006,27175,TUBG2
2,113022091,113052867,27177,IL36B
2,112912971,112918882,27178,IL37
2,113005461,113008044,27179,IL36A
19,51124908,51136651,27180,SIGLEC9
19,51450847,51458456,27181,SIGLEC8
16,69311356,69326939,27183,VPS4A
1,231626815,232041272,27185,DISC1
16,88638591,88640473,27189,IL17C
5,149371324,149404202,27190,IL17B
12,122726076,122730843,27198,HCAR1
13,96985719,96994730,27199,OXGR1
4,8558725,8619761,27201,GPR78
19,47332147,47347327,27202,C5AR2
15,43369221,43409771,27229,TUBGCP4
3,150541994,150603228,27230,SERP1
19,3933103,3942416,27231,NMRK2
6,42960758,42963880,27232,GNMT
2,108377911,108388057,27233,SULT1C4
4,83261536,83284914,27235,COQ2
4,152779937,152918463,27236,ARFIP1
1,3454426,3481113,27237,ARHGEF16
12,6821545,6829972,27239,GPR162
9,35649295,35650950,27240,SIT1
7,33129244,33606068,27241,BBS9
6,47231532,47309905,27242,TNFRSF21
19,58551566,58555124,27243,CHMP2A
6,108986437,109094819,27244,SESN1
1,27534035,27604431,27245,AHDC1
1,145738868,145824077,27246,RNF115
2,69395750,69437628,27247,NFU1
2,53787044,53818819,27248,ERLEC1
2,149569634,149587816,27249,MMADHC
10,110871795,110900006,27250,PDCD4
1,173714941,173786702,27252,KLHL20
13,57631810,57729311,27253,PCDH17
22,41560763,41577741,27254,CSDC2
3,1092576,1404217,27255,CNTN6
8,38163321,38176730,27257,LSM1
3,14178358,14201119,27258,LSM3
6,54307859,54390152,27283,TINAG
4,69721162,69787961,27284,SULT1B1
1,36084075,36088275,27285,TEKT2
10,133237404,133241929,27287,VENTX
11,7089027,7090900,27288,RBMXL2
12,48857145,48865898,27289,RND1
9,33218365,33248567,27290,SPINK4
10,98134624,98244897,27291,R3HCC1L
5,62387254,62403939,27292,DIMT1
1,27934993,27959157,27293,SMPDL3B
19,48933682,48944969,27294,DHDH
4,185500660,185535612,27295,PDLIM3
20,45372563,45407889,27296,TP53TG5
7,66114604,66154568,27297,CRCP
8,24384285,24406013,27299,ADAMDEC1
19,58228594,58277495,27300,ZNF544
2,68865481,68871517,27302,BMP10
3,28574791,30010391,27303,RBMS3
20,50958826,50963931,27304,MOCS3
4,94298535,94342876,27306,HPGDS
4,141220887,141234697,27309,ZNF330
11,82973133,83071923,27314,RAB30
11,3797724,3826371,27315,PGAP2
8,64580367,64583628,27319,BHLHE22
16,52438005,52547802,27324,TOX3
16,24610209,24827632,27327,TNRC6A
1,62597487,62606159,27329,ANGPTL3
2,71276561,71435069,27332,ZNF638
3,168008677,168095975,27333,GOLIM4
19,38619082,38636955,27335,EIF3K
19,55399745,55407777,27338,UBE2S
11,60890730,60906588,27339,PRPF19
12,101280109,101386616,27340,UTP20
22,42509968,42519802,27341,RRP7A
7,66628958,66811459,27342,RABGEF1
10,101578882,101588270,27343,POLL
12,70366276,70434292,27345,KCNMB4
17,28319095,28328685,27346,TMEM97
2,167954020,168248141,27347,STK39
9,129803153,129811281,27348,TOR1B
22,43132206,43143394,27349,MCAT
22,39014083,39020352,27350,APOBEC3C
22,41598028,41621096,27351,DESI1
22,40370591,40410289,27352,SGSM3
2,74529377,74533348,27429,HTRA2
5,163503114,163519336,27430,MAT2B
9,127731524,127735317,27433,TOR2A
7,44072247,44082540,27434,POLM
2,42169350,42332548,27436,EML4
22,16827474,16829335,27437,HSFY1P1
22,17116299,17121367,27439,CECR6
22,17137511,17165287,27440,HDHD5
22,17256859,17266733,27442,CECR3
22,17359949,17558149,27443,CECR2
7,82754013,83162930,27445,PCLO
20,62642445,62685785,28231,SLCO4A1
15,91853695,92172435,28232,SLCO3A1
12,20810702,20916911,28234,SLCO1B3
18,61333582,61555773,28316,CDH20
17,42011382,42025644,28511,NKIRAS2
3,23891660,23946591,28512,NKIRAS1
18,66501083,66604138,28513,CDH19
6,170282206,170306565,28514,DLL1
2,12716889,12742734,28951,TRIB2
20,31475293,31484905,28954,REM1
16,10928891,10942460,28955,DEXI
1,156054752,156058510,28956,LAMTOR2
8,79918717,80030289,28957,MRPS28
17,42795147,42798704,28958,COA3
7,150791285,150801360,28959,TMEM176B
11,126303752,126345749,28960,DCPS
6,108041409,108165854,28962,OSTM1
17,29573469,29594054,28964,GIT1
5,128538013,129033642,28965,SLC27A6
5,122843439,123029354,28966,SNX24
19,49289638,49325225,28968,SLC6A16
7,16646131,16706523,28969,BZW2
11,93741591,93764749,28970,C11orf54
11,77821109,77918432,28971,AAMDC
3,52704955,52711146,28972,SPCS1
6,30617709,30626395,28973,MRPS18B
19,13774168,13778462,28974,C19orf53
3,128879596,128916067,28976,ACAD9
12,93467488,93516213,28977,MRPL42
6,52671109,52686588,28978,TMEM14A
12,110124335,110218797,28981,IFT81
1,212858255,212899363,28982,FLVCR1
4,68447449,68497604,28983,TMPRSS11E
13,41457559,41470882,28984,RGCC
16,69741867,69754940,28987,NOB1
7,44044640,44069456,28988,DBNL
9,129608884,129636131,28989,NTMT1
3,131013875,131027649,28990,ASTE1
8,144841042,144853736,28991,COMMD5
11,63998558,64166106,28992,MACROD1
7,139561570,139777778,28996,HIPK2
8,120380761,120445402,28998,MRPL13
3,126342635,126357442,28999,KLF15
11,57406954,57427580,29015,SLC43A3
14,89576216,89577477,29018,FOXN3-AS2
8,123319850,123416350,29028,ATAD2
2,210617571,210619876,29034,CPS1-IT1
16,9091648,9121640,29035,C16orf72
20,5068232,5113103,29058,TMEM230
7,135183839,135211534,29062,WDR91
4,25312785,25370383,29063,ZCCHC4
16,11750586,11797267,29066,ZC3H7A
11,130226677,130314686,29068,ZBTB44
16,58231157,58283836,29070,CCDC113
3,47016429,47163967,29072,SETD2
6,159789812,159798436,29074,MRPL18
6,96889313,96897881,29078,NDUFAF4
13,48053323,48095131,29079,MED4
12,82223681,82358805,29080,CCDC59
2,169810081,169824931,29081,METTL5
14,24209583,24213869,29082,CHMP4A
3,112990918,113015060,29083,GTPBP8
9,136848724,136851027,29085,PHPT1
19,17267350,17281249,29086,BABAM1
11,134248279,134253370,29087,THYN1
8,54135210,54147901,29088,MRPL15
1,202331657,202341980,29089,UBE2T
18,74148511,74160530,29090,TIMM21
14,24809656,25050297,29091,STXBP6
1,22024531,22031225,29092,LINC00339
5,154941070,154969411,29093,MRPL22
2,64453969,64461381,29094,LGALSL
12,55817919,55821879,29095,ORMDL2
1,224356850,224379459,29097,CNIH4
17,8288497,8290092,29098,RANGRF
11,36269284,36289449,29099,COMMD9
16,67227103,67229278,29100,TMEM208
1,1541673,1574869,29101,SSU72
5,31400497,31532196,29102,DROSHA
13,43023203,43114224,29103,DNAJC15
21,28872191,28885371,29104,N6AMT1
16,58113588,58129450,29105,CFAP20
15,51681353,51721031,29106,SCG3
20,23350736,23354777,29107,NXT1
16,31201485,31203450,29108,PYCARD
16,67229387,67247658,29109,FHOD1
12,64451880,64502108,29110,TBK1
6,31111223,31112559,29113,C6orf15
3,111998664,112013887,29114,TAGLN3
17,75667116,75708062,29115,SAP30BP
6,16129125,16148248,29116,MYLIP
16,50313487,50368934,29117,BRD7
11,125903348,125943702,29118,DDX25
10,65912518,67696169,29119,CTNNA3
12,9664969,9699555,29121,CLEC2D
3,46712115,46717907,29122,PRSS50
16,89267627,89490561,29123,ANKRD11
19,39602501,39607476,29124,LGALS13
11,2295645,2303049,29125,C11orf21
9,5450503,5470566,29126,CD274
12,49976923,50033136,29127,RACGAP1
19,4903080,4962154,29128,UHRF1
10,96191702,96271587,29760,BLNK
21,15730025,15880069,29761,USP25
11,47177525,47186443,29763,PACSIN3
1,151169986,151176284,29765,TMOD4
15,51829628,51947295,29766,TMOD3
15,51751561,51816368,29767,TMOD2
22,24251828,24265525,29774,POM121L9P
22,37490362,37519542,29775,CARD10
6,26596952,26600744,29777,ABT1
22,43999211,44172949,29780,PARVB
22,50508216,50523472,29781,NCAPH2
19,41193049,41207539,29785,CYP2S1
2,174072447,174248698,29789,OLA1
22,29767369,29770413,29796,UQCR10
22,21697544,21735834,29799,YPEL1
16,67394419,67416833,29800,ZDHHC1
22,20129456,20148007,29801,ZDHHC8
22,23752743,23754468,29802,VPREB3
7,150368189,150374044,29803,REPIN1
2,9951693,10002277,29841,GRHL1
2,121216587,121285207,29842,TFCP2L1
12,48042898,48106308,29843,SENP1
19,54107013,54115675,29844,TFPT
11,2404515,2423045,29850,TRPM5
2,203936748,203961577,29851,ICOS
16,4846665,4882360,29855,UBN1
13,36949775,37000261,29880,ALG5
7,44512535,44541315,29881,NPC1L1
9,137174784,137188549,29882,ANAPC2
8,17224964,17246878,29883,CNOT7
7,2251770,2354318,29886,SNX8
7,26291895,26374329,29887,SNX10
19,46719507,46746994,29888,STRN4
1,37566816,37595935,29889,GNL2
3,51391268,51397908,29890,RBM15B
17,42572315,42577831,29893,PSMC3IP
8,144393229,144409349,29894,CPSF1
16,30370934,30377991,29895,MYLPF
7,23504780,23532041,29896,TRA2A
1,108875350,108934545,29899,GPSM2
11,65040901,65044828,29901,SAC3D1
12,110468364,110490385,29902,FAM216A
19,55641062,55653161,29903,CCDC106
16,22206282,22288732,29904,EEF2K
18,46667821,46759257,29906,ST8SIA5
11,65027408,65040572,29907,SNX15
3,151197832,151203201,29909,GPR171
19,12763003,12872740,29911,HOOK2
1,11273206,11296049,29914,UBIAD1
12,104064457,104106524,29915,HCFC2
17,48103357,48123074,29916,SNX11
18,23503470,23531807,29919,C18orf8
1,225919877,225924340,29920,PYCR2
1,169132531,169367967,29922,NME7
7,128455849,128458418,29923,HILPDA
19,55675226,55709858,29924,EPN1
3,49716844,49723951,29925,GMPPB
2,219498867,219506989,29926,GMPPA
3,128051641,128071683,29927,SEC61A1
17,997117,1003671,29928,TIMM22
1,63367590,63438562,29929,ALG6
5,141051135,141059344,29930,PCDHB1
14,105049389,105065445,29933,GPR132
1,212432887,212446379,29937,NENF
6,116280199,116370273,29940,AL590542.1
9,128702523,128720918,29941,PKN3
8,30995802,31033715,29942,PURG
1,17205126,17246005,29943,PADI1
4,25377213,25418498,29945,ANAPC4
19,40440844,40444705,29946,SERTAD3
21,44246339,44262216,29947,DNMT3L
16,83948282,83966332,29948,OSGIN1
1,206798870,206842981,29949,IL19
19,40421592,40426025,29950,SERTAD1
12,41188448,41574590,29951,PDZRN4
9,137110542,137115177,29952,DPP7
12,72087266,72670757,29953,TRHDE
14,77274956,77320884,29954,POMT2
1,150960583,150975004,29956,CERS2
1,108134036,108200849,29957,SLC25A24
5,78997606,79236038,29958,DMGDH
2,27427790,27442259,29959,NRBP1
7,2234231,2242198,29960,MRM2
6,41780762,41787372,29964,PRICKLE4
16,4510675,4538828,29965,CDIP1
14,30893799,31026401,29966,STRN3
8,104489231,104589024,29967,LRP12
9,78297143,78330093,29968,PSAT1
7,114922154,115019202,29969,MDFIC
3,159839861,159897360,29970,SCHIP1
10,50799409,50885675,29974,A1CF
9,83659963,83708203,29979,UBQLN1
21,33559542,33588708,29980,DONSON
10,63133247,63155031,29982,NRBF2
11,67056818,67072013,29984,RHOD
19,2732204,2740152,29985,SLC39A3
14,20999255,21001871,29986,SLC39A2
9,127397138,127408424,29988,SLC2A8
9,133205277,133209250,29989,OBP2B
7,100352176,100367733,29990,PILRB
9,135546139,135549969,29991,OBP2A
7,100367530,100400099,29992,PILRA
6,34466061,34535231,29993,PACSIN1
2,159318979,159616692,29994,BAZ2B
3,8501707,8574673,29995,LMCD1
19,47745522,47757058,29997,NOP53
19,47608196,47703277,29998,BICRA
7,127591409,127602144,29999,FSCN3
19,12699194,12724011,30000,TNPO2
14,52639916,52695900,30001,ERO1A
11,65866441,65873592,30008,EFEMP2
17,47733244,47746119,30009,TBX21
7,8433955,8752963,30010,NXPH1
5,171309284,171312134,30012,TLX3
2,189560579,189583758,30061,SLC40A1
18,59267035,59274086,30062,RAX
21,31873315,32044633,30811,HUNK
16,981808,986979,30812,SOX8
20,25070885,25082365,30813,VSX1
1,19920009,19923617,30814,PLA2G2E
9,127885321,127905408,30815,ST6GALNAC6
7,92468380,92477986,30816,ERVW-1
19,14732393,14778541,30817,ADGRE2
2,95297304,95386083,30818,KCNIP3
10,101825974,101843920,30819,KCNIP2
5,170353487,170736632,30820,KCNIP1
18,50282343,50288304,30827,CXXC1
5,179060415,179083537,30832,ZNF354C
17,75130225,75131795,30833,NT5C
6,30058899,30064909,30834,ZNRD1
19,7739994,7747564,30835,CD209
1,93866283,93879918,30836,DNTTIP2
17,38352228,38405593,30837,SOCS7
15,41895939,41972578,30844,EHD4
2,31234337,31269447,30845,EHD3
19,47713343,47743134,30846,EHD2
3,130678935,130746829,30849,PIK3R4
17,74987632,75005800,30850,CDR2L
17,3662896,3668682,30851,TAX1BP3
9,35099776,35103195,30968,STOML2
19,51077495,51084245,43847,KLK14
19,51029092,51035230,43849,KLK12
21,41986831,42010387,49854,ZBTB21
15,76347904,76905444,49855,SCAPER
1,3630767,3652761,49856,WRAP73
1,152409243,152414263,49860,CRNN
6,155264013,155276548,49861,CLDN20
8,102204502,102239118,50484,RRM2B
2,216412414,216483053,50485,SMARCAL1
1,209675420,209676388,50486,G0S2
22,31134809,31140607,50487,PLA2G3
17,4833388,4898061,50488,MINK1
2,70830214,70835822,50489,CD207
15,45092650,45114344,50506,DUOX2
11,89324356,89498187,50507,NOX4
6,155395370,155455903,50508,NOX3
19,9959561,10010471,50509,COL5A3
12,101728648,101739472,50511,SYCP3
3,127629181,127672809,50512,PODXL2
9,115141818,115402644,50514,1-Dec
12,104455295,104762014,50515,CHST11
1,206865354,206869223,50604,IL20
11,5507300,5509985,50613,UBQLN3
12,132196372,132329349,50614,GALNT9
16,27402162,27452042,50615,IL21R
12,68248242,68253607,50616,IL22
7,138706295,138799560,50617,ATP6V0A4
2,24202864,24360714,50618,ITSN2
6,35297852,35321771,50619,DEF6
10,122832149,122850793,50624,CUZD1
8,144449582,144465677,50626,CYHR1
17,744414,753999,50628,GEMIN4
10,133324072,133336935,50632,CALY
2,241188509,241225377,50636,ANO7
7,108470422,108569666,50640,PNPLA8
2,130836916,131047263,50649,ARHGEF4
3,56727418,57079329,50650,ARHGEF3
1,8317826,8344167,50651,SLC45A1
9,76764436,76787569,50652,PCA3
10,69571698,69573238,50674,NEUROG3
19,10013249,10022279,50700,RDH8
1,160215715,160262531,50717,DCAF8
11,64291302,64300031,50801,KCNK4
15,48134631,48178517,50804,MYEF2
5,1877413,1887236,50805,IRX4
8,130052104,130443660,50807,ASAP1
9,4709559,4742043,50808,AK3
1,20742661,20787323,50809,HP1BP3
15,83112738,83208018,50810,AC024270.1
12,6723741,6731875,50813,COPS7A
7,141764097,141765197,50831,TAS2R3
7,141778442,141780819,50832,TAS2R4
7,122994704,122995700,50833,TAS2R16
5,9628997,9712378,50834,TAS2R1
12,10809094,10810168,50835,TAS2R9
12,10806051,10807293,50836,TAS2R8
12,10801532,10802627,50837,TAS2R7
12,10907926,10909562,50838,TAS2R13
12,10825317,10826358,50839,TAS2R10
12,10937406,11171573,50840,TAS2R14
12,49089421,49094819,50846,DHH
1,160995211,161021348,50848,F11R
3,108822698,108855005,50852,TRAT1
3,37988059,38007188,50853,VILL
6,31834608,31839766,50854,C6orf48
16,67660946,67662778,50855,PARD6A
12,8082269,8138607,50856,CLEC4A
4,166733384,167234796,50859,SPOCK3
20,63639705,63657682,50861,STMN3
11,10511678,10541230,50862,RNF141
11,131370478,132336822,50863,NTM
12,12974864,13000273,50865,HEBP1
11,125955796,126063335,50937,CDON
3,101222546,101320560,50939,IMPG2
2,177623252,178108339,50940,PDE11A
19,50661827,50719450,50944,SHANK1
17,43753731,43758788,50964,SOST
1,93149742,93180728,50999,TMED5
6,8413068,8435483,51000,SLC35B3
8,96239398,96261610,51001,MTERF3
2,73729104,73737400,51002,TPRKB
17,6643315,6651634,51003,MED31
14,73949926,73963670,51004,COQ6
16,2520357,2531422,51005,AMDHD2
20,46345980,46364458,51006,SLC35C2
10,72096032,72217134,51008,ASCC1
17,5471251,5486811,51009,DERL2
9,37766978,37801437,51010,EXOSC3
2,95402721,95416616,51011,FAHD2A
20,59033145,59042909,51012,PRELID3B
10,97436142,97446017,51013,EXOSC1
5,115613508,115632992,51014,TMED7
5,129094751,129114028,51015,ISOC1
14,24138959,24141588,51016,EMC9
1,218285287,218337983,51018,RRP15
12,102012927,102062149,51019,WASHC3
6,125219962,125302078,51020,HDDC2
10,73248843,73252693,51021,MRPS16
1,193096468,193106114,51022,GLRX2
4,83455932,83469735,51023,MRPS18C
7,101239458,101252316,51024,FIS1
16,4331549,4355607,51025,PAM16
12,21501781,21518408,51026,GOLT1B
1,149887890,149900798,51027,BOLA1
13,52412602,52450628,51028,VPS36
1,244652935,244709033,51029,DESI2
17,18780995,18806714,51030,TVP23B
17,757097,783390,51031,GLOD4
1,15465909,15491400,51032,CELA2B
11,62676498,62679117,51035,UBXN1
1,26169871,26170873,51042,ZNF593
1,155002630,155018522,51043,ZBTB7B
18,57350813,57371731,51046,ST8SIA3
8,74824537,74855029,51050,PI15
2,237566574,237567175,51052,PRLH
6,24774931,24786099,51053,GMNN
12,45173064,45216041,51054,PLEKHA8P1
4,17577192,17607972,51056,LAP3
2,63121383,63827843,51057,WDPCP
1,42846573,42852477,51058,ZNF691
8,138130023,138496822,51059,FAM135B
1,52020131,52056171,51060,TXNDC12
16,11679080,11742878,51061,TXNDC11
14,50532509,50633068,51062,ATL1
10,103446786,103452402,51063,CALHM2
15,63125872,63158021,51065,RPS27L
3,8619400,8745040,51066,SSUH2
12,32727490,32755902,51067,YARS2
3,161104696,161253532,51068,NMD3
6,43054029,43059806,51069,MRPL2
19,49555711,49590262,51070,NOSIP
12,15911172,16037282,51071,DERA
2,31865060,32011230,51072,MEMO1
19,10251901,10260045,51073,MRPL4
11,34853094,34916499,51074,APIP
11,57712600,57740973,51075,TMX2
10,99702558,99756134,51076,CUTC
14,74713144,74738620,51077,FCF1
2,241584405,241637449,51078,THAP4
19,19515736,19529054,51079,NDUFA13
17,75261674,75266373,51081,MRPS7
13,27620742,27744237,51082,POLR1D
11,68683779,68691175,51083,GAL
13,20403667,20525857,51084,CRYL1
7,73593194,73624543,51085,MLXIPL
1,74235401,74544428,51086,TNNI3K
17,7288252,7294615,51087,YBX2
4,39045039,39126857,51088,KLHL5
16,57248547,57284687,51090,PLLP
4,25120014,25160442,51091,SEPSECS
11,117178733,117197445,51092,SIDT2
1,156728442,156736960,51093,RRNAD1
1,202940823,202958572,51094,ADIPOR1
3,3126916,3150879,51095,TRNT1
17,51260528,51297936,51096,UTP18
1,246724047,246768137,51097,SCCPDH
20,43590931,43647296,51098,IFT52
3,43690113,43734371,51099,ABHD5
1,86704570,86748184,51100,SH3GLB1
8,78666047,78719765,51101,ZC2HC1A
1,29192873,29230942,51102,MECR
15,41387349,41402519,51103,NDUFAF1
9,71862452,71910931,51104,ABHD17B
8,132775358,132848807,51105,PHF20L1
6,155257509,155314493,51106,TFB1M
1,150265399,150269580,51107,APH1A
16,21597218,21657473,51108,METTL9
14,67676801,67695814,51109,RDH11
8,70635318,70669174,51110,LACTB2
11,68154863,68213828,51111,KMT5B
2,3379675,3485094,51112,TRAPPC12
8,86468257,86514357,51115,RMDN1
9,135499984,135504673,51116,MRPS2
9,128322536,128334072,51117,COQ4
1,38009258,38024824,51118,UTP11
7,66987677,66995601,51119,SBDS
5,172958729,172969771,51121,RPL26L1
3,149738470,149752499,51122,COMMD2
8,101177878,101206193,51123,ZNF706
18,47152834,47176374,51124,IER3IP1
8,41490396,41510980,51125,GOLGA7
20,20017116,20033655,51126,NAA20
1,228407940,228416861,51127,TRIM17
5,134601144,134649271,51128,SAR1B
19,8363289,8374373,51129,ANGPTL4
2,53532672,53787610,51130,ASB3
13,49495610,49528987,51131,PHF11
1,215567392,215621807,51133,KCTD3
12,94306449,94459988,51134,CEP83
12,43758944,43789543,51135,IRAK4
17,59952240,59964761,51136,RNFT1
4,83034447,83075818,51138,COPS4
2,118088452,118110997,51141,INSIG2
7,56101569,56106576,51142,CHCHD2
3,32525971,32570874,51143,DYNC1LI1
11,43680558,43856617,51144,HSD17B12
3,138123718,138132387,51146,A4GNT
12,6650280,6663148,51147,ING4
9,128411751,128437351,51148,CERCAM
5,179835133,179862173,51149,MRNIP
1,1216908,1232031,51150,SDF4
5,33944616,33984730,51151,SLC45A2
1,19251539,19260128,51154,MRTO4
17,75135248,75168281,51155,JPT1
14,94280455,94293271,51156,SERPINA10
19,55635016,55643469,51157,ZNF580
8,144423601,144428563,51160,VPS28
3,50558025,50571027,51161,C3orf18
9,136658856,136672678,51162,EGFL7
3,138161012,138174949,51163,DBR1
5,150708440,150759109,51164,DCTN4
4,170060222,170091699,51166,AADAT
6,83859643,83967424,51167,CYB5R4
17,18108706,18179802,51168,MYO15A
4,87336610,87391386,51170,HSD17B11
19,48813017,48836678,51171,HSD17B14
16,5024844,5034141,51172,NAGPA
17,59859482,59892945,51174,TUBD1
6,112070777,112087529,51175,TUBE1
4,108047545,108168956,51176,LEF1
1,150149183,150164720,51177,PLEKHO1
1,119368779,119394130,51179,HAO2
17,82035136,82037732,51181,DCXR
10,14838164,14871741,51182,HSPA14
12,110452484,110469268,51184,GPN3
3,3144628,3179727,51185,CRBN
15,55180806,55197067,51187,RSL24D1
3,42581840,42595114,51188,SS18L2
4,88457117,88506163,51191,HERC5
16,66552563,66566251,51192,CKLF
3,179322991,179338583,51193,ZNF639
5,62403972,62628582,51194,IPO11
17,40177010,40195656,51195,RAPGEFL1
10,94030812,94332823,51196,PLCE1
14,50719763,50831121,51199,NIN
7,130293134,130324180,51200,CPA4
8,17156029,17224799,51201,ZDHHC2
12,12813316,12829981,51202,DDX47
15,41332694,41381050,51203,NUSAP1
17,63600872,63608365,51204,TACO1
1,147629652,147670496,51205,ACP6
19,55013705,55038264,51206,GP6
10,75094432,75109221,51207,DUSP13
3,137998735,138033655,51208,CLDN18
11,2140501,2148666,51214,IGF2-AS
14,95533503,95544724,51218,GLRX5
14,21090046,21104722,51222,ZNF219
18,47032572,47035621,51224,ELOA2
17,49210227,49223225,51225,ABI3
17,48026167,48038030,51226,COPZ2
21,37059170,37073170,51227,PIGP
12,109850943,109880488,51228,GLTP
20,35771974,35950381,51230,PHF20
19,49976467,50025946,51231,VRK3
2,36355926,36551135,51232,CRIM1
22,23608452,23632321,51233,DRICH1
15,34224999,34230156,51234,EMC4
8,144137769,144140843,51236,HGH1
5,139387480,139390081,51237,MZB1
2,96836611,96858095,51239,ANKRD39
14,70325081,70359731,51241,COX16
3,14651746,14672659,51244,CCDC174
3,48467798,48504826,51246,SHISA5
5,139341587,139369720,51247,PAIP2
1,45687214,45694443,51249,TMEM69
6,107028213,107051342,51250,C6orf203
7,33014114,33062797,51251,NT5C3A
2,96875882,96986592,51252,FAM178B
1,54184041,54225464,51253,MRPL37
2,85595725,85597613,51255,RNF181
6,13266542,13328583,51256,TBC1D7
19,8413270,8439017,51257,2-Mar
12,6491886,6493841,51258,MRPL51
11,61391687,61398863,51259,TMEM216
2,99181079,99197626,51263,MRPL30
17,50367857,50373214,51264,MRPL27
5,134286350,134371047,51265,CDKL3
12,9985642,10013424,51266,CLEC1B
12,10069554,10111627,51267,CLEC1A
17,28950513,29057220,51268,PIPOX
9,34179005,34252523,51271,UBAP1
11,167784,207428,51272,BET1L
4,38664196,38701042,51274,KLF3
12,111839764,111842902,51275,MAPKAPK5-AS1
19,37554782,37594790,51276,ZNF571
2,24943636,24972094,51277,DNAJC27
1,181088712,181092899,51278,IER5
12,7089587,7109273,51279,C1RL
9,86026146,86100173,51280,GOLM1
2,240479422,240569209,51281,ANKMY1
20,35953617,35959472,51282,SCAND1
16,14632815,14669236,51283,BFAR
15,65053337,65076690,51285,RASL12
11,787104,790123,51286,CEND1
11,73872667,73876988,51287,COA4
5,33936386,33938237,51289,RXFP3
12,29337352,29381189,51290,ERGIC2
19,19629476,19643667,51291,GMIP
14,24232422,24239242,51292,GMPR2
19,8302127,8308356,51293,CD320
5,141943585,141969741,51294,PCDH12
19,11505916,11529174,51295,ECSIT
11,60937084,60952530,51296,SLC15A3
20,33235995,33243311,51297,BPIFA1
19,361747,376670,51298,THEG
6,5997999,6007605,51299,NRN1
3,119498532,119525090,51300,TIMMDC1
5,75025346,75030899,51301,GCNT4
6,46549580,46652830,51302,CYP39A1
12,48921518,48926474,51303,FKBP11
3,44915257,44976185,51304,ZDHHC3
8,139600838,139703056,51305,KCNK9
5,137937960,138051961,51306,FAM13B
5,138331935,138349729,51307,FAM53C
5,138439017,138446969,51308,REEP2
14,23346306,23352912,51310,SLC22A17
8,23528805,23575463,51312,SLC25A37
4,158124474,158173318,51313,FAM198B
7,37848597,37900401,51314,NME8
2,88027205,88055729,51315,KRCC1
4,83090048,83137075,51316,PLAC8
11,45929323,46121178,51317,PHF21A
2,86199355,86213794,51318,MRPL35
3,158105855,158545730,51319,RSRC1
18,51174550,51218304,51320,MEX3C
17,68247574,68257164,51321,AMZ2
10,28532493,28623112,51322,WAC
15,64963021,64990310,51324,SPG21
17,46274784,46361797,51326,ARL17B
16,31527864,31528803,51327,AHSP
12,122980060,122982913,51329,ARL6IP4
16,3018445,3022383,51330,TNFRSF12A
15,41848144,41894077,51332,SPTBN5
16,30407297,30431108,51333,ZNF771
5,120464278,120687332,51334,PRR16
15,90265659,90278141,51335,NGRN
8,142727203,142736927,51337,THEM6
11,60280541,60308972,51338,MS4A4A
14,58633967,58648321,51339,DACT1
20,20034368,20056046,51340,CRNKL1
19,4044364,4066945,51341,ZBTB7A
19,3506273,3538330,51343,FZR1
12,118149801,118372945,51347,TAOK3
12,9827481,9845007,51348,KLRF1
12,52768155,52777345,51350,KRT76
7,64971776,65006684,51351,ZNF117
1,59814786,59876378,51361,HOOK1
6,110180141,110254275,51362,CDC40
10,124007666,124093607,51363,CHST15
3,50341110,50346852,51364,ZMYND10
3,119597842,119629811,51365,PLA1A
8,102253012,102412841,51366,UBR5
12,120578764,120581398,51367,POP5
3,51662693,51704323,51368,TEX264
13,28659104,28678925,51371,POMP
3,48440257,48444208,51372,TMA7
7,55951819,55956501,51373,MRPS17
2,27212027,27217178,51374,ATRAID
1,98661701,98760500,51375,SNX7
1,193012250,193060080,51377,UCHL5
20,869899,916317,51378,ANGPT4
17,30769388,30824776,51379,CRLF3
12,53157663,53180909,51380,CSAD
14,67294371,67360265,51382,ATP6V1D
7,121325367,121341104,51384,WNT16
3,48241100,48299253,51385,ZNF589
22,37848868,37889407,51386,EIF3L
16,69339430,69343111,51388,NIP7
6,116571367,116597675,51389,RWDD1
6,143060496,143340304,51390,AIG1
17,16415542,16437003,51393,TRPV2
5,116084991,116412762,51397,COMMD10
19,12668071,12671356,51398,WDR83OS
11,119018432,119025454,51399,TRAPPC4
11,74171099,74254703,51400,PPME1
6,13615327,13632739,51406,NOL7
3,50569152,50596168,51409,HEMK1
12,51281038,51324668,51411,BIN2
7,100643097,100656461,51412,ACTL6B
3,134355874,134375479,51421,AMOTL2
7,151556111,151877125,51422,PRKAG2
5,75511756,75601144,51426,POLK
7,64666083,64711582,51427,ZNF107
5,177511577,177517469,51428,DDX41
6,157700387,157945077,51429,SNX9
1,172532349,172611833,51430,SUCO
12,121308245,121399896,51433,ANAPC5
12,110372900,110403730,51434,ANAPC7
8,27633868,27676776,51435,SCARA3
6,17600355,17611719,51439,FAM8A1
1,39678648,39691689,51440,HPCAL4
1,28736621,28769775,51441,YTHDF2
18,32091855,32131561,51444,RNF138
3,48688003,48740353,51447,IP6K2
2,70257386,70281191,51449,PCYOX1
9,129665641,129722674,51450,PRRX2
16,25111729,25178231,51451,LCMT1
2,188291669,188595931,51454,GULP1
2,99400475,99490035,51455,REV1
15,89471398,89496613,51458,RHCG
3,52903572,53046750,51460,SFMBT1
1,145607990,145670648,51463,GPR89A
6,89326625,89352848,51465,UBE2J1
14,99971449,100144236,51466,EVL
2,73700576,73701340,51471,NAT8B
6,24171756,24358052,51473,DCDC2
12,50175788,50283546,51474,LIMA1
11,67518912,67524517,51475,CABP2
19,18434388,18438301,51477,ISYNA1
1,162790702,162812817,51478,HSD17B7
17,4163907,4263977,51479,ANKFY1
9,128819651,128829821,51490,SPOUT1
5,176383938,176388975,51491,NOP16
22,32387582,32412255,51493,RTCB
15,65530418,65578352,51495,HACD3
15,44427234,44529038,51496,CTDSPL2
20,58981208,58995133,51497,NELFCD
12,120443961,120446412,51499,TRIAP1
11,86302211,86345931,51501,HIKESHI
11,94962622,94973612,51503,CWC15
11,64316460,64318084,51504,TRMT112
1,161152776,161158856,51506,UFC1
20,56468585,56519449,51507,RTFDC1
9,33264879,33282069,51510,CHMP5
22,46296741,46330810,51512,GTSE1
6,36354091,36387800,51513,ETV7
1,212035553,212107400,51514,DTL
3,48673844,48686364,51517,NCKIPSD
5,146113038,146182660,51520,LARS
6,10722915,10731129,51522,TMEM14C
5,139647299,139683882,51523,CXXC5
11,61362001,61369509,51524,TMEM138
20,44196496,44210791,51526,OSER1
14,96363452,96387288,51527,GSKIP
14,59484443,59505410,51528,JKAMP
17,81890790,81900991,51529,ANAPC11
7,130018286,130051451,51530,ZC3HC1
9,97904489,97922570,51531,TRMO
3,52410657,52423641,51533,PHF7
6,142147162,142224689,51534,VTA1
12,42238447,42459715,51535,PPHLN1
22,30425530,30429053,51537,MTFP1
1,31296982,31364953,51538,ZCCHC17
2,238060889,238099413,51540,SCLY
2,63892146,64019072,51542,VPS54
19,55635459,55645622,51545,ZNF581
17,81911939,81921323,51547,SIRT7
19,4174109,4182604,51548,SIRT6
14,102341102,102362916,51550,CINP
9,121178137,121223014,51552,RAB14
3,132597237,132618967,51554,ACKR4
3,179794958,180037053,51555,PEX5L
6,63275951,63319977,51557,LGSN
12,103770453,103841197,51559,NT5DC3
3,133824239,133895836,51560,RAB6B
12,56334174,56340410,51561,IL23A
14,36298558,36320676,51562,MBIP
12,47782722,47833132,51564,HDAC7
6,24649977,24667033,51567,TDP2
13,38349849,38363619,51569,UFM1
8,129839593,130017129,51571,FAM49B
16,19501689,19522145,51573,GDE1
4,112636964,112657592,51574,LARP7
20,13714322,13784886,51575,ESF1
8,102826357,102893864,51582,AZIN1
11,83156988,83187451,51585,PCF11
22,20495913,20587632,51586,MED15
19,4007646,4039386,51588,PIAS4
1,114392777,114511160,51592,TRIM33
7,100875111,100888664,51593,SRRT
2,15166909,15561330,51594,NBAS
6,33416442,33418317,51596,CUTA
19,35248330,35267964,51599,LSR
2,99154955,99163157,51601,LIPT1
2,202265716,202303666,51602,NOP58
1,171781664,171814023,51603,METTL13
20,45416067,45456934,51604,PIGT
20,5937235,5950558,51605,TRMT6
8,53715557,53843558,51606,ATP6V1H
7,876552,896436,51608,GET4
1,100989623,101026088,51611,DPH5
20,35542021,35557634,51614,ERGIC3
5,174045604,174243501,51617,HMP19
7,43926438,43956136,51619,UBE2D4
15,31326855,31435665,51621,KLF13
7,5898725,5926550,51622,CCZ1
2,43774039,43810010,51626,DYNC2LI1
17,44319625,44324870,51629,SLC25A39
7,139340359,139423457,51631,LUC7L2
8,91070196,91087095,51633,OTUD6B
14,60144120,60169856,51635,DHRS7
14,51989475,52010691,51637,C14orf166
2,24067584,24076443,51639,SF3B6
11,73787316,73865133,51642,MRPL48
12,66135846,66170072,51643,TMBIM4
6,36854827,36875024,51645,PPIL1
2,30146941,30160533,51646,YPEL5
16,66932055,66934423,51647,FAM96B
17,57834781,57850056,51649,MRPS23
7,141002610,141015228,51650,MRPS33
17,59674636,59707626,51651,PTRH2
2,86503431,86563479,51652,CHMP3
20,33358839,33401561,51654,CDK5RAP1
17,17494437,17496395,51655,RASD1
7,75996338,76048004,51657,STYXL1
16,85676198,85690073,51659,GINS2
6,166364919,166383013,51660,MPC1
2,178463664,178478600,51661,FKBP7
5,32354350,32444761,51663,ZFR
2,238426742,238452250,51665,ASB1
7,95478444,95540232,51666,ASB4
7,151341699,151378449,51667,NUB1
1,53916574,53945929,51668,HSPB11
8,30063012,30083208,51669,SARAF
16,67389809,67393535,51673,TPPP3
14,93934153,93976791,51676,ASB2
7,24573268,24694193,51678,MPP6
10,102503987,102633535,51684,SUFU
1,151762899,151771334,51686,OAZ3
19,2321517,2328620,51690,LSM7
7,118184032,118192824,51691,LSM8
2,9423568,9473101,51692,CPSF3
16,88856220,88862686,51693,TRAPPC2L
6,139135112,139180802,51696,HECA
12,110491097,110502117,51699,VPS29
11,7665100,7677222,51700,CYB5R2
17,28041737,28196381,51701,NLK
1,17249098,17284233,51702,PADI3
10,112374018,112428380,51703,ACSL5
16,19856691,19886167,51704,GPRC5B
4,100395341,100880126,51705,EMCN
1,202961869,202967280,51706,CYB5R1
19,12224686,12294887,51710,ZNF44
3,150602875,150630445,51714,SELENOT
6,57186992,57222314,51715,RAB23
16,55760566,55793960,51716,CES1P1
2,230712845,230821075,51719,CAB39
5,176905005,177022633,51720,UIMC1
3,121593119,121630295,51725,FBXO40
3,186567403,186585800,51726,DNAJB11
1,47333797,47378839,51727,CMPK1
16,46407,53628,51728,POLR3K
12,14784579,14803540,51729,WBP11
22,24494107,24528390,51733,UPB1
16,1938210,1943326,51734,MSRB1
5,131423921,131635236,51735,RAPGEF6
3,10285675,10292947,51738,GHRL
16,78099413,79212667,51741,WWOX
1,235131634,235328219,51742,ARID4B
1,160830160,160862855,51744,CD244
17,50719544,50756213,51747,LUC7L3
20,63657810,63696253,51750,RTEL1
17,44846353,44850480,51751,HIGD1B
5,96760810,96808100,51752,ERAP1
9,35814451,35854847,51754,TMEM8B
17,39461511,39564907,51755,CDK12
9,129827290,129835863,51759,C9orf78
16,19167971,19268334,51760,SYT17
13,25372071,26025851,51761,ATP8A2
15,63189469,63267782,51762,RAB8B
17,1494571,1516888,51763,INPP5K
16,798041,800733,51764,GNG13
12,26973195,27014434,51768,TM7SF3
11,77659996,77821017,51773,RSF1
2,173075435,173268010,51776,MAP3K20
4,119135784,119187789,51778,MYOZ2
5,138352596,138437028,51780,KDM3B
4,155829729,155866273,51802,ASIC5
14,60709528,60724348,51804,SIX4
6,99369400,99394204,51805,COQ3
10,5498697,5499555,51806,CALML5
22,18110331,18146554,51807,TUBA8
5,126600268,126627252,51808,PHAX
4,173168753,173323967,51809,GALNT7
22,17178790,17221989,51816,ADA2
2,60451167,60553567,53335,BCL11A
15,83016422,83067354,53339,BTBD1
11,124673798,124697518,53340,SPA17
13,20702127,20723098,53342,IL17D
4,87422582,87459454,53343,NUDT9
19,19264364,19273391,53345,TM6SF2
15,83107407,83144854,53346,TM6SF1
21,42403447,42447681,53347,UBASH3A
14,72969451,73027212,53349,ZFYVE1
2,140231423,142131701,53353,LRP1B
10,89579497,89645572,53354,PANK1
9,89005771,89178767,53358,SHC3
4,76114659,76148515,53371,NUP54
12,113221050,113298585,53373,TPCN1
6,45898451,46080395,53405,CLIC5
4,4415742,4542346,53407,STX18
19,1573596,1592801,53615,MBD3
7,87934143,88202889,53616,ADAM22
16,81238448,81291142,53630,BCO1
2,218822383,218832086,53632,PRKAG3
19,49850735,49860744,53635,PTOV1
19,10512742,10517931,53637,S1PR5
21,37006150,37019659,53820,RIPPLY3
19,35143250,35154301,53822,FXYD7
11,117836976,117877486,53826,FXYD6
19,35154730,35169883,53827,FXYD5
10,43371642,43376335,53828,FXYD4
3,151326312,151329548,53829,P2RY13
12,54362445,54364487,53831,GPR84
6,136999971,137045180,53832,IL20RA
3,136946230,137011085,53833,IL20RB
4,1009936,1026897,53834,FGFRL1
3,151294086,151316952,53836,GPR87
11,68261335,68272001,53838,C11orf24
11,5619764,5644398,53840,TRIM34
11,616565,626078,53841,CDHR5
4,183318194,183320774,53842,CLDN22
10,25934267,26212527,53904,MYO3A
15,45129933,45165576,53905,DUOX1
19,40778216,40796938,53916,RAB4B
5,177301198,177303744,53917,RAB24
5,52787940,52804046,53918,PELO
12,20695355,20753386,53919,SLCO1C1
2,200870907,200889303,53938,PPIL3
11,99020953,100358885,53942,CNTN5
15,64165517,64356259,53944,CSNK1G1
22,42692121,42721298,53947,A4GALT
14,92121937,92172145,53981,CPSF2
21,39184176,39321559,54014,BRWD1
21,42496008,42581440,54020,SLC37A1
21,14216130,14228372,54033,RBM11
21,45643694,45942454,54039,PCBP3
21,13843133,13848364,54055,CYP4F29P
21,46300181,46323875,54058,C21orf58
21,46286337,46297751,54059,YBEY
21,34723807,34737181,54064,LINC00160
21,34375480,34407866,54065,SMIM11A
21,32268219,32279069,54069,MIS18A
21,25385820,25431701,54072,LINC00158
21,44497892,44711580,54084,TSPEAR
21,27722379,27751233,54088,LINC00113
21,41716436,41717580,54089,LINC00112
21,36034541,36079389,54093,SETD4
21,41304212,41357431,54097,FAM3B
21,41739369,41767106,54101,RIPK4
21,34669389,34718227,54102,CLIC6
7,77310751,77416400,54103,GSAP
3,52221080,52226163,54106,TLR9
9,113407235,113410672,54107,POLE3
8,140511298,140517137,54108,CHRAC1
1,100538137,100542018,54112,GPR88
21,22098617,22116528,54143,LINC00308
21,25585656,25607517,54148,MRPL39
21,17788967,17819386,54149,C21orf91
3,182938074,182985953,54165,DCUN1D1
9,98056739,98083075,54187,NANS
7,25120091,25125361,54205,CYCS
1,8004404,8026308,54206,ERRFI1
14,88180103,88326907,54207,KCNK10
6,41158506,41163186,54209,TREM2
6,41267926,41286719,54210,TREM1
8,49909789,50794118,54212,SNTG1
2,950868,1367613,54221,SNTG2
7,113078331,113087778,54329,GPR85
14,51826195,51979342,54331,GNG2
8,74321130,74488872,54332,GDAP1
1,155139891,155140595,54344,DPM3
20,64047582,64049641,54345,SOX18
6,167271169,167316019,54346,UNC93A
4,5014586,5019472,54360,CYTL1
1,22117305,22143969,54361,WNT4
20,7882981,7940474,54363,HAO1
16,75647786,75761872,54386,TERF2IP
12,46358189,46372867,54407,SLC38A2
11,124633113,124695707,54414,SIAE
7,141790217,141791367,54429,TAS2R5
2,182716041,182794464,54431,DNAJC10
1,53851719,53889834,54432,YIPF1
4,109815510,109824740,54433,GAR1
12,108778192,108857590,54434,SSH1
4,8182072,8241803,54436,SH3TC1
3,122909193,123028605,54437,SEMA5B
6,13357830,13487662,54438,GFOD1
5,146203600,146289132,54439,RBM27
16,2682475,2709030,54442,KCTD5
7,36389806,36453791,54443,ANLN
20,19886521,20002457,54453,RIN2
2,23748664,23927114,54454,ATAD2B
1,16246839,16352454,54455,FBXO42
22,50089879,50161690,54456,MOV10L1
12,53441605,53446645,54458,PRR13
1,150293720,150308979,54460,MRPS21
9,136940435,136944696,54461,FBXW5
10,84328586,84518521,54462,CCSER2
5,16473038,16617058,54463,RETREG1
3,142306607,142448062,54464,XRN1
2,67397319,67410545,54465,ETAA1
7,92246234,92401384,54467,ANKIB1
7,7566872,7608929,54468,MIOS
15,80059568,80138393,54469,ZFAND6
22,39499432,39518132,54471,MIEF1
11,1274371,1309654,54472,TOLLIP
17,40875941,40885227,54474,KRT20
17,35128753,35142315,54475,NLE1
7,5620047,5781739,54476,RNF216
12,19129752,19376400,54477,PLEKHA5
17,6444415,6451469,54478,PIMREG
7,151232489,151238827,54480,CHPF2
1,100133150,100150497,54482,TRMT13
22,20080232,20111877,54487,DGCR8
4,69280499,69295050,54490,UGT2B28
5,14581775,14615007,54491,FAM105A
5,172641266,172691540,54492,NEURL1B
11,114391443,114400511,54494,C11orf71
18,68673688,68715298,54495,TMX3
16,68310974,68358563,54496,PRMT7
2,36968383,37084342,54497,HEATR5B
20,4120980,4187747,54498,SMOX
1,165724293,165827755,54499,TMCO1
4,40423267,40630875,54502,RBM47
11,19117099,19176422,54503,ZDHHC13
7,28995231,29195451,54504,CPVL
5,55256245,55307722,54505,DHX29
1,150549369,150560937,54507,ADAMTSL4
5,112419583,112420978,54508,EPB41L4A-AS2
12,121777754,121803403,54509,RHOF
4,137518918,137532494,54510,PCDH18
6,55434369,55579214,54511,HMGCLL1
8,144078626,144080647,54512,EXOSC4
5,55738017,55817157,54514,DDX4
6,152987362,153002685,54516,MTRF1L
7,105439661,105522267,54517,PUS7
10,26438203,26567803,54518,APBB1IP
2,117915478,118014133,54520,CCDC93
10,5861617,5889906,54522,ANKRD16
2,189661385,189670831,54529,ASNSD1
19,301444,344815,54531,MIER2
4,119212587,119295517,54532,USP53
9,101387633,101398614,54534,MRPL50
6,31142439,31158238,54535,CCHCR1
10,92834713,93059493,54536,EXOC6
10,87094161,87191468,54537,FAM35A
11,124883691,124898500,54538,ROBO4
5,177519788,177554541,54540,FAM193B
10,72273920,72276036,54541,DDIT4
9,122844556,122905341,54542,RC3H2
7,22812628,22822852,54543,TOMM7
1,152514502,152516010,54544,CRCT1
5,32226994,32313009,54545,MTMR12
1,19814029,19815278,54546,RNF186
17,73334384,73644089,54549,SDK2
16,83968632,84002776,54550,NECAB2
15,23643544,23647841,54551,MAGEL2
4,152536264,152539263,54553,DKFZP434I0714
3,122412332,122416051,54554,WDR5B
19,18919675,18928633,54555,DDX49
7,120950749,120977216,54556,ING3
5,65665928,65723035,54557,SGTB
1,48295372,48472208,54558,SPATA6
9,109171975,109320964,54566,EPB41L4B
15,40929340,40939072,54567,DLL4
2,233636454,233773305,54575,UGT1A10
2,233617645,233773310,54576,UGT1A8
2,233681938,233773299,54577,UGT1A7
2,233691607,233773300,54578,UGT1A6
2,233712992,233773299,54579,UGT1A5
1,231363751,231425044,54583,EGLN1
22,19783224,19854939,54584,GNB1L
3,45823316,45916042,54585,LZTFL1
9,27284659,27297139,54586,EQTN
1,1352689,1361777,54587,MXRA8
1,62194831,62212328,54596,L1TD1
2,233671853,233773300,54600,UGT1A9
13,79481124,79556075,54602,NDFIP2
7,44565417,44575051,54606,DDX56
15,40978880,41116354,54617,INO80
10,96043394,96060870,54619,CCNJ
16,30923055,30948783,54620,FBXL19
12,118063593,118136026,54621,VSIG10
5,53883945,54310582,54622,ARL15
19,39385852,39391195,54623,PAF1
3,122680618,122730840,54625,PARP14
1,6412418,6424670,54626,HES2
1,232804892,232808407,54627,MAP10
15,58771192,58861900,54629,MINDY2
2,233718778,233773299,54657,UGT1A4
2,233760248,233773299,54658,UGT1A1
2,233729108,233773299,54659,UGT1A3
5,141234333,141237529,54660,PCDHB18P
9,128787204,128810432,54662,TBC1D13
11,62832342,62841809,54663,WDR74
7,12211241,12243367,54664,TMEM106B
1,113761832,113812476,54665,RSBN1
7,111091006,111125454,54674,LRRN3
20,6006090,6040053,54675,CRLS1
6,43605316,43629162,54676,GTPBP2
7,87345681,87399795,54677,CROT
1,85649423,85708433,54680,ZNHIT6
3,48989886,49007154,54681,P4HTM
12,12326056,12350541,54682,MANSC1
16,15060022,15094317,54700,RRN3
8,93857807,93926066,54704,PDP1
1,26876133,26890297,54707,GPN2
10,92291163,92353964,54708,5-Mar
8,86553977,86743675,54714,CNGB3
16,6019094,7713338,54715,RBFOX1
3,45755450,45796535,54716,SLC6A20
6,26421391,26432383,54718,BTN2A3P
4,145110838,145180161,54726,OTUD4
4,1402932,1406331,54729,NKX1-1
5,177592158,177596124,54732,TMED9
11,107790991,107928293,54733,SLC35F2
11,107928503,107963482,54734,RAB39A
13,19633681,19673459,54737,MPHOSPH8
2,218981087,218985657,54738,FEV
17,6755447,6775647,54739,XAF1
1,65420587,65436007,54741,LEPROT
8,142700111,142705127,54742,LY6K
7,37683843,37951941,54749,EPDR1
1,15756607,15786594,54751,FBLIM1
17,35121579,35130732,54752,FNDC8
7,6615617,6624290,54753,ZNF853
9,94318196,94328644,54754,NUTM2F
3,57089982,57170306,54756,IL17RD
17,68535113,68601389,54757,FAM20A
16,87696485,87765992,54758,KLHDC4
19,1481428,1490752,54760,PCSK4
3,113828182,113947174,54762,GRAMD1C
3,123968521,123992178,54763,ROPN1
10,124942123,124988189,54764,ZRANB1
11,35662805,35818007,54765,TRIM44
11,111467526,111512354,54766,BTG4
16,70807378,71230722,54768,HYDIN
9,90609832,90643105,54769,DIRAS2
19,55090913,55117559,54776,PPP1R12C
10,132808392,132942823,54777,CFAP46
15,58865175,59097419,54778,RNF111
10,121957088,121975217,54780,NSMCE4A
7,102456238,102464876,54784,ALKBH4
17,8188333,8190907,54785,BORCS6
10,72332830,72355230,54788,DNAJB12
4,105145875,105279816,54790,TET2
8,25427847,25458476,54793,KCTD9
19,49157741,49211836,54795,TRPM4
9,16409503,16870843,54796,BNC2
1,28329002,28335967,54797,MED18
4,154232037,154491716,54798,DCHS2
17,51177425,51260163,54799,MBTD1
3,183635568,183684477,54800,KLHL24
9,19053143,19103119,54801,HAUS6
1,39841022,39883511,54802,TRIT1
10,102918293,103090221,54805,CNNM2
6,135283532,135497776,54806,AHI1
19,57769655,57819939,54807,ZNF586
18,49041474,49461347,54808,DYM
7,93099513,93118023,54809,SAMD9
1,77979542,78138449,54810,GIPC2
19,9641808,9675086,54811,ZNF562
2,64524305,64593005,54812,AFTPH
14,44924319,45042322,54813,KLHL28
19,45692483,45703989,54814,QPCTL
19,19385826,19508931,54815,GATAD2A
15,56630181,56918571,54816,ZNF280D
5,132996985,133026604,54819,ZCCHC10
16,15643267,15726353,54820,NDE1
15,50552473,50686815,54822,TRPM7
1,185157080,185291765,54823,SWT1
5,176542511,176595974,54825,CDHR2
5,103086000,103120151,54826,GIN1
11,114570591,114595762,54827,NXPE4
17,60677453,61392838,54828,BCAS3
9,92456205,92482506,54829,ASPN
19,12751702,12758458,54831,BEST2
15,61852389,62060473,54832,VPS13C
1,117863485,117929630,54834,GDAP2
9,113349541,113371233,54836,BSPRY
10,102743970,102816267,54838,WBP1L
15,70853239,71053657,54839,LRRC49
9,32972606,33025168,54840,APTX
13,102799049,102841535,54841,BIVM
2,190408355,190509205,54842,MFSD6
11,85694224,85811159,54843,SYTL2
8,94641074,94707466,54845,ESRP1
3,113532296,113629578,54847,SIDT1
4,105552620,105708093,54848,ARHGEF38
16,89947925,89968060,54849,DEF8
19,9810267,9827816,54850,FBXL12
11,94493629,94499583,54851,ANKRD49
15,69298947,69407780,54852,PAQR5
5,140664676,140674124,54853,WDR55
19,48600810,48614854,54854,FAM83E
1,117605934,117628372,54855,FAM46C
1,155749662,155859400,54856,GON4L
19,18340587,18369950,54858,PGPEP1
3,47495640,47513761,54859,ELP6
11,60492778,60507430,54860,MS4A12
3,43286512,43424764,54861,SNRK
19,13906201,13930879,54862,CC2D1A
9,137277749,137282641,54863,TOR4A
1,156594487,156601496,54865,GPATCH4
15,40815445,40828709,54866,PPP1R14D
2,27032910,27041695,54867,TMEM214
17,74776483,74839779,54868,TMEM104
19,55072020,55087923,54869,EPS8L1
3,49029707,49094363,54870,QRICH1
4,499210,540196,54872,PIGG
1,99645943,99694541,54873,PALMD
1,93448131,93554661,54874,FNBP1L
9,17134982,17503923,54875,CNTLN
4,17800655,17810758,54876,DCAF16
18,62523007,62587709,54877,ZCCHC2
15,65442463,65517704,54878,DPP8
1,112523518,112620825,54879,ST7L
9,100302077,100352939,54881,TEX10
5,140401814,140539856,54882,ANKHD1
17,38800434,38825481,54883,CWC25
2,85342088,85354620,54884,RETSAT
9,101028709,101325135,54886,PLPPR1
6,34792015,34883138,54887,UHRF1BP1
5,6599239,6633291,54888,NSUN2
17,18183078,18209954,54890,ALKBH5
2,205993721,206086303,54891,INO80D
7,158631311,158704829,54892,NCAPG2
15,30938941,30991607,54893,MTMR10
17,58352500,58417595,54894,RNF43
1,19312326,19329300,54896,PQLC2
1,10636604,10796650,54897,CASZ1
6,10980759,11044314,54898,ELOVL2
3,58332880,58426126,54899,PXK
1,203765176,203776233,54900,LAX1
6,20534457,21232404,54901,CDKAL1
17,15999380,16045015,54902,TTC19
17,58205437,58219605,54903,MKS1
8,38269697,38382272,54904,NSD3
7,983199,989640,54905,CYP2W1
10,5684838,5763740,54906,FAM208B
5,169583634,169604778,54908,SPDL1
2,96859716,96870757,54910,SEMA4C
15,74954416,74957464,54913,RPP25
9,20658309,20995955,54914,FOCAD
20,63195429,63216234,54915,YTHDF1
14,56488354,56650606,54916,TMEM260
3,32481312,32503408,54918,CMTM6
7,726701,786475,54919,DNAAF5
16,67987746,68079320,54920,DUS2
16,69118010,69132584,54921,CHTF8
19,48720587,48740721,54922,RASIP1
20,63736283,63739103,54923,LIME1
16,3382081,3401065,54925,ZSCAN32
9,33817567,33920404,54926,UBE2R2
7,132784868,133082088,54927,CHCHD3
8,56957933,56993844,54928,IMPAD1
19,19119169,19138513,54929,TMEM161A
14,22946228,22957161,54930,HAUS4
3,101561862,101566446,54931,TRMT10C
9,137306896,137423262,54932,EXD3
1,38885807,38941799,54933,RHBDL2
12,48653401,48682238,54934,KANSL2
1,159780932,159782543,54935,DUSP23
1,36088875,36093932,54936,ADPRHL2
13,36168208,36214615,54937,SOHLH2
19,38915266,38930896,54938,SARS2
15,75335891,75343224,54939,COMMD4
4,48805212,48861817,54940,OCIAD1
18,32018372,32073213,54941,RNF125
9,108934181,108950744,54942,FAM206A
21,33485530,33491720,54943,DNAJC28
3,126006355,126101561,54946,SLC41A3
16,55508998,55586670,54947,LPCAT2
11,59806135,59810872,54948,MRPL16
11,61430042,61447529,54949,SDHAF2
4,47450796,47463719,54951,COMMD8
1,28553085,28578545,54952,TRNAU1AP
1,186375838,186421378,54953,C1orf27
1,37681570,37692249,54955,C1orf109
15,65234460,65300618,54956,PARP16
16,72044289,72094431,54957,TXNL4B
19,47045907,47048630,54958,TMEM160
4,70196496,70204576,54959,ODAM
11,67303448,67312607,54961,SSH3
15,66336206,66386746,54962,TIPIN
20,63939829,63956415,54963,UCKL1
1,151047740,151051986,54964,C1orf56
3,196639775,196736007,54965,PIGX
8,73972437,73982783,54968,TMEM70
4,169729465,169757953,54969,HPF1
11,113314529,113383544,54970,TTC12
16,87949244,88077318,54971,BANP
11,60924463,60937159,54972,TMEM132A
1,1311585,1324691,54973,INTS11
5,157731197,157741448,54974,THG1L
20,3753508,3768387,54976,C20orf27
3,39383348,39397351,54977,SLC25A38
2,26764284,26781231,54978,SLC35F6
11,63552770,63563383,54979,HRASLS2
2,70149880,70248615,54980,C2orf42
9,75060573,75088217,54981,NMRK1
15,68206992,68257211,54982,CLN6
8,10764963,10839884,54984,PINX1
16,3022620,3024286,54985,HCFC1R1
3,41246599,41962430,54986,ULK4
1,53214099,53220617,54987,C1orf123
16,20409534,20441336,54988,ACSM5
15,34978341,34988287,54989,ZNF770
1,1081818,1116361,54991,C1orf159
15,84600986,84627796,54993,ZSCAN2
20,62938119,62948475,54994,GID8
3,25782917,25794534,54995,OXSM
1,220748225,220784815,54996,2-Mar
12,117038923,117099479,54997,TESC
1,1373730,1375495,54998,AURKAIP1
1,54779712,54801267,55001,TTC22
13,113490995,113554590,55002,TMCO3
6,10694695,10709782,55003,PAK1IP1
11,72085895,72103387,55004,LAMTOR1
6,151404763,151452181,55005,RMND1
2,28849821,28870301,55006,TRMT61B
22,45308968,45341955,55007,FAM118A
4,88378739,88443111,55008,HERC6
19,1275438,1279249,55009,C19orf24
12,102120185,102197520,55010,PARPBP
19,49446298,49453497,55011,PIH1D1
14,35085467,35122517,55012,PPP2R3C
4,109560205,109688726,55013,MCUB
9,99906633,99970341,55014,STX17
14,45084099,45116282,55015,PRPF39
4,163524298,164384050,55016,1-Mar
14,23094765,23100462,55017,C14orf119
22,46267961,46294008,55020,TTC38
2,228850526,229271285,55022,PID1
6,78935867,79078236,55023,PHIP
4,101411286,102074812,55024,BANK1
16,50065941,50106387,55027,HEATR3
17,73232233,73248947,55028,C17orf80
14,55271303,55361918,55030,FBXO34
11,11841423,11959323,55031,USP47
3,112561709,112585577,55032,SLC35A5
7,30010587,30026684,55033,FKBP14
18,36187519,36272157,55034,MOCOS
9,92297358,92325636,55035,NOL8
17,80036632,80100613,55036,CCDC40
2,86106182,86142157,55037,PTCD3
14,105009573,105021148,55038,CDCA4
8,124450820,124462150,55039,TRMT12
17,50532543,50543750,55040,EPN3
2,131104847,131353709,55041,PLEKHB2
11,61130256,61161617,55048,VPS37C
19,18588685,18592336,55049,C19orf60
14,90267856,90332137,55051,NRDE2
1,1401908,1407313,55052,MRPL20
2,233210051,233295674,55054,ATG16L1
15,66504959,66550128,55055,ZWILCH
15,50275392,50355408,55056,GABPB1
1,26321859,26360052,55057,CRYBG2
1,223220819,223364202,55061,SUSD4
17,68420948,68457513,55062,WIPI1
7,100400826,100428992,55063,ZCWPW1
9,4553386,4666674,55064,SPATA6L
17,5032600,5052009,55065,SLC52A1
16,70113626,70162537,55066,PDPR
13,43213518,43786908,55068,ENOX1
7,66921225,66958551,55069,TMEM248
15,88494440,88546675,55070,DET1
9,74946581,74952886,55071,C9orf40
14,24146683,24160661,55072,RNF31
8,106359476,106752694,55074,OXR1
15,70654554,70763593,55075,UACA
3,100492619,100577444,55076,TMEM45A
3,62369681,62374324,55079,FEZF2
12,6451690,6466517,55080,TAPBPL
3,108160812,108222570,55081,IFT57
13,106541673,106568164,55082,ARGLU1
1,245154985,245709431,55083,KIF26B
6,107489958,107660167,55084,SOBP
10,114120862,114174220,55088,CCDC186
12,46764761,46832408,55089,SLC38A4
17,17476986,17493226,55090,MED9
1,15152532,15220480,55092,TMEM51
8,123416725,123467230,55093,WDYHV1
19,33080880,33130542,55094,GPATCH1
19,39342396,39385710,55095,SAMD4B
3,73061659,73063337,55096,EBLN2
5,37379212,37753435,55100,WDR70
19,41431318,41440717,55101,ATP5SL
14,96279202,96363870,55102,ATG2B
1,178725147,178921841,55103,RALGPS2
1,217426992,217631082,55105,GPATCH2
17,35411060,35433283,55106,SLFN12
11,70078302,70189528,55107,ANO1
1,32365103,32394731,55108,BSDC1
5,77029251,77065234,55109,AGGF1
12,10604190,10613623,55110,MAGOHB
19,2230084,2237704,55111,PLEKHJ1
7,158856578,158956747,55112,WDR60
1,27959462,27968096,55113,XKR8
16,24919385,25015666,55114,ARHGAP17
1,32072031,32102866,55116,TMEM39B
12,84859488,84913615,55117,SLC6A15
10,97865000,98030828,55118,CRTAC1
1,108692323,108701803,55119,PRPF38B
2,58159243,58241372,55120,FANCL
6,87675072,87702209,55122,AKIRIN2
8,22275297,22357563,55124,PIWIL2
18,12991362,13125052,55125,CEP192
1,236549005,236604504,55127,HEATR1
11,4598672,4608259,55128,TRIM68
3,43354859,43691594,55129,ANO10
10,27812164,27999048,55130,ARMC4
7,128297685,128343908,55131,RBM28
4,128061268,128222931,55132,LARP1B
2,45388680,45612165,55133,SRBD1
17,7686071,7703502,55135,WRAP53
2,163593396,163736012,55137,FIGN
12,8221260,8227618,55138,FAM90A1
2,219229757,219236669,55139,ANKZF1
8,28089673,28191156,55140,ELP3
15,42548810,42569994,55142,HAUS2
1,37692418,37709719,55143,CDCA8
1,89821014,89936611,55144,LRRC8D
8,42836674,42843325,55145,THAP1
7,6577434,6589374,55146,ZDHHC4
14,22893206,22919184,55147,RBM23
14,93207056,93229215,55148,UBR7
10,30309801,30374448,55149,MTPAP
19,49118397,49119140,55150,C19orf73
9,105694544,105776612,55151,TMEM38B
3,49015488,49022293,55152,DALRD3
4,75940950,75990962,55153,SDAD1
1,155610205,155614967,55154,MSTO1
8,65602456,65634217,55156,ARMC1
1,173824503,173858546,55157,DARS2
16,74621394,74666881,55159,RFWD3
1,17539835,17697874,55160,ARHGEF10L
4,41935120,41960572,55161,TMEM33
17,47941506,47948288,55163,PNPO
3,72749277,72861914,55164,SHQ1
10,93496632,93529092,55165,CEP55
6,49463378,49493107,55166,CENPQ
3,136148922,136197241,55167,MSL2
6,43671303,43687791,55168,MRPS18A
1,107056679,107059294,55170,PRMT6
3,186546073,186570543,55171,TBCCD1
14,49625174,49635230,55172,DNAAF2
6,42206801,42217865,55173,MRPS10
8,19817140,19852083,55174,INTS10
17,41853545,41865431,55175,KLHL11
10,12129637,12169961,55176,SEC61A2
15,40735884,40755851,55177,RMDN3
17,782273,792509,55178,MRM3
3,138608606,138633376,55179,FAIM
15,100559369,100603230,55180,LINS1
17,59209400,59215247,55181,SMG8
1,44405194,44651724,55182,RNF220
2,151409883,151508013,55183,RIF1
20,18383367,18467281,55184,DZANK1
3,140941830,140979933,55186,SLC25A36
1,12230067,12512047,55187,VPS13D
12,106774595,106889316,55188,RIC8B
11,71453109,71524107,55191,NADSYN1
15,40765155,40807478,55192,DNAJC17
3,52545352,52685917,55193,PBRM1
1,36322031,36324154,55194,EVA1B
14,57469301,57493867,55195,C14orf105
12,31959370,31993107,55196,KIAA1551
18,35984387,36067576,55197,RPRD1A
12,105173296,105236238,55198,APPL2
11,71787510,71801236,55199,FAM86C1
12,6310436,6328506,55200,PLEKHG6
19,17719242,17734516,55201,MAP1S
4,24998847,25030879,55203,LGI2
1,150646225,150697144,55204,GOLPH3L
18,58862600,58986480,55205,ZNF532
12,123289109,123364843,55206,SBNO1
3,5122220,5180912,55207,ARL8B
13,113455819,113490952,55208,DCUN1D2
3,9397615,9479240,55209,SETD5
1,1512151,1534687,55210,ATAD3A
3,109326141,109337572,55211,DPPA4
4,121824440,121870497,55212,BBS7
13,49531946,49585583,55213,RCBTB1
3,189956728,190122437,55214,P3H2
15,89243949,89317261,55215,FANCI
11,112074086,112085150,55216,C11orf57
14,69191511,69244020,55218,EXD2
1,25430858,25500209,55219,TMEM57
1,205336065,205357090,55220,KLHDC8A
10,70298970,70382650,55222,LRRC20
1,33145402,33182059,55223,TRIM62
1,204131062,204152003,55224,ETNK2
1,64745095,64833232,55225,RAVER2
11,34105602,34147670,55226,NAT10
6,53794497,53924121,55227,LRRC1
19,46466491,46471563,55228,PNMA8A
1,2508533,2526628,55229,PANK4
2,233475520,233566782,55230,USP40
11,66590176,66593083,55231,CCDC87
2,74152528,74178898,55233,MOB1A
9,33041764,33076659,55234,SMU1
4,67612652,67701179,55236,UBA6
14,74303069,74360008,55237,VRTN
16,58665109,58685104,55238,SLC38A7
16,56451490,56479100,55239,OGFOD1
2,119223831,119265652,55240,STEAP3
1,157993273,158100262,55243,KIRREL
17,19495385,19579034,55244,SLC47A1
20,35302566,35412141,55245,UQCC1
8,27733311,27772653,55246,CCDC25
4,177309836,177362943,55247,NEIL3
1,212363931,212414901,55248,TMEM206
1,155659443,155689000,55249,YY1AP1
18,36129444,36180556,55250,ELP2
20,64255695,64287821,55251,PCMTD2
2,25733753,25878516,55252,ASXL2
7,66995173,67239519,55253,TYW1
3,119429500,119468830,55254,TMEM39A
5,77425970,77620611,55255,WDR41
2,3497361,3519736,55256,ADI1
20,62796453,62801738,55257,MRGBP
2,88170295,88186636,55258,THNSL2
12,25108420,25195162,55259,CASC1
19,48332356,48364237,55260,TMEM143
7,100154420,100158715,55262,C7orf43
12,71686087,71705046,55266,TMEM19
22,46049478,46054144,55267,PRR34
1,52895910,52927212,55268,ECHDC2
13,19674752,19783019,55269,PSPC1
13,48037567,48047222,55270,NUDT15
15,75639085,75648706,55272,IMP3
17,55719627,55732121,55273,TMEM100
6,169703905,169725566,55274,PHF10
17,508668,721717,55275,VPS53
4,37826633,37862937,55276,PGM2
1,59296638,59810647,55277,FGGY
6,106629578,106668417,55278,QRSL1
3,88059274,88144665,55279,ZNF654
10,100232298,100267680,55280,CWF19L1
7,135148072,135166215,55281,TMEM140
16,67326798,67385203,55282,LRRC36
1,85018082,85048499,55283,MCOLN3
8,73780097,73878910,55284,UBE2W
4,37453941,37623495,55286,C4orf19
3,12733525,12769457,55287,TMEM40
17,32142454,32253374,55288,RHOT1
2,110732573,111118222,55289,ACOXL
8,37843268,37849904,55290,BRF2
11,68460731,68615334,55291,PPP6R3
11,18529609,18588747,55293,UEVLD
4,152321259,152536101,55294,FBXW7
19,18636965,18671714,55295,KLHL26
4,26576437,26755351,55296,TBC1D19
12,28133249,28581511,55297,CCDC91
11,71928701,71997597,55298,RNF121
5,34915376,34925996,55299,BRIX1
4,25160663,25277306,55300,AC104662.2
10,15032227,15073852,55301,OLAH
7,150567277,150573955,55303,GIMAP4
20,13008979,13169103,55304,SPTLC3
16,70346829,70373383,55308,DDX19A
19,56132599,56160893,55311,ZNF444
9,76385517,76394517,55312,RFK
16,12659799,12804017,55313,CPPED1
4,158201604,158255411,55314,TMEM144
10,71319258,71363385,55315,SLC29A3
17,50478800,50485975,55316,RSAD1
20,3820524,3828837,55317,AP5S1
4,163494442,163520539,55319,TMA16
14,45203190,45253540,55320,MIS18BP1
20,1180561,1185415,55321,TMEM74B
5,31532266,31555058,55322,C5orf22
15,70829130,70854159,55323,LARP6
3,184186023,184194012,55324,ABCF3
4,185399540,185425985,55325,UFSP2
8,6708357,6759666,55326,AGPAT5
11,27494576,27506773,55327,LIN7C
10,88273864,88584530,55328,RNLS
15,56421544,56465137,55329,MNS1
4,6716055,6717671,55330,BLOC1S4
11,76860867,77026797,55331,ACER3
12,101877351,102012130,55332,DRAM1
14,70366496,70417061,55333,SYNJ2BP
14,69398015,69462388,55334,SLC39A9
9,104764157,104777457,55335,NIPSNAP3B
16,67159931,67164570,55336,FBXL8
19,10086122,10093252,55337,C19orf66
2,127701022,127811187,55339,WDR33
7,150722253,150750033,55340,GIMAP5
3,194640788,194672477,55341,LSG1
9,123109500,123268576,55342,STRBP
11,45804072,45813015,55343,SLC35C1
4,112539333,112636995,55345,ZGRF1
11,33039417,33105943,55346,TCP11L1
3,111979010,111993363,55347,ABHD10
3,53812335,53846390,55349,CHDH
6,132722787,132734765,55350,VNN3
4,5051442,5500998,55351,STK32B
17,31851864,31859337,55352,COPRS
8,97775057,97853013,55353,LAPTM4B
2,233833416,233854566,55355,HJURP
1,115976498,116070054,55356,SLC22A15
9,98198999,98255721,55357,TBC1D2
12,10618939,10674318,55359,STYK1
10,97640686,97676434,55361,PI4K2A
6,44126914,44155519,55362,TMEM63B
9,97926791,97944856,55363,HEMGN
18,24426616,24453535,55364,IMPACT
7,150800403,150805120,55365,TMEM176A
11,27365961,27472775,55366,LGR4
11,799179,809753,55367,PIDD1
5,140639427,140645408,55374,TMCO6
17,50375059,50397553,55379,LRRC59
14,100779410,100861031,55384,MEG3
10,13161554,13211104,55388,MCM10
17,3802165,3846251,55421,NCBP3
19,53520981,53580269,55422,ZNF331
20,1629152,1657779,55423,SIRPG
13,44989529,45037669,55425,GPALPP1
1,207043849,207052980,55432,YOD1
4,112231737,112270047,55435,AP1AR
2,201387858,201480846,55437,STRADB
14,23938731,23988839,55449,DHRS4-AS1
1,20482391,20486220,55450,CAMK2N1
10,43138486,43185308,55454,CSGALNACT2
15,78264086,78282196,55466,DNAJA4
2,37231631,37253403,55471,NDUFAF7
8,93740121,93740773,55472,RBM12B-AS1
3,183829271,183884933,55486,PARL
12,22625075,22690665,55500,ETNK1
7,2403560,2448483,55501,CHST12
2,238238267,238240662,55502,HES6
7,142871203,142885762,55503,TRPV6
13,23570370,23676104,55504,TNFRSF19
15,34341713,34343177,55505,NOP10
10,70052796,70112280,55506,H2AFY2
12,12940775,12952147,55507,GPRC5D
12,68746106,68793964,55508,SLC35E3
1,212686418,212699985,55509,BATF3
6,73394748,73417569,55510,DDX43
16,68358325,68448688,55512,SMPD3
2,219514170,219538772,55515,ASIC4
18,50967991,50988121,55520,ELAC1
5,115124762,115180546,55521,TRIM36
10,12068972,12123225,55526,DHTKD1
19,4791681,4801273,55527,FEM1A
8,90993796,91041064,55529,TMEM55A
12,108907741,109021240,55530,SVOP
11,107591091,107666779,55531,ELMOD1
1,219685427,219958647,55532,SLC30A10
4,139716753,140154184,55534,MAML3
7,21900900,21946084,55536,CDCA7L
11,2870033,2872105,55539,KCNQ1DN
3,53846580,53865800,55540,IL17RB
20,57391407,57409333,55544,RBM38
19,11721265,11739009,55552,ZNF823
11,15966449,16739591,55553,SOX6
19,50825289,50837213,55554,KLK15
18,670324,712676,55556,ENOSF1
11,64823387,64844569,55561,CDC42BPG
16,71859680,71895336,55565,ZNF821
16,20933111,21159441,55567,DNAH3
5,154190730,154420984,55568,GALNT10
2,101252802,101270316,55571,CNOT11
11,126269055,126278131,55572,FOXRED1
3,133573730,133590261,55573,CDV3
12,103587273,103766727,55576,STAB2
2,71064344,71079805,55577,NAGK
13,37009312,37059713,55578,SUPT20H
9,83836698,83921465,55582,KIF27
4,40335329,40355217,55584,CHRNA9
1,154548577,154559028,55585,UBE2Q1
22,50486784,50490648,55586,MIOX
19,39391303,39400637,55588,MED29
4,78776342,78916372,55589,BMP2K
12,95217746,95302790,55591,VEZT
12,100156357,100173659,55592,GOLGA2P5
12,122471600,122501073,55596,ZCCHC8
1,103525691,103555239,55599,RNPC3
1,160876539,160885170,55600,ITLN1
4,168216293,168318807,55601,DDX60
4,183444591,183448198,55602,CDKN2AIP
6,81491439,81752774,55603,FAM46A
6,25279078,25620530,55604,CARMIL1
12,39293228,39443390,55605,KIF21A
7,94907202,95296415,55607,PPP1R9A
13,110878540,110915069,55608,ANKRD10
7,93232340,93361121,55610,VPS50
11,63985853,64001811,55611,OTUB1
20,6074845,6123544,55612,FERMT1
20,16272104,16573434,55614,KIF16B
22,44668547,44737681,55615,PRR5
1,23428563,23484568,55616,ASAP3
20,13389392,13638940,55617,TASP1
2,224765090,225042445,55619,DOCK10
19,4324043,4342786,55620,STAP2
19,13104902,13117567,55621,TRMT1
2,32628032,32821051,55622,TTC27
16,20702816,20742084,55623,THUMPD1
1,46188682,46220305,55624,POMGNT1
16,84974181,85011535,55625,ZDHHC7
11,46396414,46594125,55626,AMBRA1
2,130151392,130182750,55627,SMPD4
18,74597870,75065671,55628,ZNF407
1,23959109,23963462,55629,PNRC2
8,144409742,144416895,55630,SLC39A4
1,70144805,70205620,55631,LRRC40
14,30559123,30620063,55632,G2E3
6,37257772,37332970,55633,TBC1D22B
1,68474152,68497221,55635,DEPDC1
8,60678778,60868028,55636,CHD7
8,109573978,109691791,55638,SYBU
14,75578617,75663214,55640,FLVCR2
19,1985438,2034881,55643,BTBD2
14,20446411,20455105,55644,OSGEP
4,4267701,4290169,55646,LYAR
13,110523066,110561733,55647,RAB20
1,26787472,26798398,55650,PIGV
5,178149460,178153967,55651,NHP2
12,47753916,47782753,55652,SLC48A1
20,50794894,50882676,55653,BCAS4
2,96248516,96265994,55654,TMEM127
19,54953130,55001142,55655,NLRP2
8,94813311,94881746,55656,INTS8
1,248850006,248859144,55657,ZNF692
19,647526,663277,55658,RNF126
19,57571566,57578927,55659,ZNF416
2,152651593,152717997,55660,PRPF40A
20,49219295,49244077,55661,DDX27
10,100529072,100559998,55662,HIF1AN
19,58474017,58481230,55663,ZNF446
9,4679559,4708398,55664,CDC37L1
7,43875894,43926411,55665,URGCP
17,81556887,81648465,55666,NPLOC4
9,19230435,19373545,55667,DENND4C
14,76151916,76254342,55668,GPATCH2L
3,179347692,179394931,55669,MFN1
22,18077920,18131138,55670,PEX26
14,91457611,91510554,55671,PPP4R3A
2,32165841,32224379,55676,SLC30A6
2,127436207,127526886,55677,IWS1
2,127638381,127681786,55679,LIMS2
10,68341107,68407294,55680,RUFY2
12,100267140,100341724,55681,SCYL2
2,96593170,96642787,55683,KANSL3
9,136807943,136841187,55684,RABL6
2,215942805,216034096,55686,MREG
22,46330875,46357340,55687,TRMU
3,183697818,183812625,55689,YEATS2
11,66070363,66244747,55690,PACS1
10,13643706,14462142,55691,FRMD4A
16,188969,229463,55692,LUC7L
11,94973681,94999518,55693,KDM4D
7,73302517,73308867,55695,NSUN5
5,150690794,150701107,55696,RBM22
16,70687439,70801161,55697,VAC14
7,4797055,4883719,55698,RADIL
1,220094102,220148041,55699,IARS2
1,36155579,36180849,55700,MAP7D1
14,21070270,21090240,55701,ARHGEF40
19,4247079,4269090,55702,CCDC94
12,106357658,106510198,55703,POLR3B
2,55287842,55419921,55704,CCDC88A
1,201829141,201884294,55705,IPO9
1,53765460,53838860,55706,NDC1
1,16440672,16460078,55707,NECAP2
11,47572197,47579015,55709,KBTBD4
12,29149103,29340980,55711,FAR2
20,46499630,46513559,55713,ZNF334
4,182143987,182803024,55714,TENM3
16,57471922,57487327,55715,DOK4
12,49096551,49110900,55716,LMBR1L
10,120851175,120909524,55717,WDR11
16,22297375,22335103,55718,POLR3E
10,100912569,100965136,55719,SLF2
17,2322503,2337507,55720,TSR1
1,32205661,32208687,55721,IQCC
5,612272,667168,55722,CEP72
19,14119509,14136956,55723,ASF1B
12,26905181,26938326,55726,INTS13
14,93237550,93333092,55727,BTBD7
4,40056826,40158252,55728,N4BP2
12,14365632,14502935,55729,ATF7IP
17,28755978,28855232,55731,FAM222B
1,169662007,169854080,55732,C1orf112
1,210328252,210676296,55733,HHAT
20,52051663,52204308,55734,ZFP64
1,6634168,6701924,55735,DNAJC11
16,46656132,46689518,55737,VPS35
20,63272785,63289793,55738,ARFGAP1
13,110615460,110639993,55739,NAXD
1,225486835,225653142,55740,ENAH
20,35115357,35147364,55741,EDEM2
11,12377185,12530801,55742,PARVA
12,132822187,132956304,55743,CHFR
7,43608456,43729717,55744,COA1
14,57268909,57298742,55745,AP5M1
1,229440260,229508341,55746,NUP133
18,74495816,74523454,55748,CNDP2
10,68721012,68792377,55749,CCAR1
7,141551189,141655244,55750,AGK
4,147617383,147672044,55751,TMEM184C
4,76949703,77040384,55752,11-Sep
10,49734643,49762379,55753,OGDHL
6,75252924,75284968,55754,TMEM30A
9,120388869,120580170,55755,CDK5RAP2
8,28767661,28890242,55756,INTS9
13,95801580,96053482,55757,UGGT2
1,211258377,211316385,55758,RCOR3
2,202874782,203014798,55759,WDR12
10,125836337,125896436,55760,DHX32
11,43358932,43494933,55761,TTC17
19,52555457,52587174,55762,ZNF701
4,55853616,55905034,55763,EXOC1
3,129440036,129520507,55764,IFT122
1,200891048,200915735,55765,C1orf106
3,25718944,25790039,55768,NGLY1
19,52594060,52690496,55769,ZNF83
6,485133,693111,55770,EXOC2
17,59155499,59204705,55771,PRR11
3,100261000,100325251,55773,TBC1D23
14,89954939,90044768,55775,TDP1
6,39104064,39115189,55776,SAYSD1
2,148021011,148516971,55777,MBD5
14,102317377,102342702,55778,ZNF839
3,113286947,113441610,55779,CFAP44
6,169751622,169781584,55780,ERMARD
5,97160867,97183260,55781,RIOK2
16,71281389,71289715,55783,CMTR2
15,94231538,94483952,55784,MCTP2
12,95076749,95217482,55785,FGD6
19,53107879,53133077,55786,ZNF415
6,69675802,69797111,55788,LMBRD1
5,60596912,60700190,55789,DEPDC1B
8,19404161,19758029,55790,CSGALNACT1
1,110947185,110964079,55791,LRIF1
1,150996086,151008375,55793,MINDY1
16,68021274,68023442,55794,DDX28
13,113177539,113208715,55795,PCID2
7,128476729,128506602,55798,METTL2B
3,54122547,55074557,55799,CACNA2D3
11,123629187,123655244,55800,SCN3B
12,68201351,68225821,55801,IL26
3,53283428,53347610,55802,DCP1A
17,30906344,30959322,55803,ADAP2
4,185363879,185395899,55805,LRP2BP
8,22114415,22133384,55806,HR
17,76624761,76643838,55808,ST6GALNAC1
6,42224931,42452051,55809,TRERF1
12,8032703,8055503,55810,FOXJ2
1,167809388,167914215,55811,ADCY10
14,88384924,88470350,55812,SPATA7
17,31860899,31901765,55813,UTP6
5,71455615,71567820,55814,BDP1
16,67806765,67832148,55815,TSNAXIP1
20,54475597,54651171,55816,DOK5
2,86440647,86492716,55818,KDM3A
5,179911651,180072118,55819,RNF130
2,3658195,3702671,55821,ALLC
11,119067692,119081978,55823,VPS11
8,80967810,81112068,55824,PAG1
2,215996329,216082955,55825,PECR
1,167935783,168075843,55827,DCAF6
15,101270817,101277500,55829,SELENOS
3,52694488,52706032,55830,GLT8D1
3,9962537,10011116,55831,EMC3
12,67269281,67319951,55832,CAND1
9,33921693,34048949,55833,UBAP2
13,24882284,24922889,55835,CENPJ
14,34515929,34539711,55837,EAPP
16,81006498,81033114,55839,CENPN
3,121835183,121886526,55840,EAF2
2,143091362,143768352,55843,ARHGAP15
10,131900644,131959834,55844,PPP2R2D
3,10115592,10127190,55845,BRK1
12,2812622,2859791,55846,ITFG2
10,58269058,58289586,55847,CISD1
9,5357973,5437878,55848,PLGRKT
19,17215346,17219829,55850,USE1
19,35745114,35747519,55851,PSENEN
17,64147227,64263301,55852,TEX2
10,1022666,1044201,55853,IDI2-AS1
2,186486156,186509363,55854,ZC3H15
6,24667035,24705065,55856,ACOT13
20,21125983,21246622,55857,KIZ
4,55395957,55453397,55858,TMEM165
14,58200080,58235636,55860,ACTR10
20,45406057,45410610,55861,DBNDD2
6,127288710,127343609,55862,ECHDC1
11,85628573,85636539,55863,TMEM126B
11,64555626,64572875,55867,SLC22A11
1,155335268,155562807,55870,ASH1L
9,121038,179147,55871,CBWD1
8,27809620,27838095,55872,PBK
17,39904595,39919854,55876,GSDMB
12,118032694,118062430,55884,WSB2
12,16548373,16610594,55885,LMO3
3,44555193,44594173,55888,ZKSCAN7
15,72654738,72666394,55889,GOLGA6B
17,74424851,74451653,55890,GPRC5C
1,154993586,154994315,55891,LENEP
3,169772831,169789716,55892,MYNN
8,28345585,28402701,55893,ZNF395
8,7428888,7430348,55894,DEFB103B
15,89748661,89751310,55897,MESP1
15,90930180,90954093,55898,UNC45A
19,34677639,34686397,55900,ZNF302
13,52377167,52406494,55901,THSD1
20,34872146,34927962,55902,ACSS2
7,105014179,105114361,55904,KMT2E
20,49936336,49953892,55905,RNF114
12,22046174,22065674,55907,CMAS
19,11237450,11241943,55908,ANGPTL8
8,22620418,22669148,55909,BIN3
16,28494649,28498970,55911,APOBR
5,65926475,66082549,55914,ERBIN
7,55365448,55433742,55915,LANCL2
1,112396181,112463456,55917,CTTNBP2NL
1,17406760,17439724,55920,RCC2
1,111680630,111755824,55924,FAM212B
1,44213455,44220681,55929,DMAP1
15,52192322,52295798,55930,MYO5C
6,31652416,31658210,55937,APOM
22,29730956,29767011,55954,ZMAT5
19,35748361,35754519,55957,LIN37
9,21329671,21335380,55958,KLHL9
20,47656348,47786616,55959,SULF2
22,41976272,41998221,55964,3-Sep
1,4654732,4792534,55966,AJAP1
12,94897055,95003770,55967,NDUFA12
20,1442162,1473842,55968,NSFL1C
20,36605734,36612557,55969,C20orf24
1,67701466,67833467,55970,GNG12
7,98291651,98401068,55971,BAIAP2L1
7,87833568,87876357,55972,SLC25A40
7,107579977,107629170,55973,BCAP29
1,155135344,155138857,55974,SLC50A1
7,23105758,23177914,55975,KLHL7
2,130592168,130599575,55997,CFC1
19,4641374,4670370,56005,MYDGF
19,43727992,43754990,56006,SMG9
9,93951622,93955372,56033,BARX1
4,156760454,156971394,56034,PDGFC
16,5033960,5087379,56052,ALG1
16,23557362,23574389,56061,UBFD1
1,32214472,32222359,56063,TMEM234
5,141489121,141512979,56097,PCDHGC5
5,141484997,141512979,56098,PCDHGC4
5,141417645,141512979,56099,PCDHGB7
5,141408021,141512979,56100,PCDHGB6
5,141397987,141512979,56101,PCDHGB5
5,141370264,141512979,56102,PCDHGB3
5,141360042,141512979,56103,PCDHGB2
5,141350102,141512979,56104,PCDHGB1
5,141421047,141512979,56105,PCDHGA11
5,141412987,141512979,56106,PCDHGA10
5,141402932,141512979,56107,PCDHGA9
5,141382739,141512979,56108,PCDHGA7
5,141373914,141512979,56109,PCDHGA6
5,141364232,141512979,56110,PCDHGA5
5,141355025,141512979,56111,PCDHGA4
5,141343829,141512979,56112,PCDHGA3
5,141338760,141512979,56113,PCDHGA2
5,141330571,141512981,56114,PCDHGA1
5,141426286,141429158,56120,PCDHGB8P
5,141245349,141249365,56121,PCDHB15
5,141222932,141227759,56122,PCDHB14
5,141213919,141218979,56123,PCDHB13
5,141208697,141212571,56124,PCDHB12
5,141199582,141203779,56125,PCDHB11
5,141192353,141195642,56126,PCDHB10
5,141187127,141191541,56127,PCDHB9
5,141177790,141180529,56128,PCDHB8
5,141172619,141176383,56129,PCDHB7
5,141150022,141153287,56130,PCDHB6
5,141121799,141125623,56131,PCDHB4
5,141100473,141103827,56132,PCDHB3
5,140966235,141012344,56134,PCDHAC2
5,140926369,141012344,56135,PCDHAC1
5,140882208,141012344,56136,PCDHA13
5,140875302,141012344,56137,PCDHA12
5,140868183,141012344,56138,PCDHA11
5,140855883,141012344,56139,PCDHA10
5,140841187,141012344,56140,PCDHA8
5,140834248,141012344,56141,PCDHA7
5,140827958,141012344,56142,PCDHA6
5,140821604,141012344,56143,PCDHA5
5,140806929,141012344,56144,PCDHA4
5,140801028,141012344,56145,PCDHA3
5,140794852,141012344,56146,PCDHA2
5,140786136,141012347,56147,PCDHA1
8,30831544,30890606,56154,TEX15
17,58556678,58692055,56155,TEX14
11,112167372,112172559,56158,TEX12
15,29264992,29269829,56160,NSMCE3
13,24764152,24879921,56163,RNF17
7,23710167,23832513,56164,STK31
10,114179270,114232304,56165,TDRD1
8,129748196,129786888,56169,GSDMC
2,195737703,196068812,56171,DNAH7
5,14704804,14871778,56172,ANKH
1,25818640,25832942,56181,MTFR1L
3,69106872,69123032,56203,LMOD3
15,52581317,52709817,56204,FAM214A
22,24181259,24189110,56241,SUSD2
19,19865886,19894674,56242,ZNF253
10,23694746,24547848,56243,KIAA1217
6,32393963,32407128,56244,BTNL2
21,32793564,32813743,56245,C21orf62
21,32291813,32314784,56246,MRAP
14,74763366,74859435,56252,YLPM1
11,122838500,122872639,56253,CRTAM
9,101533851,101563344,56254,RNF20
20,7977348,8019829,56255,TMX4
1,210232799,210246631,56256,SERTAD4
7,100428790,100434126,56257,MEPCE
20,37693955,37872129,56259,CTNNBL1
8,66667615,66685564,56260,C8orf44
20,5544404,5611026,56261,GPCPD1
9,128882112,128918039,56262,LRRC8A
20,2794069,2800637,56265,CPXM1
1,88935773,88992953,56267,KYAT3
19,43716010,43720021,56269,IRGC
17,82614562,82648553,56270,WDR45B
2,68974573,68980974,56287,GKN1
10,34109560,34815325,56288,PARD3
2,112973203,112985665,56300,IL36G
19,33208664,33225850,56301,SLC7A10
7,142908101,142933808,56302,TRPV5
7,118214669,118496171,56311,ANKRD7
14,21498133,21511375,56339,METTL3
12,3381349,3593973,56341,PRMT8
19,10106289,10111634,56342,PPAN
19,48029953,48044053,56344,CABP5
14,24305734,24312053,56413,LTB4R2
2,153477338,153478808,56475,RPRM
5,43376645,43412391,56477,CCL28
22,31436977,31496108,56478,EIF4ENIF1
6,72621792,73198851,56479,KCNQ5
10,67796665,67838166,56521,DNAJC12
11,4704927,4992429,56547,MMP26
2,72129238,72148038,56603,CYP26B1
1,236215555,236281985,56605,ERO1B
4,9771153,10054936,56606,SLC2A9
12,122207662,122227534,56616,DIABLO
9,136428619,136439823,56623,INPP5E
10,50182778,50248610,56624,ASAH2
10,125823546,125853695,56647,BCCIP
3,170888415,170908693,56648,EIF5A2
11,118077012,118121890,56649,TMPRSS4
3,98497912,98523066,56650,CLDND1
10,100987367,100994401,56652,TWNK
9,137039470,137046203,56654,NPDC1
2,74958492,74970128,56655,POLE4
9,35957108,35958154,56656,OR2S2
6,30326479,30343729,56658,TRIM39
14,90061765,90185857,56659,KCNK13
2,47516581,47570939,56660,KCNK12
5,140726158,140726246,56662,VTRNA1-3
5,140718925,140719013,56663,VTRNA1-2
5,140711275,140711373,56664,VTRNA1-1
22,50170731,50180294,56666,PANX2
3,124905442,124953819,56667,MUC13
3,151873643,151884619,56670,SUCNR1
11,8911139,8920084,56672,AKIP1
11,8920076,8933006,56673,C11orf16
11,8947294,8965011,56674,TMEM9B
11,8980576,9004049,56675,NRIP3
11,8937579,8938211,56676,ASCL3
10,70147289,70170523,56681,SAR1A
21,32592079,32612866,56683,C21orf59
8,74234700,74321328,56704,JPH1
19,7669044,7670454,56729,RETN
20,63739861,63743505,56731,SLC2A4RG
9,132582185,132590266,56751,BARHL1
1,240014348,240475189,56776,FMN2
7,139043520,139109719,56829,ZC3HAV1
9,27524314,27526498,56832,IFNK
1,159826750,159837249,56833,SLAMF8
11,64270062,64289500,56834,GPR137
19,48619291,48630717,56848,SPHK2
15,34084017,34101948,56851,EMC7
3,8775402,8963773,56852,RAD18
18,37243047,37566037,56853,CELF4
1,151050971,151070325,56882,CDC42SE1
4,161383897,162164035,56884,FSTL5
2,128091200,128195677,56886,UGGT1
2,84971093,85059472,56888,KCMF1
10,96518109,96587452,56889,TM9SF3
12,68272443,68332381,56890,MDM1
19,39704306,39709444,56891,LGALS14
8,40153455,40155308,56892,C8orf4
1,156035301,156053794,56893,UBQLN4
21,43865186,43986536,56894,AGPAT3
6,161129979,161274061,56895,AGPAT4
2,26847747,26950351,56896,DPYSL5
6,2765414,2786952,56897,WRNIP1
4,103079435,103099883,56898,BDH2
12,98726457,99984654,56899,ANKS1B
1,109089803,109096934,56900,TMEM167B
12,57234903,57240715,56901,NDUFA4L2
2,68157844,68176238,56902,PNO1
7,4857733,4861994,56903,PAPOLB
9,129007036,129028303,56904,SH3GLB2
15,75195643,75212169,56905,C15orf39
15,70881342,70892785,56906,THAP10
18,12446512,12658134,56907,SPIRE1
2,96184859,96208825,56910,STARD7
21,29077471,29175889,56911,MAP3K7CL
11,118544528,118572970,56912,IFT46
7,7156934,7248651,56913,C1GALT1
20,16748358,16770062,56914,OTOR
19,41386374,41397479,56915,EXOSC5
4,94207611,94291292,56916,SMARCAD1
19,47403124,47419523,56917,MEIS3
2,227610090,227633320,56918,C2orf83
17,5440912,5469060,56919,DHX33
3,52433053,52445085,56920,SEMA3G
3,183015218,183116075,56922,MCCC1
5,152391532,152433368,56923,NMUR2
15,40238759,40277487,56924,PAK6
3,158645822,158672693,56925,LXN
19,3185563,3209575,56926,NCLN
19,6729914,6737603,56927,GPR108
19,2328615,2354806,56928,SPPL2B
5,115520908,115544894,56929,FEM1C
19,5784832,5791238,56931,DUS3L
17,51630313,52160017,56934,CA10
11,93478472,93543508,56935,SMCO4
14,69569816,69574837,56936,CCDC177
20,57648392,57711536,56937,PMEPA1
12,27332854,27425289,56938,ARNTL2
6,291630,351355,56940,DUSP22
3,129278828,129306186,56941,HMCES
16,80966448,81020270,56942,CMC2
8,109334324,109345953,56943,ENY2
1,113979391,114035572,56944,OLFML3
3,139005806,139357223,56945,MRPS22
11,76444923,76553025,56946,EMSY
2,227325151,227357836,56947,MFF
14,24439766,24442905,56948,SDR39U1
19,7619525,7629565,56949,XAB2
1,214281102,214337131,56950,SMYD2
5,133955502,133968787,56951,C5orf15
10,24848607,24952604,56952,PRTFDC1
17,17303335,17347663,56953,NT5M
3,100334701,100361635,56954,NIT2
4,87821411,87846817,56955,MEPE
1,197911902,197935478,56956,LHX9
1,149937812,150010676,56957,OTUD7B
19,4278601,4290724,56961,SHD
15,93035273,93089204,56963,RGMA
15,89690797,89743638,56964,WDR93
15,72241181,72272999,56965,PARP6
14,96039324,96093889,56967,C14orf132
17,44191805,44200113,56970,ATXN7L3
19,44662278,44684359,56971,CEACAM19
7,192969,260745,56975,FAM20C
4,183797692,184023526,56977,STOX2
4,80183879,80204329,56978,PRDM8
5,23443586,23528597,56979,PRDM9
11,129899706,130002835,56980,PRDM10
11,45095806,45235110,56981,PRDM11
3,119468938,119494708,56983,POGLUT1
18,12658043,12725740,56984,PSMG2
17,10697594,10711233,56985,ADPRM
15,49620980,49656232,56986,DTWD1
3,107522936,107811324,56987,BBX
5,131245493,131398447,56990,CDC42SE2
3,44761717,44873376,56992,KIF15
22,38681948,38685421,56993,TOMM22
12,101696947,101744140,56994,CHPT1
6,158232236,158511828,56995,TULP4
7,100826820,100867009,56996,SLC12A9
1,226897536,226987545,56997,COQ8A
1,9848276,9910336,56998,CTNNBIP1
3,64515654,64688000,56999,ADAMTS9
9,121280768,121285530,57000,GSN-AS1
7,97116590,97181763,57001,SDHAF3
7,39566376,39610320,57002,YAE1D1
17,63745250,63776351,57003,CCDC47
2,236567787,236582358,57007,ACKR3
11,67452406,67460313,57010,CABP4
7,134527592,134541408,57016,AKR1B10
16,57447425,57461275,57017,COQ9
3,157146508,157160760,57018,CCNL1
16,57428169,57447528,57019,CIAPIN1
16,19555240,19706793,57020,C16orf62
22,37658727,37666934,57026,PDXP
19,49429401,49442360,57030,SLC17A7
1,25242237,25338213,57035,RSRP1
7,16599776,16645817,57037,ANKMY2
6,87514378,87590003,57038,RARS2
18,9334767,9402420,57045,TWSG1
3,146391421,146495991,57047,PLSCR2
17,7389727,7394843,57048,PLSCR3
4,70688479,70690551,57050,UTP3
11,3665587,3671384,57053,CHRNA10
7,35202430,35254147,57057,TBX20
3,51957454,51974016,57060,PCBP4
14,94048291,94081245,57062,DDX24
15,40594020,40664342,57082,KNL1
11,22338097,22379503,57084,SLC17A6
1,11736084,11754802,57085,AGTRAP
3,146192339,146251179,57088,PLSCR4
10,99659506,99706240,57089,ENTPD7
20,56412112,56460387,57091,CASS4
3,101574095,101594437,57092,PCNP
11,89797655,89808575,57093,TRIM49
8,67422038,67746385,57094,CPA6
1,23778405,23788232,57095,PITHD1
14,21287939,21351301,57096,RPGRIP1
12,3791047,3873448,57097,PARP11
15,33866227,34039176,57099,AVEN
12,5531869,5946232,57101,ANO2
12,4487728,4538508,57102,C12orf4
12,4307763,4354593,57103,TIGAR
11,818902,825573,57104,PNPLA2
13,48653711,48711226,57105,CYSLTR2
19,55485004,55487568,57106,NAT14
6,107152557,107459564,57107,PDSS2
9,133406059,133418096,57109,REXO4
3,193241125,193277738,57110,HRASLS
1,156061160,156070514,57111,RAB25
5,136213320,136365537,57113,TRPC7
1,153330120,153348840,57115,PGLYRP4
1,246945547,247008093,57116,ZNF695
4,105682627,105895986,57117,INTS12
10,12349482,12835545,57118,CAMK1D
20,45540626,45547752,57119,EPPIN
6,117560269,117602542,57120,GOPC
12,6618835,6636447,57121,LPAR5
12,68686734,68745809,57122,NUP107
11,66314487,66317044,57124,CD248
17,39063303,39154394,57125,PLXDC1
19,43353659,43363172,57126,CD177
1,156369212,156385219,57127,RHBG
6,5102593,5260939,57128,LYRM4
3,179588285,179604654,57129,MRPL47
19,19645198,19663693,57130,ATP13A1
18,11851396,11854449,57132,CHMP1B
1,25617468,25786207,57134,MAN1C1
20,24962925,24992979,57136,APMAP
19,11384341,11419342,57139,RGL3
2,240565804,240581372,57140,RNPEPL1
2,54972187,55112621,57142,RTN4
14,77800083,77935012,57143,ADCK1
20,9537389,9839041,57144,PAK5
16,21158377,21180616,57146,TMEM159
1,169849631,169894267,57147,SCYL3
20,38472816,38578861,57148,RALGAPB
16,20899868,20925006,57149,LYRM1
6,87322583,87399749,57150,SMIM8
17,35934518,35943699,57151,LYZL6
8,142740944,142742411,57152,SLURP1
19,10602457,10644559,57153,SLC44A2
7,99027438,99144100,57154,SMURF1
14,77116568,77259495,57156,TMEM63C
7,77798792,77957503,57157,PHTF2
20,44111695,44187578,57158,JPH2
2,27282392,27307439,57159,TRIM54
14,56117814,56301526,57161,PELI2
2,64092652,64144454,57162,PELI1
1,228149852,228159826,57165,GJC2
20,51782331,51802520,57167,SALL4
22,26429273,26445015,57168,ASPHD2
20,49237946,49278426,57169,ZNFX1
9,129081100,129090438,57171,DOLPP1
1,209583717,209613938,57172,CAMK1G
11,67435510,67443821,57175,CORO1B
6,30908242,30926459,57176,VARS2
10,79069035,79316528,57178,ZMIZ1
5,176346061,176361968,57179,KIAA1191
7,152759749,152855378,57180,ACTR3B
2,195575977,195737702,57181,SLC39A10
4,124664052,124712732,57182,ANKRD50
15,74899987,74907121,57184,FAM219B
1,24415794,24472976,57185,NIPAL3
20,20389552,20712488,57186,RALGAPA2
15,83654086,84039842,57188,ADAMTSL3
7,141656728,141702153,57189,KIAA1147
1,25800176,25818224,57190,SELENON
19,57454790,57457142,57191,VN1R1
19,7522626,7534009,57192,MCOLN1
15,25677273,25865172,57194,ATP10A
1,154325553,154351307,57198,ATP8B2
4,47485288,47593486,57205,ATP10D
10,37776526,37858106,57209,ZNF248
8,141207166,141308305,57210,SLC45A4
6,142301854,142446266,57211,ADGRG6
1,3735601,3747336,57212,TP73-AS1
13,49912706,49936490,57213,SPRYD7
15,80779343,80951776,57214,CEMIP
16,67842082,67844195,57215,THAP11
1,160400586,160428678,57216,VANGL2
2,46916157,47076137,57217,TTC7A
6,138161921,138344663,57221,ARFGEF3
5,172834275,172952685,57222,ERGIC1
2,55547292,55618880,57223,PPP4R3B
6,138422043,138692571,57224,NHSL1
6,89568144,89638753,57226,LYRM2
12,51244558,51270890,57228,SMAGP
6,85505496,85594156,57231,SNX14
1,149606334,149679523,57234,LINC00869
2,161424332,161985282,57282,SLC4A10
4,52712404,52720351,57291,DANCR
20,18138118,18188387,57325,KAT14
1,154944076,154956123,57326,PBXIP1
17,79792132,79801683,57332,CBX8
19,49527618,49546962,57333,RCN3
17,15699577,15720787,57335,ZNF286A
17,16551387,16569206,57336,ZNF287
3,101324205,101513241,57337,SENP7
16,87601835,87698156,57338,JPH3
19,57351307,57359898,57343,ZNF304
19,54415219,54436900,57348,TTYH1
15,34751032,34754965,57369,GJD2
12,8602166,8612871,57379,AICDA
6,24402908,24426194,57380,MRS2
14,63204114,63293219,57381,RHOJ
5,178602664,178630615,57396,CLK4
1,153614255,153616986,57402,S100A14
20,58309696,58367507,57403,RAB22A
2,203238940,203305611,57404,CYP20A1
2,168834132,168913371,57405,SPC25
3,58237506,58295693,57406,ABHD6
16,4461680,4495763,57407,NMRAL1
3,54918237,54967088,57408,LRTM1
17,75266228,75271227,57409,MIF4GD
11,65525077,65538704,57410,SCYL1
10,102869516,102901899,57412,AS3MT
1,111483348,111563962,57413,TMIGD3
7,75842602,75888926,57414,RHBDD2
3,62318973,62336213,57415,C3orf14
19,984271,998438,57418,WDR18
20,19212646,19722937,57419,SLC24A3
20,36651766,36746078,57446,NDRG3
14,21016763,21070872,57447,NDRG2
2,32357028,32618899,57448,BIRC6
1,6466092,6520061,57449,PLEKHG5
5,167284799,168264157,57451,TENM2
14,69259277,69357033,57452,GALNT16
11,117427773,117817525,57453,DSCAML1
19,1815246,1848463,57455,REXO1
3,44737661,44761662,57456,KIAA1143
12,94567124,94650562,57458,TMCC3
1,153789030,153923360,57459,GATAD2B
12,62643982,62935037,57460,PPM1H
3,129127415,129161293,57461,ISY1
9,34366670,34376853,57462,KIAA1161
1,109504175,109509738,57463,AMIGO1
7,129434433,129488399,57464,STRIP2
16,2475051,2509560,57465,TBC1D24
21,31671033,31732075,57466,SCAF4
3,42692663,42702827,57467,HHATL
20,46021690,46060152,57468,SLC12A5
19,46486906,46496498,57469,PNMA8B
1,3778558,3796504,57470,LRRC47
2,157318625,157327713,57471,ERMN
5,180494412,180578405,57472,CNOT6
20,63956702,63969865,57473,ZNF512B
19,12577961,12640098,57474,ZNF490
14,67533301,67589612,57475,PLEKHH1
11,123358428,123627774,57476,GRAMD1B
16,23061406,23149270,57478,USP31
19,49591643,49626439,57479,PRR12
6,150599883,150843665,57480,PLEKHG1
4,56049073,56328625,57482,KIAA1211
4,140859807,141212877,57484,RNF150
5,65722196,65871725,57486,NLN
7,158730995,158830253,57488,ESYT2
1,86346824,86396342,57489,ODF2L
5,304176,438291,57491,AHRR
6,156777374,157210779,57492,ARID1B
3,124965710,125055958,57493,HEG1
12,8681600,8783095,57494,RIMKLB
4,37244220,37449465,57495,NWD2
16,14071321,14266773,57496,MKL2
6,40391586,40587465,57497,LRFN2
2,8721081,8837630,57498,KIDINS220
3,128909866,129002690,57501,KIAA1257
2,42494569,42756947,57504,MTA3
6,44299654,44313326,57505,AARS2
20,3846799,3876123,57506,MAVS
5,124636913,124748807,57507,ZNF608
17,61865367,61928016,57508,INTS2
8,17643795,17800917,57509,MTUS1
6,43522330,43576075,57510,XPO5
13,39655627,39791665,57511,COG6
10,25175062,25602226,57512,GPR158
17,75500261,75515583,57513,CASKIN2
3,119294373,119420714,57514,ARHGAP31
6,122443354,122471822,57515,SERINC1
15,42575659,42720981,57519,STARD9
2,196194370,196593692,57520,HECW2
17,80544819,80966371,57521,RPTOR
12,63844293,64162221,57522,SRGAP1
14,24398786,24419288,57523,NYNRIN
16,2177180,2196525,57524,CASKIN1
5,144170832,144485686,57528,KCTD16
1,151510510,151538692,57530,CGN
6,104728093,104859919,57531,HACE1
17,29255836,29294118,57532,NUFIP2
4,6909242,7033118,57533,TBC1D14
18,21704957,21870957,57534,MIB1
1,109113679,109206781,57535,KIAA1324
18,36829106,37232172,57536,KIAA1328
4,7192538,7742836,57537,SORCS2
15,84816680,84873482,57538,ALPK3
2,19910260,19990131,57539,WDR35
1,11479166,11537584,57540,DISP3
7,149126416,149182802,57541,ZNF398
12,27780020,27803040,57542,KLHL42
14,52430590,52552522,57544,TXNDC16
4,15469865,15601557,57545,CC2D2A
16,66878589,66895754,57546,PDP2
17,16620737,16653856,57547,ZNF624
1,159927039,159945604,57549,IGSF9
17,29390464,29551904,57551,TAOK1
3,172630249,172711218,57552,NCEH1
22,17787649,18024559,57553,MICAL3
1,69568398,70151945,57554,LRRC7
17,7404874,7419860,57555,NLGN2
5,116443616,116574934,57556,SEMA6A
11,78188812,78214711,57558,USP35
10,88879734,88975153,57559,STAMBPL1
3,160256986,160399880,57560,IFT80
5,91368724,91383359,57561,ARRDC3
11,101915015,102001058,57562,CEP126
4,87160103,87240314,57563,KLHL8
18,32672671,32773062,57565,KLHL14
16,57994668,58000453,57567,ZNF319
1,232397965,232561558,57568,SIPA1L2
11,110577042,110713189,57569,ARHGAP20
14,60971451,60981358,57570,TRMT5
11,67414968,67425607,57571,CARNS1
19,11199295,11262481,57572,DOCK6
19,56507843,56530221,57573,ZNF471
2,216257865,216372027,57574,4-Mar
4,133149315,133208606,57575,PCDH10
1,20664014,20718017,57576,KIF17
3,113964137,114056613,57577,CCDC191
14,93333219,93707876,57578,UNC79
6,70412941,70561174,57579,FAM135A
20,48624252,48827883,57580,PREX1
9,135702185,135795508,57582,KCNT1
6,158536436,158635428,57583,TMEM181
10,24583609,24723668,57584,ARHGAP21
16,1612325,1677908,57585,CRAMP1
11,45240301,45286319,57586,SYT13
4,185159665,185209504,57587,CFAP97
9,5629025,5776557,57589,RIC1
2,223855716,223945387,57590,WDFY1
22,40410281,40636702,57591,MKL1
1,151281618,151292180,57592,ZNF687
20,2692878,2760108,57593,EBF4
14,23272422,23299447,57594,HOMEZ
14,100537147,100587413,57596,BEGAIN
17,81395475,81466332,57597,BAHCC1
3,39051998,39096671,57599,WDR48
4,158769138,158908049,57600,FNIP2
17,78787381,78841441,57602,USP36
8,12945642,13031503,57604,KIAA1456
12,122983480,123150015,57605,PITPNM2
4,48341322,48426212,57606,SLAIN2
10,30012800,30115494,57608,KIAA1462
12,50504985,50748667,57609,DIP2B
16,67723066,67806652,57610,RANBP10
15,74100311,74138540,57611,ISLR2
12,13044284,13142521,57613,FAM234B
18,62187258,62307829,57614,KIAA1468
19,22634324,22667670,57615,ZNF492
19,31274945,31349547,57616,TSHZ3
15,40894430,40903975,57617,VPS18
4,76435100,76783253,57619,SHROOM3
4,26857678,27025381,57620,STIM2
6,151364117,151391548,57621,ZBTB2
19,39306568,39315336,57622,LRFN1
8,134477788,134713049,57623,ZFAT
2,225399710,225654018,57624,NYAP2
13,69700594,70108493,57626,KLHL1
2,114442299,115845752,57628,DPP10
4,169094256,169271105,57630,SH3RF1
3,3799437,3847703,57633,LRRN1
12,131949920,132081102,57634,EP400
17,38419280,38512392,57636,ARHGAP23
7,77122434,77329533,57639,CCDC146
20,63293186,63334851,57642,COL20A1
1,45016399,45306209,57643,ZSWIM5
20,34975403,35002437,57644,MYH7B
1,166839447,166856344,57645,POGK
11,113797874,113875570,57646,USP28
12,124946825,124989122,57647,DHX37
1,32741885,32774970,57648,KIAA1522
17,28905250,28951771,57649,PHF12
3,108549869,108589644,57650,KIAA1524
9,97238497,97377287,57653,AL512590.3
4,1347266,1388049,57654,UVSSA
19,34994784,35026471,57655,GRAMD1A
1,155277583,155289848,57657,HCN3
12,53708517,53727745,57658,CALCOCO1
17,7459366,7484263,57659,ZBTB4
11,576486,612222,57661,PHRF1
19,7595902,7618304,57662,CAMSAP3
19,57119138,57131926,57663,USP29
19,48837097,48868632,57664,PLEKHA4
2,18554723,18560680,57665,RDH14
12,132489551,132585188,57666,FBRSL1
2,120013005,120179119,57669,EPB41L5
7,138831381,138981318,57670,KIAA1549
6,107065182,107115269,57673,BEND3
17,80260866,80398786,57674,RNF213
19,36334453,36379199,57677,ZFP14
10,112149864,112215377,57678,GPAM
2,201700554,201781189,57679,ALS2
14,21385194,21456126,57680,CHD8
2,206274663,206314428,57683,ZDBF2
9,122915566,122931500,57684,ZBTB26
1,64470792,64693058,57685,CACHD1
16,77788530,77980107,57687,VAT1L
5,61332273,61546170,57688,ZSWIM6
11,40114203,41459773,57689,LRRC4C
17,77959240,78108835,57690,TNRC6C
6,57046532,57055239,57691,KIAA1586
19,9140380,9163424,57693,ZNF317
2,218450251,218568361,57695,USP37
12,123602077,123620941,57696,DDX55
14,45135940,45200890,57697,FANCM
10,116881482,117126586,57698,SHTN1
6,36740775,36840002,57699,CPNE5
10,114821744,114899832,57700,FAM160B1
12,49791146,49828750,57701,NCKAP5L
2,179944876,180007113,57703,CWC22
9,35736866,35749228,57704,GBA2
10,48684876,48982956,57705,WDFY4
9,123379654,123930152,57706,DENND1A
16,84476421,84554033,57707,TLDC1
1,66924895,66988619,57708,MIER1
3,170459584,170586074,57709,SLC7A14
1,180913154,180951614,57710,KIAA1614
19,36534774,36605276,57711,ZNF529
10,7158624,7411486,57713,SFMBT2
10,100969518,100985871,57715,SEMA4G
19,40393768,40413366,57716,PRX
5,141181399,141186399,57717,PCDHB16
14,94146128,94279735,57718,PPP4R4
19,17323223,17334829,57719,ANO8
9,130053426,130140169,57720,GPR107
4,118685368,118715433,57721,METTL14
15,65381464,65423072,57722,IGDCC4
18,45847609,45967274,57724,EPG5
20,46060985,46089952,57727,NCOA5
4,39182404,39285810,57728,WDR19
2,97492663,97589965,57730,ANKRD36B
19,40466241,40576464,57731,SPTBN4
4,2269582,2418663,57732,ZFYVE28
4,22692914,22819575,57733,GBA3
11,9020391,9138114,57758,SCUBE2
20,362835,397559,57761,TRIB3
5,73552335,73565686,57763,ANKRA2
7,5045821,5069488,57786,RBAK
19,45079288,45305283,57787,MARK4
19,19276018,19320844,57794,SUGP1
1,177171497,177282422,57795,BRINP2
7,92447453,92458836,57798,GATAD1
16,589357,629272,57799,RAB40C
1,998962,1000172,57801,HES4
11,67350777,67356972,57804,POLD4
8,22604632,22621514,57805,CCAR2
19,35280716,35285143,57817,HAMP
2,168901240,168910000,57818,G6PC2
6,31797396,31806984,57819,LSM2
14,20311368,20333312,57820,CCNB1IP1
1,169394870,169460669,57821,CCDC181
1,24319322,24364482,57822,GRHL3
1,160739057,160754821,57823,SLAMF7
5,143812161,143820719,57824,HMHB1
6,31658298,31660772,57827,C6orf47
19,38335775,38370943,57828,CATSPERG
1,237877864,237890922,57829,ZP4
11,71538025,71539207,57830,KRTAP5-8
19,15912367,15934867,57834,CYP4F11
2,74216242,74343414,57835,SLC4A5
14,73886617,73932511,57862,ZNF410
1,159171609,159203313,57863,CADM3
9,112878920,112890913,57864,SLC46A2
1,96721665,96823738,58155,PTBP2
14,77265483,77271312,58157,NGB
12,55019945,55030014,58158,NEUROD4
7,102973437,102988856,58160,NFE4
16,84294646,84329851,58189,WFDC1
2,218398256,218405941,58190,CTDSP1
17,4733526,4739922,58191,CXCL16
15,45631148,45691294,58472,SQOR
11,73646178,73662819,58473,PLEKHB1
11,60378482,60395951,58475,MS4A7
20,34704290,34713439,58476,TP53INP2
3,133784033,133825772,58477,SRPRB
4,82430562,82461091,58478,ENOPH1
1,228735077,228746669,58480,RHOU
2,32224453,32265854,58484,NLRC4
17,7930345,7932123,58485,TRAPPC1
11,10812074,10858796,58486,ZBED5
11,85659708,85682908,58487,CREBZF
17,55750979,55842830,58488,PCTP
15,80679684,80755621,58489,ABHD17C
20,38033546,38127780,58490,RPRD1B
19,56595264,56626481,58491,ZNF71
19,2933218,2944971,58492,ZNF77
9,112683926,112718236,58493,INIP
21,25639272,25717562,58494,JAM2
20,17956979,18059188,58495,OVOL2
6,31670167,31673776,58496,LY6G5B
1,151008420,151035713,58497,PRUNE1
7,44138864,44141332,58498,MYL7
9,106863097,107013634,58499,ZNF462
8,144876497,144902168,58500,ZNF250
4,70397882,70410194,58503,OPRPN
10,48446034,48656265,58504,ARHGAP22
4,108650584,108667820,58505,OSTC
19,49642125,49658642,58506,SCAF1
7,152134922,152436005,58508,KMT2C
19,3610641,3626815,58509,CACTIN
19,35799988,35813299,58510,PRODH2
1,84398532,84415018,58511,DNASE2B
1,34865436,34929585,58512,DLGAP3
19,16355239,16472085,58513,EPS15L1
3,53884410,53891988,58515,SELENOK
12,31280584,31327058,58516,FAM60A
14,73058436,73123898,58517,RBM25
9,976964,991731,58524,DMRT3
19,15419980,15449951,58525,WIZ
6,139028682,139043302,58527,ABRACL
6,89364636,89412270,58528,RRAGD
10,73631654,73641757,58529,MYOZ1
6,31715356,31717804,58530,LY6G6D
16,11273218,11273641,58531,PRM3
14,34561094,34630183,58533,SNX6
2,201644870,201698694,58538,MPP4
1,24119771,24143121,58985,IL22RA1
16,370773,387113,58986,TMEM8A
4,122612628,122621069,59067,IL21
11,105137721,105139726,59082,CARD18
6,46159187,46170971,59084,ENPP5
1,41506365,42035925,59269,HIVEP3
21,32412006,32515397,59271,EVA1C
15,81000944,81005788,59274,MESDC1
12,95657807,95791152,59277,NTN4
19,53963040,53990215,59283,CACNG8
19,53909335,53943941,59284,CACNG7
19,53992288,54012669,59285,CACNG6
19,9827892,9830115,59286,UBL5
11,405716,417455,59307,SIGIRR
9,130664594,130682981,59335,PRDM12
6,99606730,99615578,59336,PRDM13
10,122374696,122442602,59338,PLEKHA1
8,38901235,38973909,59339,PLEKHA2
18,24460629,24479957,59340,HRH4
12,109783085,109833401,59341,TRPV4
17,56978105,57006768,59342,SCPEP1
3,185582496,185633551,59343,SENP2
17,8095900,8119047,59344,ALOXE3
3,179396089,179451590,59345,GNB4
19,51964343,51986856,59348,ZNF350
1,202891100,202928636,59349,KLHL12
4,158315311,158653372,59350,RXFP1
6,138215986,138218491,59351,PBOV1
1,202193901,202319781,59352,LGR6
4,7758714,7939926,60312,AFAP1
1,45627304,45688113,60313,GPBP1L1
12,53299686,53307177,60314,C12orf10
10,97677424,97687323,60370,AVPI1
19,49739753,49763330,60385,TSKS
17,75272981,75289510,60386,SLC25A19
7,133253073,134066589,60412,EXOC4
20,36573488,36593950,60436,TGIF2
20,59958427,60034011,60437,CDH26
3,139104185,139125171,60467,BPESC1
6,89926529,90296908,60468,BACH2
6,53267398,53349179,60481,ELOVL5
2,107986523,108013994,60482,SLC5A7
1,156619294,156625725,60484,HAPLN2
14,50632058,50668331,60485,SAV1
6,125986430,126039276,60487,TRMT11
12,27710773,27756295,60488,MRPS35
22,39077005,39087743,60489,APOBEC3G
15,75023555,75117462,60490,PPCDC
2,200889327,200903930,60491,NIF3L1
11,83259097,83286407,60492,CCDC90B
20,3146519,3159897,60493,FASTKD5
11,86374736,86423109,60494,CCDC81
10,98457077,99235862,60495,HPSE2
11,106075501,106098710,60496,AASDHPPT
2,27042364,27070622,60509,AGBL5
2,20684014,20823130,60526,LDAH
17,12992391,13018187,60528,ELAC2
11,44260444,44310166,60529,ALX4
4,44678427,44700926,60558,GUF1
4,176319964,176332245,60559,SPCS3
9,85941146,86022298,60560,NAA35
7,105532085,105567677,60561,RINT1
4,140257286,140385726,60592,SCOC
20,44745780,44752313,60598,KCNK15
20,38962299,39039723,60625,DHX35
11,207511,215113,60626,RIC8A
1,12019466,12032045,60672,MIIP
12,52069246,52077494,60673,ATG101
1,173863900,173868882,60674,GAS5
3,71771656,71785206,60675,PROK2
1,176463171,176845605,60676,PAPPA2
15,72284727,72320129,60677,CELF6
3,128153454,128408646,60678,EEFSEC
19,3224703,3297076,60680,CELF5
17,41812680,41823217,60681,FKBP10
6,70667776,70862015,60682,SMAP1
4,183659267,183713594,60684,TRAPPC11
6,37819499,38154624,60685,ZFAND3
14,22985908,23010166,60686,C14orf93
6,3268962,3457022,63027,SLC22A23
1,15456728,15472091,63036,CELA2A
17,2303383,2325260,63826,SRR
1,156641390,156659532,63827,BCAN
14,22598237,22613215,63874,ABHD4
11,6680782,6683401,63875,MRPL17
11,125164687,125433389,63876,PKNOX2
10,118297930,118342328,63877,FAM204A
3,49689499,49721529,63891,RNF123
2,43230836,43596046,63892,THADA
17,76389451,76453206,63893,UBE2O
14,77426675,77457952,63894,VIPAS39
18,10666483,11148762,63895,PIEZO2
17,60043194,60078931,63897,HEATR6
8,19313617,19396218,63898,SH2D4A
3,94062916,94128545,63899,NSUN3
11,59142748,59155039,63901,FAM111A
20,37289638,37317260,63905,MANBAL
1,26890488,26900466,63906,GPATCH3
20,23374519,23421519,63908,NAPB
20,62952647,62969585,63910,SLC17A9
6,87322583,87399749,63914,SMIM8
6,8013567,8064414,63915,BLOC1S5
20,46366049,46432985,63916,ELMO2
7,152025674,152122347,63917,GALNT11
5,160393148,160400097,63920,ZBED8
16,788046,800737,63922,CHTF18
1,175067858,175148066,63923,TNN
3,9866711,9880254,63924,CIDEC
20,45948653,45972172,63925,ZNF335
20,9986126,10058303,63926,ANKEF1
16,23754627,23758951,63928,CHP2
22,40857077,40932815,63929,XPNPEP3
20,63009383,63085071,63930,LINC01749
1,175010789,175023425,63931,MRPS14
6,13786557,13814568,63933,MCUR1
19,56439325,56478065,63934,ZNF667
20,45934628,45948023,63935,PCIF1
20,59933764,59948680,63939,FAM217B
6,32190766,32195523,63940,GPSM3
20,33657087,33674463,63941,NECAB3
6,32128707,32130291,63943,FKBPL
19,41844743,41852333,63946,DMRTC2
1,53459399,53467488,63948,DMRTB1
1,50417550,50423500,63950,DMRTA2
9,22446841,22455740,63951,DMRTA1
1,35720218,35769967,63967,CLSPN
11,128934731,128943399,63970,TP53AIP1
6,17759183,17987623,63971,KIF13A
4,112513516,112516172,63973,NEUROG2
7,31337461,31340894,63974,NEUROD6
1,3069168,3438621,63976,PRDM16
21,41798225,41879482,63977,PRDM15
8,70051651,70071693,63978,PRDM14
7,50444128,50542535,63979,FIGNL1
11,26309599,26663288,63982,ANO3
2,192749845,192776899,64002,PCGEM1
7,44962662,44979098,64005,MYO1G
13,79311824,79406477,64062,RBM26
16,2852727,2858170,64063,PRSS22
1,39769523,39771348,64064,OXCT2
6,138088505,138107511,64065,PERP
11,102691487,102705806,64066,MMP27
14,32934933,33804176,64067,NPAS3
10,71396934,71815947,64072,CDH23
19,38304161,38305009,64073,C19orf33
10,124461834,124617888,64077,LHPP
9,84275457,84340683,64078,SLC28A3
2,27781364,27891098,64080,RBKS
10,68282660,68333049,64081,PBLD
5,32124704,32174350,64083,GOLPH3
3,139935185,140577397,64084,CLSTN2
5,71587288,71658704,64087,MCCC2
8,81799581,81842866,64089,SNX16
2,241776825,241804208,64090,GAL3ST2
3,119636457,119665324,64091,POPDC2
21,14485228,14583402,64092,SAMSN1
14,69854131,70032366,64093,SMOC1
6,168441151,168673445,64094,SMOC2
20,3659292,3663399,64096,GFRA4
5,112142441,112419316,64097,EPB41L4A
22,44172956,44219533,64098,PARVG
19,47994651,48025153,64100,ELSPBP1
7,128027071,128032107,64101,LRRC4
5,65517766,65563171,64105,CENPK
10,70247329,70283676,64106,NPFFR1
3,187368332,187372076,64108,RTP4
3,184710367,184712002,64110,MAGEF1
7,25224570,25228486,64111,NPVF
14,93182196,93184928,64112,MOAP1
2,218274192,218292586,64114,TMBIM1
10,71747559,71773498,64115,VSIR
4,102251041,102431258,64116,SLC39A8
17,82057506,82065887,64118,DUS1L
1,38838198,38859823,64121,RRAGC
17,82735575,82751197,64122,FN3K
1,78889764,79006718,64123,ADGRL4
16,50693603,50733077,64127,NOD2
1,31576485,31587686,64129,TINAGL1
19,49114324,49118460,64130,LIN7B
16,17101769,17470881,64131,XYLT1
17,50346092,50363138,64132,XYLT2
2,162267079,162318703,64135,IFIH1
11,119149012,119162653,64137,ABCG4
3,15070073,15099163,64145,RBSN
16,69328621,69330595,64146,PDF
3,47228026,47283451,64147,KIF9
17,32324565,32350023,64149,C17orf75
4,17810902,17844862,64151,NCAPG
5,96875939,96919716,64167,ERAP2
8,90791550,90959408,64168,NECAB1
9,136361903,136373681,64170,CARD9
2,189746660,189763227,64172,OSGEPL1
16,67987394,68000586,64174,DPEP2
1,42746335,42767084,64175,P3H1
16,67975663,67980829,64180,DPEP3
14,20768427,20770948,64184,EDDM3B
14,77024543,77028699,64207,IRF2BPL
6,105158280,105179995,64208,POPDC3
10,97458324,97498794,64210,MMS19
12,113462034,113472280,64211,LHX5
10,21756537,22003769,64215,DNAJC1
1,246540560,246566324,64216,TFB2M
1,156147366,156177752,64218,SEMA4A
15,74179466,74212267,64220,STRA6
11,124865386,124881470,64221,ROBO3
1,179081377,179098023,64222,TOR3A
16,2204248,2209416,64223,MLST8
7,35632659,35695571,64224,HERPUD2
2,38294880,38377285,64225,ATL2
11,60172014,60184666,64231,MS4A6A
11,60429589,60455214,64232,MS4A5
8,22578279,22598025,64236,PDLIM2
2,43812472,43838865,64240,ABCG5
2,43838964,43878466,64241,ABCG8
16,50152918,50235310,64282,PAPD5
5,73626158,73941993,64283,ARHGEF28
2,237574322,237601614,64284,RAB17
16,58059,76355,64285,RHBDF1
6,28324693,28356271,64288,ZSCAN31
10,94333226,94362959,64318,NOC3L
16,30658431,30670814,64319,FBRS
2,218663864,218672411,64320,RNF25
8,54457935,54460888,64321,SOX17
5,177133025,177300215,64324,NSD1
1,175944831,176207493,64326,RFWD2
7,156668946,156893230,64327,LMBR1
13,20777329,20903048,64328,XPO4
3,101827991,101861022,64332,NFKBIZ
12,57472255,57488814,64333,ARHGAP9
2,20560448,20651089,64342,HS1BP3
3,28315003,28349127,64343,AZI2
19,46297046,46343433,64344,HIF3A
17,799313,979770,64359,NXN
5,138946720,139293557,64374,SIL1
12,56007659,56038435,64375,IKZF4
10,122990806,123008817,64376,IKZF5
19,33621955,33773509,64377,CHST8
16,3046681,3060726,64386,MMP25
1,240489573,240612149,64388,GREM2
3,179017223,179072279,64393,ZMAT3
2,69829642,69881396,64395,GMCL1
15,42412823,42491123,64397,ZNF106
14,67241109,67335819,64398,MPP5
4,144646021,144745271,64399,HHIP
16,53491040,53504411,64400,AKTIP
14,23047062,23057538,64403,CDH24
20,46173733,46308498,64405,CDH22
1,192158457,192185815,64407,RGS18
7,71132169,71713600,64409,WBSCR17
15,85759323,85795030,64410,KLHL25
5,141653401,141682221,64411,ARAP3
20,23362182,23373063,64412,GZF1
5,43444252,43483893,64417,TMEM267
7,112762382,112790592,64418,TMEM168
3,9649433,9702393,64419,MTMR14
9,112040785,112175408,64420,SUSD1
10,14897359,14954432,64421,DCLRE1C
3,112532509,112562046,64422,ATG3
14,104689606,104722535,64423,INF2
9,37485935,37503697,64425,POLR1E
12,118376380,118418031,64426,SUDS3
2,74483073,74494886,64427,TTC31
16,729753,741329,64428,NARFL
10,112424428,112446917,64429,ZDHHC6
14,60091911,60169133,64430,PCNX4
12,100199122,100241865,64431,ACTR6
3,15042460,15065335,64432,MRPS25
7,156540491,156541103,64433,LINC00244
7,156949723,156973182,64434,NOM1
17,74274247,74314884,64446,DNAI2
8,2935353,4994972,64478,CSMD1
16,1227272,1230184,64499,TPSB2
15,82543201,82648861,64506,CPEB1
17,15303811,15341641,64518,TEKT3
6,134917390,134950122,64577,ALDH8A1
4,114827763,115113876,64579,NDST4
12,10116777,10130258,64581,CLEC7A
14,59429022,59465342,64582,GPR135
7,100612102,100615384,64598,MOSPD3
7,100679507,100689448,64599,GIGYF1
1,20139326,20150386,64600,PLA2G2F
20,2840703,2866732,64601,VPS16
8,25841730,26045397,64641,EBF2
1,100038097,100083377,64645,MFSD14A
3,39141855,39154562,64651,CSRNP1
2,111766271,111884690,64682,ANAPC1
3,39096659,39108363,64689,GORASP1
18,22413601,22417915,64693,CTAGE1
21,42371890,42396846,64699,TMPRSS3
2,231781671,231809254,64708,COPS7B
1,205712819,205750276,64710,NUCKS1
16,1911463,1918440,64711,HS3ST6
16,283152,287215,64714,PDIA2
16,1363205,1414751,64718,UNKL
16,1878285,1884233,64735,LINC00254
1,40344850,40423326,64744,SMAP2
14,20989770,20997035,64745,METTL17
1,226144679,226186730,64746,ACBD3
3,158732198,158829719,64747,MFSD1
19,11355386,11365698,64748,PLPPR2
17,64542295,64662068,64750,SMURF2
7,128790757,128822132,64753,CCDC136
1,245749342,246507312,64754,SMYD3
16,31489471,31509309,64755,C16orf58
1,46632737,46673867,64756,ATPAF1
1,220786759,220819657,64757,1-Mar
7,47275154,47582558,64759,TNS3
8,22089159,22104898,64760,FAM160B2
7,140023744,140063721,64761,PARP12
18,32124877,32470484,64762,GAREM1
19,42068477,42081549,64763,ZNF574
7,137874979,138002067,64764,CREB3L2
1,32816767,32858879,64766,S100PBP
9,92613184,92670265,64768,IPPK
1,37492575,37514774,64769,MEAF6
3,123897305,123961408,64770,CCDC14
6,34587288,34696859,64771,C6orf106
17,79074939,79088599,64772,ENGASE
20,2835314,2841190,64773,PCED1A
11,111878935,111885975,64776,C11orf1
5,178130996,178150565,64777,RMND5B
3,172039628,172401665,64778,FNDC3B
16,86530176,86555235,64779,MTHFSD
6,109444062,109465968,64780,MICAL1
22,46684411,46738261,64781,CERK
15,88621296,88632282,64782,AEN
1,110338506,110346681,64783,RBM15
15,90529925,90645345,64784,CRTC3
16,58295080,58406144,64785,GINS3
12,71839707,71927248,64786,TBC1D15
11,694438,727727,64787,EPS8L2
16,975761,981596,64788,AC009041.2
1,40508741,40516556,64789,EXO5
7,101313367,101321823,64792,IFT22
1,26234153,26279038,64793,CEP85
9,132592997,132670401,64794,DDX31
2,86720173,86778041,64795,RMND5A
8,119873717,120050913,64798,DEPTOR
15,67254800,67502260,64799,IQCH
22,43528744,43812337,64800,EFCAB6
1,230978981,231000595,64801,ARV1
1,9943428,9985501,64802,NMNAT1
3,151337380,151384812,64805,P2RY12
14,23372809,23376403,64806,IL25
7,99828013,99866102,64816,CYP3A43
1,43363397,43368074,64834,ELOVL1
11,66257294,66267860,64837,KLC2
2,27491883,27495245,64838,FNDC4
5,107859035,108382098,64839,FBXL17
14,52775194,52791668,64841,GNPNAT1
15,76336724,76342476,64843,ISL2
2,159712457,159771027,64844,7-Mar
17,50543058,50555852,64847,SPATA20
5,113513683,113595285,64848,YTHDC2
20,46557823,46684467,64849,SLC13A3
4,108742040,108763054,64850,ETNPPL
11,62575045,62592177,64852,TUT1
1,222668013,222713210,64853,AIDA
4,52590972,52659335,64854,USP46
9,127505339,127578989,64855,FAM129B
1,1434861,1442882,64856,VWA1
19,39412585,39428415,64857,PLEKHG2
1,113905141,113914086,64858,DCLRE1B
2,191678068,191696659,64859,NABP1
18,2537525,2571509,64863,METTL4
15,56087280,56243266,64864,RFX7
3,45082278,45146422,64866,CDCP1
13,61409858,61427849,64881,AL592490.1
2,60756230,60802085,64895,PAPOLG
12,121000486,121016502,64897,C12orf43
20,41340920,41360582,64900,LPIN3
5,170861870,171300015,64901,RANBP17
5,34998101,35048135,64902,AGXT2
14,99169287,99271524,64919,BCL11B
7,94509219,94557019,64921,CASD1
9,26993136,27005693,64922,LRRC19
5,69093646,69131069,64924,SLC30A5
3,49162535,49166321,64925,CCDC71
19,15451624,15464571,64926,RASAL3
15,99136323,99251223,64927,TTC23
6,44113454,44127457,64928,MRPL14
7,67302621,67321526,64940,STAG3L4
3,52524385,52535054,64943,NT5DC2
5,69189548,69210357,64946,CENPH
20,3045945,3048254,64949,MRPS26
7,43866558,43869893,64951,MRPS24
1,36455718,36464437,64960,MRPS15
15,88467453,88480773,64963,MRPS11
2,105037983,105099960,64965,MRPS9
21,34073224,34143034,64968,MRPS6
2,95087207,95149434,64969,MRPS5
9,137551199,137552555,64975,MRPL41
22,19431902,19436075,64976,MRPL40
17,75898643,75905413,64978,MRPL38
5,1798386,1801366,64979,MRPL36
19,17292609,17306843,64981,MRPL34
7,42932200,42948958,64983,MRPL32
11,66435075,66466738,65003,MRPL11
1,151759643,151763564,65005,MRPL9
4,77862520,77952790,65008,MRPL1
16,58462846,58513628,65009,NDRG4
3,48625723,48635493,65010,SLC26A6
12,57619527,57626151,65012,SLC26A10
1,20633455,20651511,65018,PINK1
2,86213993,86338083,65055,REEP1
5,57173948,57264679,65056,GPBP1
16,67657512,67660815,65057,ACD
2,203394345,203535410,65059,RAPH1
2,201790461,201895550,65061,CDK15
2,201620184,201643570,65062,TMEM237
2,203014879,203226378,65065,NBEAL1
2,201140278,201157823,65072,CFLAR-AS1
22,20241415,20283246,65078,RTN4R
2,223957404,223967714,65080,MRPL44
12,122229564,122266521,65082,VPS33A
9,33461441,33473930,65083,NOL6
11,87037844,87323758,65084,TMEM135
1,227730425,227735411,65094,JMJD4
19,10553078,10566037,65095,KRI1
1,32333832,32336379,65108,MARCKSL1
13,114281584,114305817,65110,UPF3A
12,122503458,122527000,65117,RSRC2
1,13196330,13201409,65121,PRAMEF13
1,13196330,13201409,65122,PRAMEF13
1,153728067,153774808,65123,INTS3
2,109614334,109618990,65124,SOWAHC
12,752593,911452,65125,WNK1
10,53802771,55627942,65217,PCDH15
1,1751232,1780457,65220,NADK
1,40450102,40463718,65243,ZFP69B
12,49366584,49527424,65244,SPATS2
19,13795460,13832230,65249,ZSWIM4
5,37106228,37249428,65250,C5orf42
19,51889224,51905040,65251,ZNF649
18,11882622,11909223,65258,MPPE1
1,52684451,52698366,65260,COA7
8,143603913,143609773,65263,PYCR3
17,48908369,48929056,65264,UBE2Z
8,145052378,145056030,65265,C8orf33
17,42780678,42796936,65266,WNK4
9,93184916,93320572,65268,WNK2
11,8391868,8594289,65975,STK33
2,178480468,178516462,65977,PLEKHA3
1,28369582,28500369,65979,PHACTR4
5,850291,892824,65980,BRD9
12,30709552,30754951,65981,CAPRIN2
19,58083838,58118427,65982,ZSCAN18
5,126360132,126496494,65983,GRAMD3
12,125065379,125143333,65985,AACS
8,80485619,80526265,65986,ZBTB10
11,78015715,78046191,65987,KCTD14
16,30530367,30535347,65988,ZNF747
6,43450352,43456632,65989,DLK2
16,720581,722601,65990,FAM173A
20,3190350,3204685,65992,DDRGK1
16,1771890,1773155,65993,MRPS34
19,58573503,58599801,65996,CENPBD1P1
4,52862290,52866835,65997,RASL11B
11,63759892,63768775,65998,C11orf95
7,150322639,150338150,65999,LRRC61
3,133038391,133397792,66000,TMEM108
19,15672757,15697174,66002,CYP4F12
8,142771197,142777810,66004,LYNX1
11,867860,915058,66005,CHID1
2,201377207,201451579,66008,TRAK2
22,23856703,23886309,66035,SLC2A11
8,11284416,11328146,66036,MTMR9
2,197726879,197786762,66037,BOLL
8,33591332,33600106,78986,DUSP26
3,9933822,9945413,78987,CRELD1
13,21176645,21179084,78988,MRPL57
2,3594832,3644644,78989,COLEC11
14,94026329,94048930,78990,OTUB2
5,149358007,149369653,78991,PCYOX1L
19,10922185,10928681,78992,YIPF2
16,30650717,30656440,78994,PRR14
17,44141906,44162476,78995,C17orf53
7,135092363,135170795,78996,C7orf49
20,44247099,44280917,78997,GDAP1L1
8,143366631,143368548,78998,RHPN1-AS1
11,66856647,66860475,78999,LRFN4
1,25831913,25859458,79000,AUNIP
16,31090842,31095980,79001,VKORC1
19,12730640,12734775,79002,C19orf43
17,5486285,5490814,79003,MIS12
10,102423245,102432661,79004,CUEDC2
1,151156664,151170297,79005,SCNM1
16,715115,719655,79006,METRN
16,90004865,90020128,79007,DBNDD1
16,29454501,29458219,79008,SLX1B
10,68901278,68946847,79009,DDX50
3,49857988,49870222,79012,CAMKV
19,17309518,17323301,79016,DDA1
7,30496621,30504844,79017,GGCT
17,18039292,18068404,79018,GID4
22,41938721,41947164,79019,CENPM
7,42908726,42912305,79020,C7orf25
12,47963569,47968878,79022,TMEM106C
12,102073103,102120124,79023,NUP37
13,44143543,44161257,79024,SMIM2
20,63547891,63556708,79025,FNDC11
11,62433542,62556235,79026,AHNAK
7,99558406,99576453,79027,ZNF655
15,45402331,45421419,79029,SPATA5L1
2,100562690,100576735,79031,PDCL3
1,44221070,44355260,79033,ERI3
7,6590017,6608726,79034,C7orf26
12,56222015,56229854,79035,NABP2
19,18557762,18569387,79036,KXD1
7,100218241,100221490,79037,PVRIG
14,103715730,103733668,79038,ZFYVE21
12,113157174,113185479,79039,DDX54
19,16661127,16690029,79041,TMEM38A
19,54189938,54194536,79042,TSEN34
19,33795933,33815763,79047,KCTD15
9,89318506,89359662,79048,SECISBP2
12,132144448,132152473,79050,NOC4L
11,78100936,78139660,79053,ALG8
2,233917398,234019522,79054,TRPM8
11,32829943,32858123,79056,PRRG4
17,81976807,82017406,79058,ASPSCR1
11,62771629,62792021,79064,TMEM223
2,219209772,219229717,79065,ATG9A
17,2405562,2511891,79066,METTL16
16,53701692,54158512,79068,FTO
13,102784281,102799007,79070,KDELC1
4,110045846,110199199,79071,ELOVL6
5,7859159,7869037,79072,FASTKD3
11,60913874,60923443,79073,TMEM109
2,105337359,105349211,79074,C2orf49
8,119833976,119856010,79075,DSCC1
16,30423619,30430075,79077,DCTPP1
1,42767269,42775747,79078,C1orf50
11,60842071,60851081,79080,CCDC86
11,62662817,62672255,79081,LBHD1
2,237485428,237555318,79083,MLPH
1,111439890,111449376,79084,WDR77
19,6436079,6465203,79085,SLC25A23
19,16630751,16660442,79086,SMIM7
22,49900229,49918458,79087,ALG12
19,9523224,9538645,79088,ZNF426
17,44186970,44191731,79089,TMUB2
19,45162928,45178237,79090,TRAPPC6A
16,8621683,8649654,79091,METTL22
17,80169992,80209331,79092,CARD14
15,40952962,40956519,79094,CHAC1
9,128160260,128163928,79095,C9orf16
11,46936689,47164385,79096,C11orf49
11,55262182,55271119,79097,TRIM48
1,207018521,207032756,79098,C1orf116
1,168786939,168792886,79100,LINC00626
11,93729948,93784391,79101,TAF1D
11,119334527,119337313,79102,RNF26
9,125437393,125707234,79109,MAPKAP1
17,42101404,42112733,79132,DHX58
20,13784950,13821582,79133,NDUFAF5
2,120221278,120223408,79134,TMEM185B
2,219176225,219185479,79137,RETREG2
8,123013164,123042423,79139,DERL1
1,32200386,32205387,79140,CCDC28B
17,7235028,7239722,79142,PHF23
19,54173412,54189882,79143,MBOAT7
20,63520724,63522206,79144,PPDPF
8,56211686,56218798,79145,CHCHD7
19,46746046,46776988,79147,FKRP
17,35756249,35795707,79148,MMP28
19,56219670,56368383,79149,ZSCAN5A
16,74712955,74774831,79152,FA2H
16,30104810,30113856,79153,GDPD3
17,36591798,36600806,79154,DHRS11
4,2741648,2756376,79155,TNIP2
19,29665056,29675457,79156,PLEKHF1
17,76735865,76781449,79157,MFSD11
12,101745497,101830938,79158,GNPTAB
22,37681673,37693478,79159,NOL12
20,58634772,58635738,79160,LINC01711
7,87196160,87220587,79161,TMEM243
19,54155161,54159882,79165,LENG1
19,54707916,54713453,79166,LILRP2
19,54236592,54242791,79168,LILRA6
1,228100726,228105411,79169,C1orf35
17,47951967,47957878,79170,PRR15L
19,35629030,35637686,79171,RBM42
2,24793136,24822376,79172,CENPO
19,13882348,13906452,79173,C19orf57
22,49918167,49927540,79174,CRELD2
20,2481817,2524702,79175,ZNF343
10,102419189,102423136,79176,FBXL15
19,43596392,43601157,79177,ZNF576
14,23555988,23560271,79178,THTPA
1,15409895,15430343,79180,EFHD2
20,44475886,44494603,79183,TTPAL
19,4304600,4323843,79187,FSD1
3,14124940,14143679,79188,TMEM43
16,55323760,55330760,79190,IRX6
16,54283304,54286763,79191,IRX3
5,3596054,3601403,79192,IRX1
16,3024027,3027755,79228,THOC6
19,7069444,7087968,79230,ZNF557
1,2590639,2632990,79258,MMEL1
9,37800502,37867666,79269,DCAF10
10,45302654,45315608,79290,OR13A1
3,98264244,98265356,79295,OR5H6
3,98282888,98283832,79310,OR5H2
14,19920582,19921659,79317,OR4K5
11,4923374,4924339,79324,OR51G1
14,19712936,19713920,79334,OR11H2
11,5301014,5301996,79339,OR51B4
11,5323359,5324297,79345,OR51B2
11,48365485,48366465,79346,OR4C5
1,16231700,16237162,79363,RSG1
3,126437601,126475919,79364,ZXDC
12,26120026,26125127,79365,BHLHE41
1,157745733,157777132,79368,FCRL2
12,122203543,122208952,79369,B3GNT4
12,12049844,12211084,79370,BCL2L14
15,68930525,69062743,79400,NOX5
2,219236606,219245478,79411,GLB1L
16,2963944,2968383,79412,KREMEN2
3,111592900,111595443,79413,ZBED2
19,35935358,35945767,79414,LRFN3
17,82442589,82450829,79415,C17orf62
4,2227464,2242164,79441,HAUS3
3,46515423,46580099,79442,LRRC2
3,45917899,45995824,79443,FYCO1
20,63235883,63240507,79444,BIRC7
14,100376418,100530303,79446,WDR25
16,29815952,29820117,79447,PAGR1
6,150063150,150069095,79465,ULBP3
11,5402597,5403547,79470,OR51J1
11,5787854,5788816,79473,OR52N1
1,69091,70008,79501,OR4F5
6,131700469,131701401,79541,OR2A4
14,19935608,19936683,79544,OR4K1
14,22633768,22634811,79549,OR6J1
16,67518418,67546788,79567,RIPOR1
2,199955317,200008540,79568,MAIP1
1,31179745,31239554,79570,NKAIN1
7,127580618,127593611,79571,GCC1
3,194402672,194498364,79572,ATP13A3
1,230906243,230978875,79573,TTC13
1,109750080,109764027,79574,EPS8L3
19,17292131,17310236,79575,ABHD8
1,193122017,193253901,79577,CDC73
8,144354135,144361272,79581,SLC52A2
2,213284379,214410501,79582,SPAG16
16,75536744,75556286,79583,TMEM231
16,4354542,4425705,79585,CORO7
2,219538947,219543787,79586,CHPF
13,110641412,110713603,79587,CARS2
1,156737303,156741590,79590,MRPL24
10,101845599,102056193,79591,C10orf76
1,20499448,20508161,79594,MUL1
2,127941217,128028120,79595,SAP130
13,78614291,78659179,79596,RNF219
3,101723925,101770562,79598,CEP97
12,110614027,110649430,79600,TCTN1
12,1688574,1788678,79602,ADIPOR2
19,8206736,8262421,79603,CERS4
1,230314482,230426371,79605,PGBD5
11,126211414,126262986,79607,FAM118B
11,8106093,8169055,79608,RIC3
14,50108632,50116600,79609,VCPKMT
12,80936414,81261205,79611,ACSS3
13,41311205,41377030,79612,NAA16
16,68843604,69085180,79613,TANGO6
5,160251652,160345396,79616,CCNJL
8,28890394,29064764,79618,HMBOX1
13,50909678,50973745,79621,RNASEH2B
16,53010,57669,79622,SNRNP25
2,30910467,31155202,79623,GALNT14
6,151452258,151470101,79624,ARMT1
4,121035613,121073021,79625,NDNF
1,151156629,151159749,79626,TNFAIP8L2
6,71288803,71308950,79627,OGFRL1
5,148923639,149063163,79628,SH3TC2
19,17226204,17229219,79629,OCEL1
1,150268200,150280916,79630,C1orf54
15,82130230,82262763,79631,EFL1
6,118959763,119149387,79632,FAM184A
4,125316399,125492932,79633,FAT4
2,174395730,174429575,79634,SCRN3
2,27625639,27629012,79635,CCDC121
17,75109952,75130265,79637,ARMC7
1,44635238,44674555,79639,TMEM53
22,41688939,41698136,79640,C22orf46
16,4796968,4802950,79641,ROGDI
4,113900284,113979727,79642,ARSJ
17,80991598,81009517,79643,CHMP6
4,55346109,55373096,79644,SRD5A3
8,48710789,48735311,79645,EFCAB1
5,168548495,168579600,79646,PANK3
1,38991223,39006059,79647,AKIRIN1
8,6406592,6648504,79648,MCPH1
16,57999546,58021618,79650,USB1
17,76470891,76501790,79651,RHBDF2
16,1528688,1555580,79652,TMEM204
1,45002540,45011329,79654,HECTD3
1,48727523,48776969,79656,BEND5
12,47661249,47706061,79657,RPAP3
4,147732063,148072780,79658,ARHGAP10
11,103109431,103479863,79659,DYNC2H1
8,9136255,9151574,79660,PPP1R3B
15,75346955,75357114,79661,NEIL1
3,122740003,122793824,79663,HSPBAP1
15,60419609,60479160,79664,ICE2
17,59565525,59608345,79665,DHX40
8,95133804,95156684,79666,PLEKHF2
4,38612701,38664883,79667,KLF3-AS1
5,50665899,50846522,79668,PARP8
3,112086335,112131004,79669,C3orf52
9,86287733,86354454,79670,ZCCHC6
11,119166568,119184016,79671,NLRX1
17,82716683,82730328,79672,FN3KRP
19,58126252,58155110,79673,ZNF329
3,157259742,157533619,79674,VEPH1
2,169529749,169573875,79675,FASTKD1
12,122974580,122980043,79676,OGFOD2
2,17663812,17800242,79677,SMC6
1,117143587,117210960,79679,VTCN1
22,19846138,19854896,79680,C22orf29
4,184694618,184734133,79682,CENPU
6,157381133,157678146,79683,ZDHHC14
11,124766498,124800673,79684,MSANTD2
5,154445957,154461054,79685,SAP30L
7,88270892,88306891,79689,STEAP4
7,100159244,100168750,79690,GAL3ST4
3,114005833,114088422,79691,QTRT2
6,26634383,26659752,79692,ZNF322
1,37802944,37808185,79693,YRDC
6,95577543,95609457,79694,MANEA
9,98807699,98850081,79695,GALNT12
14,75064170,75079987,79696,ZC2HC1C
14,73490964,73493392,79697,RIOX1
8,40530590,40897833,79698,ZMAT4
1,52726467,52827342,79699,ZYG11B
17,82389223,82418637,79701,OGFOD3
11,66744451,66843328,79703,C11orf80
15,100919215,101078254,79705,LRRK1
7,102363872,102426676,79706,PRKRIP1
1,6521347,6554535,79707,NOL9
19,17555594,17583162,79709,COLGALT1
14,24180219,24188964,79711,IPO4
2,143938068,144332568,79712,GTDC1
19,35738801,35742453,79713,IGFLR1
3,48432164,48440456,79714,CCDC51
20,58689131,58719238,79716,NPEPL1
1,42456117,42473385,79717,PPCS
3,177019340,177228000,79718,TBL1XR1
15,67201033,67255195,79719,AAGAB
12,122865328,122896444,79720,VPS37B
5,56099678,56233359,79722,ANKRD55
10,14878820,14904315,79723,SUV39H2
16,30524001,30526821,79724,ZNF768
4,82900684,82919969,79725,THAP9
16,74871367,75000173,79726,WDR59
1,26410778,26429722,79727,LIN28A
16,23603160,23641310,79728,PALB2
1,36306387,36324886,79729,SH3D21
4,40749897,40809985,79730,NSUN7
11,78435961,78574874,79731,NARS2
11,19224063,19241620,79733,E2F8
22,37051736,37063390,79734,KCTD17
19,49877425,49888749,79735,TBC1D17
17,30897336,30906820,79736,TEFM
12,76344474,76348442,79738,BBS10
1,83865028,83999150,79739,TTLL7
3,167240287,167381346,79740,ZBBX
10,32446140,32882874,79741,CCDC7
19,57487711,57496097,79744,ZNF419
2,29097705,29189643,79745,CLIP4
10,11742366,11764070,79746,ECHDC3
6,146598965,146815462,79747,ADGB
15,74812716,74825758,79748,LMAN1L
3,21412222,22373321,79750,ZNF385D
11,790475,798333,79751,SLC25A22
8,81701334,81732903,79752,ZFAND1
1,37534449,37554344,79753,SNIP1
10,5638867,5666595,79754,ASB13
17,82829435,82840578,79755,ZNF750
13,51767993,51804157,79758,DHRS12
16,31060843,31074320,79759,ZNF668
19,45079195,45091524,79760,GEMIN7
1,220689845,220699157,79762,C1orf115
19,55452985,55462343,79763,ISOC2
16,67199111,67204029,79767,ELMO3
15,34140674,34210096,79768,KATNBL1
5,134873803,134901525,79770,TXNDC15
5,94703741,95284575,79772,MCTP1
13,113324164,113364148,79774,GRTP1
8,76681219,76867285,79776,ZFHX4
17,45132600,45144181,79777,ACBD4
7,1428465,1459502,79778,MICALL2
11,96352769,96389923,79780,CCDC82
2,236324147,236507542,79781,IQCA1
3,169839179,169869930,79782,LRRC31
7,40134977,40860763,79783,SUGCT
19,50188186,50310545,79784,MYH14
12,18080869,18320107,79785,RERGL
16,84648525,84667686,79786,KLHL36
19,53159213,53193386,79788,ZNF665
14,95181940,95319906,79789,CLMN
16,87326987,87392142,79791,FBXO31
8,143553207,143563062,79792,GSDMD
12,116710185,116738070,79794,C12orf49
11,111782195,111871581,79796,ALG9
11,46700818,46705912,79797,ZNF408
16,31458080,31467166,79798,ARMC5
4,68928463,68951791,79799,UGT2A3
2,202912214,202987063,79800,CARF
16,46580554,46621626,79801,SHCBP1
1,222522258,222548103,79802,HHIPL2
10,102065390,102068038,79803,HPS6
4,173527270,173591324,79804,HAND2-AS1
1,212950520,212992037,79805,VASH2
4,105708778,105847728,79807,GSTCD
2,165857475,165953843,79809,TTC21B
5,72320367,72368395,79810,PTCD2
15,58879045,58933653,79811,SLTM
10,86935540,86969481,79812,MMRN2
9,137618963,137870016,79813,EHMT1
1,15572353,15585110,79814,AGMAT
8,98189833,98294393,79815,NIPAL2
19,2977446,2995184,79816,TLE6
9,27325209,27529781,79817,MOB3B
19,57803841,57814913,79818,ZNF552
1,66812885,66924887,79819,WDR78
14,91580696,91780707,79820,CATSPERB
18,6729718,6915716,79822,ARHGAP28
2,44361950,44772592,79823,CAMKMT
3,129001629,129040742,79825,EFCC1
11,123069865,123195281,79827,CLMP
2,171317405,171434802,79828,METTL8
11,63938959,63957328,79829,NAA40
1,35059786,35115859,79830,ZMYM1
16,27203495,27221768,79831,KDM8
11,32893178,32993316,79832,QSER1
2,38751534,38785000,79833,GEMIN6
15,77100656,77420144,79834,PEAK1
12,57591174,57603418,79837,PIP4K2C
16,19410496,19499113,79838,TMC5
18,68715209,69055189,79839,CCDC102B
2,219075317,219160865,79840,NHEJ1
11,47659591,47715389,79841,AGBL2
11,62748319,62754188,79842,ZBTB3
2,224378698,224402085,79843,FAM124B
5,795606,850986,79844,ZDHHC11
8,33547755,33567125,79845,RNF122
7,90245174,90311063,79846,CFAP69
10,102461395,102477045,79847,MFSD13A
8,67062426,67196263,79848,CSPP1
11,119185457,119190223,79849,PDZD3
17,732412,742972,79850,FAM57A
19,15226919,15233435,79852,EPHX3
2,227362156,227381995,79853,TM4SF20
1,826206,827522,79854,LINC00115
15,64151715,64157481,79856,SNX22
12,31324316,31325829,79857,FLJ13224
3,131026850,131350465,79858,NEK11
10,5393098,5404830,79861,TUBAL3
1,247099962,247104372,79862,ZNF669
18,80034358,80046397,79863,RBFA
11,122882528,122959798,79864,C11orf63
6,41190277,41201194,79865,TREML2
13,72727749,72756198,79866,BORA
12,123671113,123708403,79867,TCTN2
11,61402641,61430031,79869,CPSF7
8,103140710,103230305,79870,BAALC
1,92298965,92402056,79871,RPAP2
7,107743697,107761667,79872,CBLL1
8,22106872,22109419,79873,NUDT18
16,28904421,28936526,79874,RABEP2
15,71096952,71783383,79875,THSD4
3,132654446,132678097,79876,UBA5
17,45023340,45061109,79877,DCAKD
22,41800679,41826299,79879,CCDC134
14,88562909,88627596,79882,ZC3H14
19,13931187,13953392,79883,PODNL1
4,155342658,155376970,79884,MAP9
3,13479724,13506424,79885,HDAC11
9,26840685,26892804,79886,CAAP1
12,14503661,14568349,79887,PLBD1
5,1456480,1523977,79888,LPCAT1
14,92513774,92688994,79890,RIN3
19,57719751,57727624,79891,ZNF671
10,119829404,119892556,79892,MCMBP
17,36544888,36589848,79893,GGNBP2
1,248838210,248849517,79894,ZNF672
15,49858238,50182817,79895,ATP8B4
10,25016658,25026664,79896,THNSL1
6,30345131,30346884,79897,RPP21
19,51927147,51948759,79898,ZNF613
11,36296288,36465204,79899,PRR5L
2,171522247,171558133,79901,CYBRD1
17,75205659,75235758,79902,NUP85
16,3443611,3486963,79903,NAA60
16,18983934,19063942,79905,TMC7
1,2321253,2391707,79906,MORN1
5,180899077,180950906,79908,BTNL8
12,21437615,21471252,79912,PYROXD1
20,38748442,38772520,79913,ACTR5
17,30831970,30895869,79915,ATAD5
16,58515479,58521181,79918,SETD6
2,240886048,240896889,79919,C2orf54
17,36601572,36608971,79922,MRM1
12,7787794,7799141,79923,NANOG
22,50481556,50486440,79924,ADM2
5,35617844,35814611,79925,SPEF2
1,26159020,26163962,79927,FAM110D
3,183815876,183825594,79929,MAP6D1
5,177501907,177511274,79930,DOK3
4,121131408,121227466,79931,TNIP3
1,35433490,35557950,79932,KIAA0319L
10,73644881,73663803,79933,SYNPO2L
19,40691529,40718207,79934,COQ8B
19,40222208,40226690,79935,CNTD2
9,39072767,39288315,79937,CNTNAP3
19,16549831,16572382,79939,SLC35E1
8,143289676,143298061,79943,ZNF696
14,50237563,50312548,79944,L2HGDH
10,102449837,102451543,79946,C10orf95
1,26432282,26471294,79947,DHDDS
19,812488,821977,79948,PLPPR3
10,113751454,113783429,79949,PLEKHS1
20,24469199,24666616,79953,SYNDIG1
2,10570766,10689987,79954,NOL10
10,101007683,101031157,79955,PDZD7
9,5765076,5833117,79956,ERMP1
1,156243321,156248117,79957,PAQR6
19,6467207,6482557,79958,DENND1C
18,12661833,12702777,79959,CEP76
4,128809623,128875224,79960,JADE1
1,111187174,111204535,79961,DENND2D
12,49346917,49357546,79962,DNAJC22
4,425435,474129,79963,ABCA11P
4,82629539,82798857,79966,SCD5
15,43826963,43868419,79968,WDR76
6,30626842,30646823,79969,ATAT1
7,149547154,149624752,79970,ZNF767P
1,68098473,68233120,79971,WLS
19,12345949,12365905,79973,ZNF442
7,120988677,121297444,79974,CPED1
8,101492432,101669726,79977,GRHL2
20,36751791,36773818,79980,DSN1
6,168055745,168081557,79981,FRMD1
4,99896248,99946726,79982,DNAJB14
19,52968251,53037898,79986,ZNF702P
9,110365251,110579880,79987,SVEP1
7,139133744,139191986,79989,TTC26
17,42667914,42676994,79990,PLEKHH3
10,103882542,103918205,79991,STN1
6,161160105,161161982,79992,AGPAT4-IT1
5,60751791,60844389,79993,ELOVL7
2,70978380,70985499,79998,ANKRD53
18,21242242,21525417,80000,GREB1L
1,232983435,233295713,80003,PCNX2
16,68229111,68238102,80004,ESRP2
8,25184723,25418082,80005,DOCK5
5,65624716,65666233,80006,TRAPPC13
10,122930903,122954403,80007,C10orf88
4,38966744,39032922,80008,TMEM156
9,83980711,84004074,80010,RMI1
16,57152466,57186116,80011,FAM192A
3,170086732,170181749,80012,PHC3
10,15778170,15860520,80013,MINDY3
4,183099293,183320777,80014,WWC2
14,91060333,91225632,80017,C14orf159
12,112026689,112109022,80018,NAA25
10,97498868,97571209,80019,UBTD1
22,36487190,36507101,80020,FOXRED2
15,43123279,43185146,80021,TMEM62
20,346782,359660,80023,NRSN2
12,113298759,113359493,80024,SLC8B1
20,3888839,3929882,80025,PANK2
7,5431335,5513798,80028,FBXL18
15,47184101,47774223,80031,SEMA6D
19,2867335,2883445,80032,ZNF556
2,165469647,165689407,80034,CSRNP3
9,70529063,71446904,80036,TRPM3
17,18524566,18526846,80039,FAM106A
1,9100305,9129170,80045,GPR157
19,33302857,33305054,80054,CEBPA-AS1
2,196833004,196927796,80055,PGAP1
2,76747719,77593319,80059,LRRTM4
16,10326434,10483638,80063,ATF7IP2
2,171434217,171485052,80067,DCAF17
6,169790321,169802873,80069,LINC00574
12,43353866,43551921,80070,ADAMTS20
11,124954121,125041489,80071,CCDC15
15,72376113,72378788,80072,HEXA-AS1
19,57977053,58003349,80095,ZNF606
2,130181737,130190729,80097,MZT2B
5,178895894,178933212,80108,ZFP2
19,52012765,52030240,80110,ZNF614
3,133928145,133929812,80111,C3orf36
10,58513140,58831437,80114,BICC1
22,38084889,38110670,80115,BAIAP2L2
3,160677159,160678452,80117,ARL14
15,64815632,64825668,80119,PIF1
2,134964491,135047468,80122,MAP3K19
8,66628487,66667217,80124,VCPIP1
15,74202705,74336472,80125,CCDC33
14,74019353,74082863,80127,BBOF1
1,155173787,155184971,80128,TRIM46
6,151494030,151621193,80129,CCDC170
19,7888505,7902021,80131,LRRC8E
1,170935471,171064765,80133,MROH9
1,84479259,84497790,80135,RPF1
8,37695751,37700021,80139,ZNF703
9,128120693,128128462,80142,PTGES2
1,114769479,114780685,80143,SIKE1
4,78057570,78544269,80144,FRAS1
3,63833870,63863903,80145,THOC7
2,106093303,106194339,80146,UXS1
18,79902420,79951664,80148,PQLC1
1,37474552,37484379,80149,ZC3H12A
11,62337448,62393412,80150,ASRGL1
16,67828157,67847811,80152,CENPT
15,74630558,74696292,80153,EDC3
4,139301455,139420033,80155,NAA15
4,48986247,49062081,80157,CWH43
11,289135,296107,80162,PGGHG
19,7868719,7874379,80164,PRR36
4,127965306,128039711,80167,ABHD18
11,75717819,75732958,80168,MOGAT2
17,8224821,8248044,80169,CTC1
9,26947039,27062930,80173,IFT74
17,44708608,44752264,80174,DBF4B
1,9292880,9369532,80176,SPSB1
6,152697895,152724567,80177,MYCT1
16,2460080,2464963,80178,C16orf59
17,36495633,36543435,80179,MYO19
13,46342000,46438190,80183,RUBCNL
12,88049014,88142216,80184,CEP290
8,33473386,33513601,80185,TTI2
11,67461710,67469272,80194,TMEM134
10,80078646,80092557,80195,TMEM254
12,121400041,121430623,80196,RNF34
11,65857126,65867653,80198,MUS81
19,49806869,49817376,80199,FUZ
10,69220303,69267559,80201,HKDC1
2,47789316,47905793,80204,FBXO11
16,53055033,53329150,80205,CHD9
18,36297714,36780055,80206,FHOD3
19,45527427,45602212,80207,OPA3
15,44562696,44663678,80208,SPG11
13,39009866,39038076,80209,PROSER1
2,231198546,231374837,80210,ARMC9
12,123918660,123972831,80212,CCDC92
15,101621444,101652391,80213,TM2D3
4,112285509,112442620,80216,ALPK1
10,104129888,104232362,80217,CFAP43
3,113716460,113746300,80218,NAA50
2,197453423,197475308,80219,COQ10B
17,50426158,50474845,80221,ACSF2
1,150487364,150507609,80222,TARS2
8,37858618,37899467,80223,RAB11FIP1
14,31489956,31861224,80224,NUBPL
11,73876699,73931124,80227,PAAF1
7,102433106,102456821,80228,ORAI2
5,179550558,179610026,80230,RUFY1
1,224385143,224437033,80232,WDR26
17,81539885,81553961,80233,FAAP100
3,196946343,196969060,80235,PIGZ
15,43772600,43777543,80237,ELL3
8,67952118,68237030,80243,PREX2
3,134485743,134575017,80254,CEP63
2,113705011,113756823,80255,SLC35F5
9,35104112,35116341,80256,FAM214B
16,67109958,67148539,80262,C16orf70
1,117111060,117122587,80263,TRIM45
19,21020620,21060050,80264,ZNF430
1,184690231,184754913,80267,EDEM3
16,30985207,30989152,80270,HSD3B7
19,40717103,40740860,80271,ITPKC
4,7058906,7068197,80273,GRPEL1
22,43197283,43343388,80274,SCUBE1
17,47967810,47981774,80279,CDK5RAP3
12,106977291,106987166,80298,MTERF2
15,64841883,64868007,80301,PLEKHO2
2,232606057,232682781,80303,EFHD1
2,24029340,24049575,80304,WDCP
22,50185915,50199598,80305,TRABD
4,17614631,17634105,80306,MED28
1,154983338,154993111,80308,FLAD1
2,227979950,228181645,80309,SPHKAP
11,103907186,104164379,80310,PDGFD
10,68560656,68694482,80312,TET1
10,132332154,132379918,80313,LRRC27
10,32267751,32378798,80314,EPC1
5,173888280,173961976,80315,CPEB4
6,28349914,28369177,80317,ZKSCAN3
9,83739421,83829516,80318,GKAP1
4,104468312,104494901,80319,CXXC4
17,47844908,47855874,80320,SP6
3,138494344,138594538,80321,CEP70
18,54901509,54959508,80323,CCDC68
12,131929200,131945896,80324,PUS1
3,127672935,127680920,80325,ABTB1
2,218880363,218899581,80326,WNT10A
6,149942000,149949235,80328,ULBP2
6,149964007,149973710,80329,ULBP1
20,63895182,63936031,80331,DNAJC5
20,3667965,3682246,80332,ADAM33
4,20728616,21948799,80333,KCNIP4
3,52254421,52288020,80335,WDR82
20,44910062,44959035,80336,PABPC1L
22,43923739,43964488,80339,PNPLA3
20,33007600,33023709,80341,BPIFB2
1,209756032,209782320,80342,TRAF3IP3
20,13849247,13996443,80343,SEL1L2
14,24114195,24125242,80344,DCAF11
6,28124560,28130082,80345,ZSCAN16
8,22138020,22141951,80346,REEP4
17,42561467,42566277,80347,COASY
15,78277835,78299794,80349,WDR61
6,160453428,160520269,80350,LPAL2
10,91798312,91865276,80351,TNKS2
6,30070266,30075887,80352,RNF39
9,5510570,5571254,80380,PDCD1LG2
15,73683966,73714518,80381,CD276
19,4444999,4457822,80700,UBXN6
2,227685210,227718012,80704,SLC19A3
2,98997261,99154964,80705,TSGA10
9,114334156,114394405,80709,AKNA
19,19561707,19618916,80714,PBX4
3,136818647,136855892,80723,SLC35G2
12,111686056,111757107,80724,ACAD10
17,38530016,38605930,80725,SRCIN1
19,18257097,18274509,80726,KIAA1683
7,2631951,2664802,80727,TTYH3
8,144529179,144605816,80728,ARHGAP39
2,136765545,137677717,80731,THSD7B
6,31863192,31879046,80736,SLC44A4
6,31765590,31777294,80737,VWA7
6,31718594,31726714,80739,MPIG6B
6,31718648,31721845,80740,LY6G6C
6,31676684,31684040,80741,LY6G5C
6,30556886,30563723,80742,PRR3
2,39736060,39779267,80745,THUMPD2
3,12484432,12539623,80746,TSEN2
17,42950526,42964498,80755,AARSD1
14,105526603,105530202,80757,TMEM121
5,177446445,177456286,80758,PRR7
6,73241314,73310365,80759,KHDC1
10,7559270,7666998,80760,ITIH5
5,142108505,142154443,80762,NDFIP1
12,21526307,21537377,80763,SPX
22,20999104,21002196,80764,THAP7
15,81309053,81324183,80765,STARD5
1,1324756,1328897,80772,CPTP
17,63695902,63701172,80774,LIMD2
2,119679167,119686507,80775,TMEM177
19,41354421,41364173,80776,B9D2
16,69424525,69466266,80777,CYB5B
8,144773114,144787345,80778,ZNF34
21,45405137,45513720,80781,COL18A1
11,62646848,62653302,80789,INTS5
16,81445170,81711762,80790,CMIP
18,33578577,33751192,80816,ASXL3
4,174283677,174333380,80817,CEP44
1,23359448,23369442,80818,ZNF436
7,36153149,36301543,80820,EEPD1
14,53036745,53153282,80821,DDHD1
12,12474210,12562383,80824,DUSP16
11,58579111,58621042,80829,ZFP91
22,35648395,35668409,80830,APOL6
22,35717872,35729483,80831,APOL5
22,36189124,36204840,80832,APOL4
22,36140330,36166177,80833,APOL3
1,18839599,18859682,80834,TAS1R2
1,6555181,6579757,80835,TAS1R1
1,248810446,248826633,80851,SH3BP5L
3,14489111,14556075,80852,GRIP2
7,140084746,140177035,80853,KDM7A
4,139495941,139606699,80854,SETD7
2,175923892,176002839,80856,LNPK
6,30001011,30061640,80862,ZNRD1ASP
6,32148359,32154373,80863,PRRT1
6,32164583,32168281,80864,EGFL8
2,238170401,238203729,80895,ILKAP
1,182789293,182830384,80896,NPL
11,113687550,113706373,80975,TMPRSS5
1,38874451,38881587,81025,GJA9
20,59019254,59026654,81027,TUBB1
12,1529891,1647243,81029,WNT5B
20,57603846,57620576,81030,ZBP1
20,46709487,46736347,81031,SLC2A10
17,63523334,63548977,81033,KCNH6
8,103398635,103415189,81034,SLC25A32
18,316740,500722,81035,COLEC12
5,1317744,1345099,81037,CLPTM1L
3,98087173,98088102,81050,OR5AC2
22,15528158,15529139,81061,OR11H1
19,107461,111696,81099,OR4F17
14,19975444,19976659,81127,OR4K15
11,56136771,56137718,81168,OR8J3
11,4914719,4915663,81282,OR51G2
11,4680171,4697854,81285,OR51E2
11,55638358,55639296,81300,OR4P4
11,55554307,55555419,81309,OR4C15
11,54706885,54707832,81318,OR4A5
11,55343201,55344187,81327,OR4A16
11,55367884,55368918,81328,OR4A15
11,58266792,58268260,81341,OR10W1
11,59748811,59749574,81343,OR10V2P
7,99875987,99877057,81392,OR2AE1
1,685716,686654,81399,OR4F16
1,158776682,158777635,81442,OR6N2
1,158699678,158700652,81448,OR6K2
1,248021948,248022886,81466,OR2L5
1,247605586,247606515,81469,OR2G3
1,247588360,247589313,81470,OR2G2
1,247530132,247533839,81472,OR2C3
15,57706629,57782762,81488,POLR2M
11,448268,491399,81490,PTDSS2
6,96794126,96837463,81491,GPR63
19,45795710,45815319,81492,RSPH6A
1,32680360,32703596,81493,SYNC
1,196977556,197009674,81494,CFHR5
8,104339087,104356689,81501,DCSTAMP
20,31514428,31577923,81502,HM13
11,1469457,1501247,81532,MOB2
16,47154387,47464149,81533,ITFG1
14,63684214,63728039,81537,SGPP1
12,46183063,46270017,81539,SLC38A1
14,51240162,51257546,81542,TMX1
21,44455486,44462196,81543,LRRC3
11,75434640,75525903,81544,GDPD5
5,148383935,148442836,81545,FBXO38
13,60396457,60573878,81550,TDRD3
8,27235323,27258420,81551,STMN4
7,55436056,55572988,81552,VOPP1
2,16549459,16666331,81553,FAM49A
7,75027122,75074228,81554,RCC1L
5,144158159,144170714,81555,YIPF5
15,65578753,65611289,81556,INTS14
17,49710332,49789180,81558,FAM117A
1,228393673,228406840,81559,TRIM11
2,96705929,96740064,81562,LMAN2L
1,184387058,184629020,81563,C1orf21
17,8413131,8490411,81565,NDEL1
12,51061205,51083664,81566,CSRNP2
6,7881517,7910814,81567,TXNDC5
1,17755313,17827063,81569,ACTL8
11,72292425,72434680,81570,CLPB
9,123109494,123115477,81571,MIR600HG
20,31944342,31952092,81572,PDRG1
1,70260588,70354734,81573,ANKRD13C
12,12725917,12829975,81575,APOLD1
19,13731760,13763296,81576,CCDC130
16,67674531,67719421,81577,GFOD2
6,56056590,56394094,81578,COL21A1
4,109709989,109730077,81579,PLA2G12A
13,49247925,49293485,81602,CDADC1
10,102644496,102658407,81603,TRIM8
9,128371319,128392016,81605,URM1
2,30231531,30323730,81606,LBH
1,161070995,161089599,81607,NECTIN4
4,53377643,53460861,81608,FIP1L1
1,151612065,151699091,81609,SNX27
20,38926312,38953106,81610,FAM83D
1,150218417,150236156,81611,ANP32E
15,22838641,22868384,81614,NIPA2
2,134455759,134719000,81615,TMEM163
19,6135247,6193094,81616,ACSBG2
13,49308650,49444126,81617,CAB39L
2,230864639,230879248,81618,ITM2C
10,80454166,80533123,81619,TSPAN14
16,88803213,88809258,81620,CDT1
10,101061841,101068131,81621,KAZALD1
11,67991104,68004982,81622,UNC93B1
20,142369,145751,81623,DEFB126
13,59665583,60163987,81624,DIAPH3
1,182899865,182953525,81626,SHCBP1L
1,185118098,185157072,81627,TRMT1L
7,100463359,100479279,81628,TSC22D4
1,32351521,32364312,81629,TSSK3
16,87383995,87404779,81631,MAP1LC3B
1,1385711,1399328,81669,CCNL2
17,59707192,59842255,81671,VMP1
6,24704861,24720836,81688,C6orf62
9,86264546,86283102,81689,ISCA1
16,20806429,20849668,81691,REXO5
14,102922656,102933596,81693,AMN
6,29355230,29431967,81696,OR5V1
6,27911185,27912396,81697,OR2B2
9,214854,465259,81704,DOCK8
6,150143076,150250357,81706,PPP1R14C
5,181193924,181205293,81786,TRIM7
1,205302059,205321791,81788,NUAK2
5,149993118,150001167,81789,TIGD6
8,42849637,42897290,81790,RNF170
5,33523535,33892192,81792,ADAMTS12
4,38772239,38782990,81793,TLR10
19,8580242,8610735,81794,ADAMTS10
8,69667047,69835064,81796,SLCO5A1
6,29373423,29375291,81797,OR12D3
16,47077703,47143997,81831,NETO2
18,72742314,72868146,81832,NETO1
6,88047789,88066832,81833,SPACA1
1,115641953,115698224,81839,VANGL1
7,101085439,101097967,81844,TRIM56
11,9778667,10294207,81846,SBF2
6,127266610,127288567,81847,RNF146
5,142310427,142326455,81848,SPRY4
1,76867441,77065711,81849,ST6GALNAC5
17,41033884,41034855,81850,KRTAP1-3
17,41040559,41041461,81851,KRTAP1-1
6,10747759,10852753,81853,TMEM14B
10,101031234,101041244,81855,SFXN3
19,52702813,52735073,81856,ZNF611
19,49818279,49838816,81857,MED25
8,144098633,144108124,81858,SHARPIN
17,41255384,41256364,81870,KRTAP9-9
17,41139433,41140487,81871,KRTAP4-6
17,41046541,41047316,81872,KRTAP2-1
9,124862130,124877733,81873,ARPC5L
1,156721891,156728799,81875,ISG20L2
11,66268533,66277492,81876,RAB1B
1,43451003,43453989,81888,HYI
16,1826941,1840207,81889,FAHD1
19,10701430,10713437,81890,QTRT1
14,77708071,77761104,81892,SLIRP
10,99610522,99620609,81894,SLC25A28
19,1876810,1885547,81926,ABHD17A
20,62388632,62407285,81928,CABLES2
18,12947133,12987536,81929,SEH1L
11,28020620,28108308,81930,KIF18A
19,19900913,19935575,81931,ZNF93
9,113373419,113376999,81932,HDHD3
17,6451264,6556494,83394,PITPNM3
10,102226328,102229589,83401,ELOVL3
1,157513377,157552520,83416,FCRL5
1,157573749,157598080,83417,FCRL4
2,85133410,85310388,83439,TCF7L1
15,72751369,72785846,83440,ADPGK
1,26279176,26281522,83442,SH3BGRL3
6,144094881,144095573,83443,SF3B5
2,74455023,74457960,83444,INO80B
12,13083560,13103683,83445,GSG1
13,51861981,51866232,83446,CCDC70
4,127730378,127774299,83447,SLC25A31
12,43718993,43758817,83448,PUS7L
16,72112157,72176878,83449,PMFBP1
17,17972813,18016889,83450,DRC3
7,73736094,73738867,83451,ABHD11
4,139453232,139476609,83452,RAB33B
17,3668815,3669668,83460,EMC6
12,6844793,6852066,83461,CDCA3
5,177301461,177312757,83463,MXD3
15,63276018,63309126,83464,APH1B
12,103988984,104064183,83468,GLT8D2
18,46917492,47102243,83473,KATNAL2
19,3490821,3500940,83475,DOHH
4,85475114,86002670,83478,ARHGAP24
1,200623896,200669969,83479,DDX59
11,125893485,125903221,83480,PUS3
8,143857324,143878464,83481,EPPK1
8,144330565,144336281,83482,SCRT1
19,17351448,17377350,83483,PLVAP
17,41930635,41965651,83538,TTC25
18,26906481,27185317,83539,CHST9
1,163266576,163355764,83540,NUF2
20,833715,857463,83541,FAM110A
9,131096476,131123152,83543,AIF1L
14,73644875,73703732,83544,DNAL1
19,12825478,12835428,83546,RTBDN
17,1646145,1650077,83547,RILP
13,45464898,45536630,83548,COG3
9,131523801,131531268,83549,UCK1
6,132552693,132553721,83551,TAAR8
11,119338942,119346673,83552,MFRP
7,151081080,151083546,83590,TMUB1
12,71663009,71680639,83591,THAP2
10,4786629,4848062,83592,AKR1E2
1,206507530,206589448,83593,RASSF5
5,103548855,103562793,83594,NUDT12
8,10723768,10730512,83595,SOX7
19,49665142,49673916,83596,BCL2L12
3,46497491,46500949,83597,RTP3
3,46557398,46559694,83598,LRRC2-AS1
7,44999475,45076469,83605,CCM2
22,24540423,24555935,83606,GUCD1
2,127861630,127885922,83607,AMMECR1L
18,35972083,35979286,83608,C18orf21
19,29698886,29715789,83636,C19orf12
7,44748581,44769881,83637,ZMIZ2
11,65916808,65919117,83638,C11orf68
19,43401496,43418597,83639,TEX101
15,82986207,82991057,83640,FAM103A1
10,14518557,14774897,83641,FAM107B
22,50200979,50217616,83642,SELENOO
10,12896625,13099652,83643,CCDC3
8,11421463,11474715,83648,FAM167A
8,11330888,11332208,83650,SLC35G5
8,11368402,11438658,83656,FAM167A-AS1
16,80540734,80550760,83657,DYNLRB2
20,34516409,34540958,83658,DYNLRB1
17,6789133,6831761,83659,TEKT1
15,62390526,62844631,83660,TLN2
11,60699574,60715811,83661,MS4A8
3,122527924,122564577,83666,PARP9
1,28259527,28282491,83667,SESN2
8,74984515,75034558,83690,CRISPLD1
16,84122146,84145192,83693,HSDL1
14,74903954,74923396,83694,RPS6KL1
12,2876258,2889523,83695,RHNO1
8,139730343,140458579,83696,TRAPPC9
5,140360202,140375143,83697,SLC4A9
7,71779491,72447151,83698,CALN1
6,79631283,79703659,83699,SH3BGRL2
11,134068925,134152001,83700,JAM3
11,64206678,64223886,83706,FERMT3
11,64223799,64226254,83707,TRPT1
12,2825348,2835544,83714,NRIP2
1,6424788,6461370,83715,ESPN
16,84819984,84920768,83716,CRISPLD2
16,30092314,30096915,83719,YPEL3
16,30024427,30052978,83723,FAM57B
12,57452323,57459280,83729,INHBE
6,7389496,7418037,83732,RIOK1
22,17563439,17590994,83733,SLC25A18
5,81972025,82276857,83734,ATG10
20,34363235,34511393,83737,ITCH
6,50713828,50772988,83741,TFAP2D
10,97713173,97718152,83742,MARVELD1
19,48445773,48457022,83743,GRWD1
9,92845031,92878038,83744,ZNF484
22,41205205,41231271,83746,L3MBTL2
16,48244296,48363122,83752,LONP2
17,41123091,41124167,83755,KRTAP4-12
1,1331314,1335306,83756,TAS1R3
12,7123684,7128942,83758,RBP5
11,66664998,66677921,83759,RBM4B
11,65386599,65413525,83786,FRMD8
7,103074881,103099764,83787,ARMC10
6,39314698,39322968,83795,KCNK16
10,46578217,46594173,83849,SYT15
3,138434586,138481686,83850,ESYT3
14,61811974,62112550,83851,SYT16
13,49444374,49495003,83852,SETDB2
5,10441524,10472029,83853,ROPN1L
19,10092338,10102796,83854,ANGPTL6
19,1852399,1863568,83855,KLF16
9,105447796,105552433,83856,FSD1L
12,29500840,29784759,83857,TMTC1
1,1471769,1497848,83858,ATAD3B
10,7818504,8016627,83860,TAF3
6,158972871,159000187,83861,RSPH3
7,75986837,75994659,83862,TMEM120A
17,28714281,28718429,83871,RAB34
1,185734551,186190949,83872,HMCN1
1,109539872,109548406,83873,GPR61
22,30291990,30327046,83874,TBC1D10A
11,112175467,112224699,83875,BCO2
18,50795120,50825402,83876,MRO
8,38988808,38996824,83877,TM2D2
19,17249176,17282786,83878,USHBP1
2,173354820,173368997,83879,CDCA7
1,226223618,226227054,83881,MIXL1
17,81637171,81648749,83882,TSPAN10
5,141302629,141304045,83884,SLC25A2
16,2712418,2720551,83886,PRSS27
6,167325086,167359503,83887,TTLL2
4,15960243,15969309,83888,FGFBP2
19,37884823,37906677,83889,WDR87
5,95652181,95698711,83890,SPATA9
4,185204237,185370185,83891,SNX25
12,109448656,109477544,83892,KCTD10
3,172889358,173141268,83893,SPATA16
4,146706638,146945882,83894,TTC29
17,41026026,41027202,83895,KRTAP1-5
17,41008521,41019324,83896,KRTAP3-1
17,40999193,40999894,83897,KRTAP3-2
17,41226648,41227652,83899,KRTAP9-2
17,41232463,41233454,83900,KRTAP9-3
17,41226648,41227652,83901,KRTAP9-2
17,41314917,41315695,83902,KRTAP17-1
17,3723903,3726699,83903,GSG2
7,38178222,38230671,83930,STARD3NL
1,36339624,36385896,83931,STK40
1,231337104,231355023,83932,SPRTN
22,50245183,50251405,83933,HDAC10
11,100991989,100993941,83935,TMEM133
10,44959407,44995891,83937,RASSF4
10,75431453,76560167,83938,LRMDA
3,150546678,150584242,83939,EIF2A
8,124488485,124539458,83940,TATDN1
1,61681046,61725423,83941,TM2D1
5,113432554,113435031,83942,TSSK1B
7,110663051,111562517,83943,IMMP2L
1,206957965,206970625,83953,FCAMR
20,3227417,3239190,83959,SLC4A11
14,94127779,94130253,83982,IFI27L2
19,19512418,19515685,83983,TSSK6
16,28974221,28984548,83985,SPNS1
16,234546,268971,83986,FAM234A
19,46410372,46413584,83987,CCDC8
8,101686543,102124907,83988,NCALD
5,93618069,94111699,83989,FAM172A
17,61681266,61863521,83990,BRIP1
7,117710651,117874139,83992,CTTNBP2
1,119794018,119811660,83998,REG4
22,29073078,29168333,83999,KREMEN1
11,117900643,117929459,84000,TMPRSS13
3,183253244,183298504,84002,B3GNT5
1,228208130,228378874,84033,OBSCN
18,2847030,2915993,84034,EMILIN2
13,30202630,30307484,84056,KATNAL1
4,153344649,153415118,84057,MND1
2,74421678,74425755,84058,WDR54
5,90529344,91164437,84059,ADGRV1
7,92528773,92538005,84060,RBM48
6,15522801,15663058,84062,DTNBP1
19,35855861,35867109,84063,KIRREL2
18,47107403,47150520,84064,HDHD2
1,27322145,27336400,84065,TMEM222
1,178513077,178548602,84066,TEX35
11,6211335,6234711,84067,FAM160A2
4,146253975,146521964,84068,SLC10A7
1,966497,975865,84069,PLEKHN1
12,49582885,49605639,84070,FAM186B
6,108848416,108974472,84071,ARMC2
1,150698060,150720888,84072,HORMAD1
17,50508384,50531501,84073,MYCBPAP
17,76274049,76307998,84074,QRICH2
14,44504342,44507279,84075,FSCB
4,163471093,163473746,84076,TKTL2
3,14675099,14773034,84077,C3orf20
13,41189833,41194566,84078,KBTBD7
19,32597007,32676597,84079,ANKRD27
16,67662945,67667265,84080,ENKD1
17,30115521,30186475,84081,NSRP1
2,135136916,135531236,84083,ZRANB3
2,129979664,129982738,84084,RAB6C
6,145793502,145814753,84085,FBXO30
3,97764521,97801242,84100,ARL6
12,95516560,95551490,84101,USP44
12,104802553,104958744,84102,SLC41A2
4,99511004,99542303,84103,C4orf17
5,134904906,135007959,84105,PCBD2
19,8490056,8503112,84106,PRAM1
3,147386046,147406860,84107,ZIC4
10,103302796,103351134,84108,PCGF6
4,121329312,121381059,84109,QRFPR
7,99486519,99500324,84124,ZNF394
12,85036314,85263224,84125,LRRIQ1
3,48446710,48465716,84126,ATRIP
2,189441433,189475565,84128,WDR75
3,132558138,132660723,84129,ACAD11
9,78236062,78279690,84131,CEP78
7,6104884,6161564,84132,USP42
22,28883592,29057487,84133,ZNRF3
1,161225939,161230744,84134,TOMM40L
5,73565443,73583377,84135,UTP15
16,68284503,68310946,84138,SLC7A6OS
2,61824854,61854143,84140,FAM161A
2,75469302,75569722,84141,EVA1A
4,83459517,83523348,84142,FAM175A
1,85156873,85201046,84144,SYDE2
1,90915298,91022272,84146,ZNF644
16,31115754,31131393,84148,KAT8
17,39626740,39636626,84152,PPP1R1B
11,65714896,65720947,84153,RNASEH2C
6,110982015,111028263,84154,RPF2
10,61901300,62096944,84159,ARID5B
4,122152333,122362758,84162,KIAA1109
7,74796144,74851551,84163,GTF2IRD2
22,29788608,29838304,84164,ASCC2
16,56989485,57083531,84166,NLRC5
19,16496311,16521352,84167,C19orf44
2,69013178,69249327,84168,ANTXR1
10,98247690,98268250,84171,LOXL4
2,112541915,112577150,84172,POLR1B
2,85354394,85391752,84173,ELMOD3
20,36612318,36646216,84174,SLA2
4,681829,689441,84179,MFSD7
20,41402101,41618494,84181,CHD6
7,30771417,30892387,84182,MINDY4
9,37120539,37358149,84186,ZCCHC7
11,13668670,13732346,84188,FAR1
13,85792790,85799488,84189,SLITRK6
12,82358497,82479236,84190,METTL25
15,64072559,64094018,84191,FAM96A
14,99397746,99480889,84193,SETD3
1,21678298,21783606,84196,USP48
8,43093506,43123434,84197,POMK
18,9885726,9889275,84203,TXNDC2
15,82041778,82046141,84206,MEX3B
9,67859147,67902094,84210,ANKRD20A1
19,47520685,47555856,84215,ZNF541
12,43835967,44389762,84216,TMEM117
1,42430329,42456267,84217,ZMYND12
17,36428618,36439566,84218,TBC1D3F
16,684622,690444,84219,WDR24
2,109792758,109857695,84220,RGPD5
21,46161148,46184476,84221,SPATC1L
22,20701114,20704606,84222,TMEM191A
3,197889075,197960142,84223,IQCG
1,21440128,21485005,84224,NBPF3
17,4740015,4746119,84225,ZMYND15
2,27537386,27582721,84226,C2orf16
16,57694793,57731805,84229,DRC7
1,89633072,89769903,84230,LRRC8C
16,2155698,2178129,84231,TRAF7
8,144104499,144107611,84232,MAF1
11,85647967,85656547,84233,TMEM126A
2,226835581,226999215,84236,RHBDD1
3,193402077,193593111,84239,ATP13A4
5,81301590,81313297,84240,ZCCHC9
1,26826710,26857602,84243,ZDHHC18
19,13764532,13774282,84245,MRI1
5,6371881,6378594,84246,MED10
22,44492572,44498298,84247,RTL6
3,197737179,197787596,84248,FYTTD1
5,139795821,139844466,84249,PSD2
5,94618347,94739436,84250,SLF1
1,66533383,66748299,84251,SGIP1
9,127224265,127393660,84253,GARNL3
17,3860315,3894891,84254,CAMKK1
7,140293693,140404433,84255,SLC37A3
16,2911937,2951208,84256,FLYWCH1
19,50621307,50639827,84258,SYT3
11,103062076,103092215,84259,DCUN1D5
12,109900264,109983841,84260,TCHP
19,12688053,12696643,84261,FBXW9
7,1567330,1571005,84262,PSMG3
9,112379937,112472410,84263,HSDL2
16,726936,735525,84264,HAGHL
1,145964702,145978848,84265,POLR3GL
19,6372433,6375251,84266,ALKBH7
9,83938311,83956986,84267,C9orf64
17,5419641,5432876,84268,RPAIN
2,112584240,112589275,84269,CHCHD5
9,93096218,93113283,84270,CARD19
22,42583721,42614962,84271,POLDIP3
2,32277910,32316594,84272,YIPF4
4,56963370,56978823,84273,NOA1
12,120503274,120534434,84274,COQ5
1,9539482,9585179,84275,SLC25A33
3,49422946,49429326,84276,NICN1
7,73680969,73683453,84277,DNAJC30
2,73228006,73233238,84279,PRADC1
11,13388001,13463297,84280,BTBD10
2,189879609,190203484,84281,C2orf88
17,30968785,30999911,84282,RNF135
1,156282935,156293185,84283,TMEM79
1,232950605,232983882,84284,NTPCR
11,65996545,66002176,84285,EIF1AD
4,932387,958656,84286,TMEM175
10,97446131,97457370,84287,ZDHHC16
1,244969705,245127164,84288,EFCAB2
2,241687085,241729478,84289,ING5
16,55566672,55567687,84290,CAPNS2
19,12666800,12675832,84292,WDR83
10,80407829,80437115,84293,FAM213A
8,116766503,116849463,84294,UTP23
8,41529206,41545046,84296,GINS4
12,66116555,66130768,84298,LLPH
17,39728496,39730787,84299,MIEN1
6,33694293,33711727,84300,UQCC2
1,15617500,15669044,84301,DDI2
9,101473171,101533537,84302,TMEM246
3,126704220,126960406,84303,CHCHD6
11,64225941,64230686,84304,NUDT22
12,55901413,55932618,84305,PYM1
19,34404384,34426168,84306,PDCD2L
18,35241030,35267133,84307,ZNF397
16,4693694,4695859,84309,NUDT16L1
7,996986,1138260,84310,C7orf50
17,38297023,38323218,84311,MRPL45
14,35826318,35932325,84312,BRMS1L
17,42773436,42779599,84313,VPS25
17,8173237,8176399,84314,TMEM107
3,49908862,49930173,84315,MON1A
17,7856685,7885238,84316,NAA38
2,130338241,130342349,84317,CCDC115
12,389273,442645,84318,CCDC77
3,99817834,100181732,84319,CMSS1
1,180269653,180502954,84320,ACBD6
5,175917873,176034680,84321,THOC3
12,55752463,55817756,84324,SARNP
16,634427,636366,84326,METTL26
5,77072072,77087323,84327,ZBED3
1,9922113,9943407,84328,LZIC
12,110627841,110704950,84329,HVCN1
19,8509678,8514164,84330,ZNF414
16,636817,648474,84331,MCRIP2
10,80344745,80368073,84332,DYDC2
10,91163012,91284331,84333,PCGF5
14,103562962,103607523,84334,APOPT1
19,49869033,49878459,84335,AKT1S1
17,44011188,44023946,84336,TMEM101
19,11551147,11559236,84337,ELOF1
5,74721204,74767371,84340,GFM2
16,69326913,69339667,84342,COG8
3,149129584,149173732,84343,HPS3
11,47164299,47177125,84364,ARFGAP2
2,121726945,121736923,84365,NIFK
17,48721719,48722522,84366,PRAC1
8,42896932,43030539,84376,HOOK3
2,106063246,106078159,84417,C2orf40
5,140174642,140282052,84418,CYSTM1
15,45430529,45448761,84419,C15orf48
1,110451200,110457354,84432,PROK1
7,2906141,3043945,84433,CARD11
10,133070929,133131675,84435,ADGRA1
19,52397849,52418412,84436,ZNF528
11,105995623,106022403,84437,MSANTD4
14,99645110,99680569,84439,HHIPL1
17,31391624,31538217,84440,RAB11FIP4
11,95976598,96343180,84441,MAML2
19,2164149,2232578,84444,DOT1L
10,100996618,101007836,84445,LZTS2
19,55282072,55312533,84446,BRSK1
11,65121780,65134533,84447,SYVN1
4,7965310,8158832,84448,ABLIM2
19,14689801,14733746,84449,ZNF333
2,27582969,27623215,84450,ZNF512
1,233327768,233385148,84451,MAP3K21
1,63523372,63572693,84455,EFCAB7
6,130013699,130141451,84456,L3MBTL3
10,59176590,59247774,84457,PHYHIPL
10,96832260,96995959,84458,LCOR
17,7315628,7329393,84461,NEURL4
16,3581181,3611598,84464,SLX4
15,65895079,66253747,84465,MEGF11
5,127290831,127465737,84466,MEGF10
19,8065402,8149846,84467,FBN3
6,170290703,170407065,84498,FAM120B
16,89818179,89871319,84501,SPIRE2
14,23568035,23578800,84502,JPH4
19,37371061,37393066,84503,ZNF527
10,132783179,132786052,84504,NKX6-2
8,38263130,38269243,84513,PLPP5
17,42188799,42194532,84514,GHDC
20,5950652,5998977,84515,MCM8
16,23641392,23677455,84516,DCTN5
3,169766921,169769895,84517,ACTRT3
19,42387019,42390287,84518,CNFN
12,6638075,6647460,84519,ACRBP
14,93202894,93207094,84520,GON7
3,9890554,9894349,84522,JAGN1
2,112211525,112255136,84524,ZC3H8
4,56647988,56681899,84525,HOPX
19,9323772,9351162,84527,ZNF559
15,36579611,36810248,84529,C15orf41
12,118981495,119163051,84530,SRRM4
20,25006230,25058980,84532,ACSS1
21,44932814,44939913,84536,LINC01547
6,99919910,99994247,84539,MCHR2
3,66998307,67011210,84541,KBTBD8
2,61065871,61138034,84542,KIAA1841
10,100969458,100987515,84545,MRPL43
6,28281572,28302549,84547,PGBD1
8,33484750,33501260,84549,MAK16
18,80157232,80247546,84552,PARD6G
6,99271169,99350062,84553,FAXC
20,34546854,34560345,84557,MAP1LC3A
16,56565049,56568957,84560,MT4
3,125082636,125212864,84561,SLC12A8
10,29289061,29318328,84569,LYZL1
4,108810721,109302657,84570,COL25A1
16,1351923,1364113,84572,GNPTG
20,50731544,50756795,84612,PARD6B
1,173868082,173903549,84614,ZBTB37
17,41159651,41160731,84616,KRTAP4-4
18,12307669,12344320,84617,TUBB6
1,39659121,39672038,84618,NT5C1A
20,63707465,63736142,84619,ZGPAT
2,106801600,106887108,84620,ST6GAL2
17,5179536,5191883,84622,ZNF594
11,126423359,127003460,84623,KIRREL3
6,159169397,159272109,84624,FNDC1
7,149714781,149734575,84626,KRBA1
16,88427471,88440757,84627,ZNF469
9,132161676,132244534,84628,NTNG2
7,5306790,5425414,84629,TNRC18
6,43243680,43288259,84630,TTBK1
10,114294824,114404756,84632,AFAP1L2
19,917287,921015,84634,KISS1R
2,113067970,113075850,84639,IL1F10
4,143184917,143223830,84640,USP38
9,94374551,94461042,84641,MFSD14B
17,53822901,53825213,84643,KIF2B
22,37943050,37953669,84645,C22orf23
10,72935170,72954778,84647,PLA2G12B
1,152579381,152580504,84648,LCE3D
11,75759512,75801535,84649,DGAT2
13,49660723,49691475,84650,EBPL
5,148312419,148315922,84651,SPINK7
5,80319625,80321842,84654,SPZ1
16,4803203,4847342,84656,GLYR1
3,10284419,10285746,84657,LINC00852
19,14619117,14690027,84658,ADGRE3
14,21042226,21044234,84659,RNASE7
12,122774327,122827528,84660,CCDC62
2,31867809,32039812,84661,DPY30
16,4314761,4339597,84662,GLIS2
10,68106117,68212017,84665,MYPN
3,108743424,108757384,84666,RETNLB
17,8120590,8124092,84667,HES7
7,22889371,23014130,84668,FAM126A
17,60179094,60422470,84669,USP32
19,53124072,53159075,84671,ZNF347
5,40841184,40860175,84674,CARD6
8,66126896,66175487,84675,TRIM55
1,26051304,26068436,84676,TRIM63
21,38121451,38188016,84677,DSCR8
12,121429097,121581015,84678,KDM2B
11,44065925,44084222,84680,ACCS
9,35812960,35815354,84681,HINT2
14,35534042,35537054,84684,INSM2
17,50133735,50150630,84687,PPP1R9B
9,34379019,34397832,84688,C9orf24
11,60378530,60417756,84689,MS4A14
17,3440019,3513852,84690,SPATA22
7,128709061,128731743,84691,FAM71F1
3,107377194,107378637,84692,CCDC54
2,71109684,71130239,84693,MCEE
6,89894469,89921760,84694,GJA10
2,74532414,74555690,84695,LOXL3
2,27123789,27130812,84696,ABHD1
12,75275979,75390928,84698,CAPS2
19,4153601,4173054,84699,CREB3L3
22,25742144,26031041,84700,MYO18B
20,31637888,31645006,84701,COX4I2
19,17334920,17342735,84705,GTPBP3
16,46884378,46931297,84706,GPT2
4,53459301,53701405,84708,LNX1
4,139266163,139280338,84709,MGARP
19,4472287,4502211,84717,AC011498.1
9,35088688,35096601,84720,PIGO
1,109279556,109283186,84722,PSRC1
7,30027404,30130483,84725,PLEKHA8
9,131394093,131500197,84726,PRRC2B
12,6870935,6889358,84727,SPSB2
17,79778132,79787983,84733,CBX2
1,32247233,32248856,84734,FAM167B
18,74534440,74587212,84735,CNDP1
4,7754090,7778928,84740,AFAP1-AS1
12,120710435,120723640,84747,UNC119B
12,109023089,109088026,84749,USP30
8,33370824,33473422,84750,FUT10
16,67148105,67151214,84752,B3GNT9
2,74505043,74508580,84759,PCGF1
19,51804816,51890950,84765,ZNF577
12,3606633,3764819,84766,CRACR2A
11,55883297,55891810,84767,TRIM51
19,18193182,18196948,84769,MPV17L2
1,11869,14409,84771,DDX11L1
19,37696363,37719790,84775,ZNF607
4,79225694,79326050,84779,NAA11
19,55339853,55348120,84787,KMT5C
12,49188736,49274603,84790,TUBA1C
7,6329409,6348981,84792,FAM220A
1,47432133,47434641,84793,FOXD2-AS1
10,98383565,98415184,84795,PYROXD2
19,50797704,50804929,84798,C19orf48
4,83535914,83605875,84803,GPAT3
2,102715840,102736888,84804,MFSD9
19,35887653,35902303,84807,NFKBID
1,975204,982093,84808,PERM1
1,16618253,16657232,84809,CROCCP2
11,116748170,116772988,84811,BUD13
2,218607765,218637184,84812,PLCD4
9,131289694,131309262,84814,PLPP7
6,106571971,106629487,84816,RTN4IP1
17,6640758,6644541,84817,TXNDC17
3,9917074,9933630,84818,IL17RC
7,43940895,44019175,84820,POLR2J4
19,2427638,2456996,84823,LMNB2
1,161706972,161714352,84824,FCRLA
2,127701508,127705242,84826,SFT2D3
6,11712054,11807046,84830,ADTRP
1,168245565,168247343,84832,ANKRD36BP1
10,103389041,103396466,84833,USMG5
3,51968510,51983409,84836,ABHD14B
1,247297412,247331846,84838,ZNF496
19,3769089,3772221,84839,RAX2
1,45326905,45328533,84842,HPDL
22,41459717,41468725,84844,PHF5A
7,47761476,47766772,84847,LINC00525
9,3898642,3901248,84850,GLIS3-AS1
5,181254417,181261139,84851,TRIM52
1,116392247,116418622,84852,ATP1A1-AS1
10,42475543,42495336,84856,LINC00839
10,75397830,75401906,84858,ZNF503
3,197791226,197888436,84859,LRCH3
22,20441519,20495883,84861,KLHL22
3,97941818,97972457,84864,RIOX2
11,118531041,118547280,84866,TMEM25
11,18727928,18792721,84867,PTPN5
5,157085832,157142869,84868,HAVCR2
4,168863770,169010275,84869,CBR4
6,127118604,127197765,84870,RSPO3
1,48532855,50023913,84871,AGBL4
12,56118159,56127514,84872,ZC3H10
3,100609589,100695479,84873,ADGRG7
2,95147330,95165413,84874,ZNF514
8,143977153,144012772,84875,PARP10
19,58513530,58538911,84878,ZBTB45
1,39955112,39969968,84879,MFSD2A
11,126202094,126211692,84881,RPUSD4
10,70098223,70132934,84883,AIFM2
9,128720869,128724127,84885,ZDHHC12
1,230837119,230869589,84886,C1orf198
15,50702266,50765808,84888,SPPL2A
10,62804857,62808483,84890,ADO
16,3088890,3099317,84891,ZSCAN10
3,43079232,43106076,84892,POMGNT2
10,5890203,5937594,84893,FBXO18
15,77613027,77820900,84894,LINGO1
9,129036621,129072082,84895,MIGA2
10,87751512,87841343,84896,ATAD1
11,124622836,124635398,84897,TBRG1
10,19816239,20289856,84898,PLXDC2
13,100603927,100675093,84899,TMTC4
12,116738178,116853631,84900,RNFT2
16,28950807,28967097,84901,NFATC2IP
19,32875925,32971991,84902,CEP89
9,35658875,35675866,84904,ARHGEF39
20,33731657,33792269,84905,ZNF341
2,70295975,70302090,84908,FAM136A
9,94726701,95087218,84909,C9orf3
2,112055223,112119318,84910,TMEM87B
19,36604817,36634113,84911,ZNF382
7,134289332,134317051,84912,SLC35B4
2,85751344,85788066,84913,ATOH8
19,57849857,57865112,84914,ZNF587
12,109714228,109770507,84915,FAM222A
16,69131291,69231130,84916,UTP4
6,149818798,149864026,84918,LRP11
1,204403387,204411791,84919,PPP1R15B
12,34022281,34029694,84920,ALG10
19,55591371,55601970,84922,FIZ1
17,73207353,73236753,84923,FAM104A
19,36445119,36489902,84924,ZNF566
3,122794795,122881139,84925,DIRC2
12,53064316,53079420,84926,SPRYD3
7,130164715,130207770,84928,TMEM209
9,130902438,130939286,84929,FIBCD1
10,27154824,27186924,84930,MASTL
2,120464335,120466218,84931,LINC01101
14,21459020,21476973,84932,RAB2B
8,123219957,123241398,84933,C8orf76
12,113185526,113192368,84934,RITA1
13,30906191,30925572,84935,MEDAG
15,40807086,40815084,84936,ZFYVE19
16,74999030,75110994,84937,ZNRF1
1,62784135,62865513,84938,ATG4C
19,1354711,1378431,84939,MUM1
17,29614756,29622907,84940,CORO6
19,16134028,16158575,84941,HSH2D
15,84639281,84654343,84942,WDR73
1,166975582,167022214,84944,MAEL
13,108218379,108234255,84945,ABHD13
6,143843344,143863812,84946,LTV1
6,158109515,158168270,84947,SERAC1
8,143597835,143603224,84948,TIGD5
1,52404564,52420839,84950,PRPF38A
17,40475828,40501597,84951,TNS4
15,57375967,57550727,84952,CGNL1
11,12276080,12359144,84953,MICALCL
19,4343527,4360086,84954,MPND
8,109240919,109334385,84955,NUDCD1
11,73376264,73397474,84957,RELT
1,27342020,27353937,84958,SYTL1
11,122655675,122814473,84959,UBASH3B
9,136796350,136807741,84960,CCDC183
17,39252644,39402523,84961,FBXL20
14,22971174,22982642,84962,AJUBA
19,36009120,36014239,84964,ALKBH6
1,18107746,18378483,84966,IGSF21
1,36391238,36397892,84967,LSM10
20,43914864,44069616,84969,TOX2
1,34166883,34219131,84970,C1orf94
19,10543895,10553418,84971,ATG4D
9,136721366,136728184,84973,SNHG7
12,53251251,53254405,84975,MFSD5
1,222872271,223005995,84976,DISP1
15,43870761,44195252,84978,FRMD5
17,1711493,1717174,84981,MIR22HG
12,109734166,109773508,84983,FAM222A-AS1
3,196706277,196712293,84984,CEP19
8,123178960,123210079,84985,FAM83A
10,97222173,97292673,84986,ARHGAP19
12,50111979,50120457,84987,COX14
8,144477969,144502121,84988,PPP1R16A
10,63465229,63466563,84989,JMJD1C-AS1
10,6088987,6117457,84991,RBM17
4,88521573,88521789,84992,PIGY
15,74445977,74461182,84993,UBL7
21,32393130,32393960,84996,URB1-AS1
17,74209980,74213342,85001,MGC16275
8,12182096,12194133,85002,FAM86B1
3,133429269,133455776,85003,BFSP2-AS1
12,15107783,15348675,85004,RERG
5,178208497,178232791,85007,PHYKPL
4,4235542,4248212,85013,TMEM128
9,136791355,136793257,85014,TMEM141
6,99432379,99521728,85015,USP45
11,102047443,102084560,85016,C11orf70
18,23197144,23437961,85019,TMEM241
6,138903493,138988261,85021,REPS1
7,77793728,77798580,85025,TMEM60
9,137615332,137618906,85026,ARRDC1-AS1
5,150777946,150796734,85027,SMIM3
1,28578538,28582983,85028,SNHG12
6,27147129,27147515,85235,HIST1H2AH
6,27146418,27146798,85236,HIST1H2BK
17,41249687,41250653,85280,KRTAP9-4
17,41184102,41185342,85285,KRTAP4-1
17,41148924,41149802,85289,KRTAP4-5
17,41167231,41168194,85290,KRTAP4-3
17,41177446,41178208,85291,KRTAP4-2
17,40993430,40994133,85293,KRTAP3-3
17,41065116,41065879,85294,KRTAP2-4
19,3879864,3928079,85300,ATCAY
9,114155560,114312511,85301,COL27A1
17,75909574,75941140,85302,FBF1
6,149504733,149546038,85313,PPIL4
6,52361421,52407777,85315,PAQR8
16,48166910,48247568,85320,ABCC11
11,63506084,63516774,85329,LGALS12
12,52250466,52258867,85349,KRT87P
22,44243667,44312851,85352,KIAA1644
22,50674415,50733298,85358,SHANK3
22,20314276,20320080,85359,DGCR6L
19,15107403,15114988,85360,SYDE1
11,5663557,5938619,85363,TRIM5
20,296968,300321,85364,ZCCHC3
9,99216426,99221956,85365,ALG2
20,31819308,31834689,85366,MYLK2
1,110031577,110074641,85369,STRIP1
22,18605815,18611919,85376,RIMBP3
22,37905657,37942822,85377,MICALL1
22,50217689,50244992,85378,TUBGCP6
22,24952730,25197448,85379,KIAA1671
11,123059335,123059422,85389,SNORD14C
11,123058909,123058995,85390,SNORD14D
11,123058077,123058161,85391,SNORD14E
21,44940010,44976989,85395,FAM207A
1,182641816,182684576,85397,RGS8
3,15427355,15450635,85403,EAF1
12,55820960,55830824,85406,DNAJC14
16,50548330,50649249,85407,NKD1
5,1008829,1038943,85409,NKD2
6,110424687,110476641,85413,SLC22A16
1,205657851,205680459,85414,SLC45A3
19,32978593,33064888,85415,RHPN2
13,99962964,99971909,85416,ZIC5
12,42312078,42326118,85437,ZCRB1
4,70334966,70337116,85438,CABS1
14,81260656,81436465,85439,STON2
1,62454298,62688368,85440,DOCK7
20,63558086,63574239,85441,HELZ2
10,133160447,133226412,85442,KNDC1
3,36712422,36764349,85443,DCLK3
8,85107147,85146076,85444,LRRCC1
16,76277278,76559238,85445,CNTNAP4
14,23520855,23556192,85446,ZFHX2
20,38210488,38260772,85449,KIAA1755
10,104309698,104338404,85450,ITPRIP
17,75784771,75825799,85451,UNK
1,1921951,2003837,85452,CFAP74
8,97273474,97277964,85453,TSPYL5
15,40358235,40378639,85455,DISP2
11,57299638,57324952,85456,TNKS1BP1
14,77098097,77117287,85457,CIPC
11,111927144,112022584,85458,DIXDC1
11,93661639,93730358,85459,CEP295
4,10439874,10457410,85460,ZNF518B
2,158968671,159232659,85461,TANC1
4,152936352,152979696,85462,FHDC1
11,110093361,110171841,85463,ZC3H12C
17,29625938,29930276,85464,SSH2
2,26308547,26395891,85465,SELENOI
2,74497517,74503316,85474,LBX2
3,158644278,158692575,85476,GFM1
7,12570577,12660179,85477,SCIN
12,48904110,48931840,85478,CCDC65
8,66021560,66100526,85479,DNAJC5B
5,111070062,111078024,85480,TSLP
8,86048373,86088621,85481,PSKH2
20,661596,676179,85508,SCRT2
19,8832398,8843340,85509,MBD3L1
19,56176020,56185775,85569,GALP
7,90335223,90391455,85865,GTPBP10
2,55634265,55693910,87178,PNPT1
13,100530164,100589528,87769,GGACT
12,109999186,110039763,88455,ANKRD13A
6,43021645,43034156,88745,RRP36
7,99876958,99919600,89122,TRIM4
21,42472486,42496354,89765,RSPH1
21,42062959,42143453,89766,UMODL1
18,63556160,63567011,89777,SERPINB12
18,63647579,63726432,89778,SERPINB11
1,228007051,228061260,89780,WNT3A
22,26443423,26483837,89781,HPS4
3,197960200,198043720,89782,LMLN
19,51410021,51417803,89790,SIGLEC10
11,66041952,66049180,89792,GAL3ST3
12,77324641,78213008,89795,NAV3
1,201622885,201826969,89796,NAV1
11,19350724,20121598,89797,NAV2
6,39299001,39314553,89822,KCNK17
15,30357766,30393849,89832,CHRFAM7A
15,30103720,30131757,89837,ULK4P3
15,32406597,32434992,89838,ULK4P1
15,30624494,30772993,89839,ARHGAP11B
6,43427366,43450430,89845,ABCC10
9,92947451,93036236,89846,FGD3
5,141639302,141651419,89848,FCHSD1
11,72814308,72843674,89849,ATG16L2
9,126326849,126507041,89853,MVB12B
3,183487531,183555689,89857,KLHL6
19,51491357,51501789,89858,SIGLEC12
1,177923956,177984303,89866,SEC16B
12,18683169,18738057,89869,PLCZ1
6,30163206,30172696,89870,TRIM15
1,154321090,154325325,89872,AQP10
14,36678431,37172866,89874,SLC25A21
3,119703022,119767102,89876,MAATS1
9,6328375,6331900,89882,TPD52L3
1,180230286,180278982,89884,LHX4
1,159951492,159954254,89886,SLAMF9
19,55476332,55484487,89887,ZNF628
13,41127569,41132746,89890,KBTBD6
9,128633661,128656787,89891,WDR34
12,111931282,112013185,89894,TMEM116
12,109477402,109536705,89910,UBE3B
16,15434295,15625028,89927,C16orf45
14,73237497,73274640,89932,PAPLN
16,668086,674174,89941,RHOT2
11,134331874,134378341,89944,GLB1L2
6,43040777,43075099,89953,KLC4
9,137062124,137070588,89958,SAPCD2
16,57186137,57240475,89970,RSPRY1
15,35217345,35546193,89978,DPH6
19,1248553,1259140,90007,MIDN
11,1828307,1837521,90019,SYT8
4,101347780,101348883,90024,FLJ20021
6,82892398,83065841,90025,UBE3D
14,93918894,93929608,90050,FAM181A
12,54630811,54634895,90070,LACRT
19,34926903,34945170,90075,ZNF30
3,111732497,111976517,90102,PHLDB2
3,184230429,184242329,90113,VWA5B2
9,136114581,136118863,90120,TMEM250
2,162371407,162838730,90134,KCNH7
14,105248490,105251093,90135,BTBD6
11,44726465,44932421,90139,TSPAN18
14,89794669,89954777,90141,EFCAB11
20,41359966,41366827,90187,EMILIN3
20,45361937,45376798,90196,SYS1
20,45551153,45579326,90199,WFDC8
20,45833810,45843275,90203,SNX21
20,45881227,45885266,90204,ZSWIM1
3,48561727,48563773,90226,UCN2
1,11919591,11926428,90231,KIAA2013
19,57681969,57717301,90233,ZNF551
5,176810477,176880895,90249,UNC5A
5,14664664,14699711,90268,OTULIN
19,41549518,41586844,90273,CEACAM21
3,129401321,129428651,90288,EFCAB12
17,29566052,29573157,90313,TP53I13
19,52113091,52139922,90317,ZNF616
19,52269571,52296046,90321,ZNF766
19,41310189,41324883,90324,CCDC97
1,6624866,6635586,90326,THAP3
19,45212621,45245431,90332,EXOC3L2
19,52838008,52857649,90333,ZNF468
19,53066606,53103436,90338,ZNF160
2,96642737,96704885,90342,FER1L5
19,51097606,51108370,90353,CTU1
5,103258702,103278660,90355,C5orf30
8,57994509,58204279,90362,FAM110B
19,13952492,13961449,90379,DCAF15
15,89575482,89631056,90381,TICRR
8,117520713,117540262,90390,MED30
3,185476496,185499057,90407,TMEM41A
17,28328325,28335489,90410,IFT20
2,46901870,46941855,90411,MCFD2
15,40528683,40565057,90416,C15orf57
15,40382721,40394246,90417,KNSTRN
2,46490750,46542557,90423,ATP6V1E2
15,40087890,40108892,90427,BMF
5,16451519,16465792,90441,ZNF622
8,9002147,9116746,90459,ERI1
19,12953119,12957236,90480,GADD45GIP1
19,56661981,56671783,90485,ZNF835
12,106955719,106978778,90488,TMEM263
17,47831627,47837713,90506,LRRC46
17,47837692,47841333,90507,SCRN2
19,38305104,38317273,90522,YIF1B
6,53929982,54266280,90523,MLIP
15,45167214,45201175,90525,SHF
15,45117367,45129938,90527,DUOXA1
1,24356999,24416934,90529,STPG1
10,72692131,72887694,90550,MCU
2,131527675,131533666,90557,CCDC74A
19,12390016,12401271,90576,ZNF799
19,10928733,10933535,90580,TIMM29
17,42865922,42874369,90586,AOC4P
19,12142090,12156729,90589,ZNF625
19,11925068,11950773,90592,ZNF700
19,11848726,11883750,90594,ZNF439
5,131170810,131205426,90624,LYRM7
13,33103135,33350630,90627,STARD13
6,165908802,165988048,90632,LINC00473
13,32400723,32428311,90634,N4BP2L1
7,1152071,1160759,90637,ZFAND2A
7,898778,975599,90639,COX19
19,20167228,20200490,90649,ZNF486
14,24052000,24069728,90668,CARMIL3
14,23295643,23302848,90673,PPP1R3E
9,127451486,127503501,90678,LRSAM1
7,23597379,23644708,90693,CCDC126
18,59139477,59158836,90701,SEC11C
1,154957026,154963853,90780,PYGO2
17,64506588,64542461,90799,CEP95
1,212992182,213015826,90806,ANGEL2
14,20457719,20461612,90809,TMEM55B
4,147637785,147684230,90826,PRMT9
7,57119614,57139864,90827,ZNF479
16,30757423,30762710,90835,CCDC189
16,1997654,2009823,90850,ZNF598
1,31790422,31816051,90853,SPOCD1
16,1678256,1702280,90861,JPT2
16,1776712,1793700,90864,SPSB3
9,6215786,6257983,90865,IL33
9,7796490,7888380,90871,TMEM261
1,119619422,119647773,90874,ZNF697
5,181222499,181235809,90933,TRIM41
11,124752583,124762290,90952,ESAM
7,140673153,140696261,90956,ADCK2
2,38797729,38875934,90957,DHX57
8,144720907,144756417,90987,ZNF251
8,144466043,144474202,90990,KIFC2
11,46277661,46321422,90993,CREB3L1
12,49636499,49708165,91010,FMNL3
12,50129306,50167533,91012,CERS5
19,4675224,4724673,91039,DPP9
4,24806117,24980204,91050,CCDC149
11,65775893,65780802,91056,AP5B1
11,27330827,27363868,91057,CCDC34
10,37125788,37384111,91074,ANKRD30A
17,75874161,75878575,91107,TRIM47
19,19997058,20039506,91120,ZNF682
18,5954706,6415237,91133,L3MBTL4
5,110738136,110765161,91137,SLC25A46
8,93754844,93819234,91147,TMEM67
2,172677141,172736206,91149,RAPGEF4-AS1
16,3298832,3305729,91151,TIGD7
1,201190825,201228952,91156,IGFN1
22,20424815,20437826,91179,SCARF2
1,153992685,154155116,91181,NUP210L
22,22644475,22647903,91227,GGTLC2
11,47407132,47416501,91252,SLC39A13
5,173607514,173616660,91272,BOD1
9,100427156,100451711,91283,MSANTD3
22,50502949,50507691,91289,LMF2
12,88033846,88050160,91298,C12orf29
19,896503,913245,91300,R3HDM4
19,1009648,1021179,91304,TMEM259
22,23638487,23717356,91316,GUSBP11
22,23834503,23839128,91319,DERL3
4,168356735,168537786,91351,DDX60L
22,25351418,25405377,91355,LRP5L
5,134402087,134411898,91368,CDKN2AIPNL
17,50693190,50707924,91369,ANKRD40
22,30246205,30246998,91370,AC004264.2
9,137077501,137084539,91373,UAP1L1
15,24981994,24982068,91380,SNORD107
3,44712643,44723831,91392,ZNF502
2,179101692,179264790,91404,SESTD1
1,52056125,52090716,91408,BTF3L4
2,130139287,130145134,91409,CCDC74B
12,57941541,57957269,91419,ATP23
15,90954870,90963125,91433,RCCD1
19,32972209,32978222,91442,FAAP24
22,31160183,31207019,91445,RNF185
10,27195214,27242130,91452,ACBD5
2,42048020,42058528,91461,PKDCC
22,35066136,35087387,91464,ISX
5,178237618,178590555,91522,COL23A1
12,47079603,47236662,91523,PCED1B
2,196967017,197311173,91526,ANKRD44
2,6865806,6898239,91543,RSAD2
1,26281328,26318363,91544,UBXN11
12,123232916,123257959,91574,C12orf65
22,39529093,39532855,91582,RPS19BP1
7,132123332,132648688,91584,PLXNA4
17,34961530,34963775,91603,ZNF830
17,35350305,35373701,91607,SLFN11
17,35731649,35743521,91608,RASL10B
14,64914361,64944591,91612,CHURC1
11,33015864,33033582,91614,DEPDC7
1,77888513,77943895,91624,NEXN
19,32719753,32829580,91646,TDRD12
17,17977409,18039209,91647,ATPAF2
3,113211003,113287459,91653,BOC
19,53389793,53430413,91661,ZNF765
19,53793603,53824394,91662,NLRP12
19,53866223,53876437,91663,MYADM
19,53333749,53354869,91664,ZNF845
11,67006778,67050863,91683,SYT12
1,173799550,173824720,91687,CENPL
22,42079691,42084284,91689,SMDT1
8,12721894,12756073,91694,LONRF1
22,42555223,42582038,91695,RRP7BP
11,67642555,67650659,91703,ACY3
10,1018907,1025859,91734,IDI2
4,68310387,68350089,91746,YTHDC1
14,73715122,73790285,91748,ELMSAN1
6,111259348,111271167,91749,MFSD4B
14,74084796,74201235,91750,LIN52
2,184598366,184939492,91752,ZNF804A
14,75079353,75127344,91754,NEK9
18,23134564,23260467,91768,CABLES1
3,101779202,101827392,91775,NXPE3
8,23243637,23262000,91782,CHMP7
11,107502726,107565746,91801,ALKBH8
16,46703369,46790407,91807,MYLK3
14,103100144,103110559,91828,EXOC3L4
14,102139503,102224847,91833,WDR20
15,68190705,68206110,91860,CALML4
16,71626161,71642114,91862,MARVELD3
3,53088483,53130462,91869,RFT1
14,20256558,20305994,91875,TTC5
11,111874056,111881243,91893,FDXACB1
11,111918032,111926872,91894,C11orf52
5,156919282,156963255,91937,TIMD4
5,60945129,61153037,91942,NDUFAF2
15,97960698,97973838,91947,ARRDC4
15,97572185,97874550,91948,LINC00923
16,23388493,23453180,91949,COG7
5,150894392,150904983,91975,ZNF300
5,150660874,150679365,91977,MYOZ3
19,507497,519654,91978,TPGS1
9,37879400,37904353,92014,SLC25A51
16,11976737,12574289,92017,SNX29
20,23985050,23988779,92086,GGTLC1
7,139025706,139036029,92092,ZC3HAV1L
2,177612992,177618966,92104,TTC30A
11,77878720,77994678,92105,INTS4
3,16265160,16350299,92106,OXNAD1
18,67506582,67516980,92126,DSEL
8,97644179,97728770,92140,MTDH
16,70661204,70686066,92154,MTSS1L
17,7855065,7856099,92162,TMEM88
10,133394094,133421307,92170,MTG1
5,172209640,172284071,92181,UBTD2
2,158795317,158862781,92196,DAPL1
10,84194635,84219621,92211,CDHR1
1,167094045,167129165,92235,DUSP27
1,167630093,167706249,92241,RCSD1
5,36098412,36151961,92255,LMBRD2
5,69217760,69230129,92259,MRPS36
5,82279462,82386977,92270,ATP6AP1L
19,36637192,36666853,92283,ZNF461
19,37181579,37218153,92285,ZNF585B
2,30722771,30820542,92291,CAPN13
11,58905398,59043527,92292,GLYATL1
12,128267403,128707915,92293,TMEM132C
5,180590103,180591540,92304,SCGB3A1
4,1715952,1721358,92305,TMEM129
1,156072013,156081998,92312,MEX3A
17,63682336,63741986,92335,STRADA
17,63998351,64004304,92340,PRR29
1,169792529,169794966,92342,METTL18
1,170532129,170553446,92344,GORAB
4,163110073,163166921,92345,NAF1
1,172420688,172468831,92346,C1orf105
19,6463777,6467221,92359,CRB3
3,141051402,141148611,92369,SPSB4
3,141228726,141367753,92370,PXYLP1
9,122264603,122331343,92399,MRRF
9,122237624,122264839,92400,RBM18
8,81732434,81759515,92421,CHMP4C
10,110898730,110919274,92482,BBIP1
15,59206823,59208515,92483,LDHAL6B
17,20009344,20319026,92521,SPECC1
12,119989869,120094494,92558,BICDL1
10,125896539,126009592,92565,FANK1
17,44070735,44076344,92579,G6PC3
17,44170447,44179083,92591,ASB16
16,30553764,30558498,92595,ZNF764
4,70902326,71022449,92597,MOB1B
19,39480412,39493785,92609,TIMM50
4,112274542,112285903,92610,TIFA
17,81927829,81930753,92659,MAFG-AS1
20,17968913,17991122,92667,MGME1
20,18567453,18763917,92675,DTD1
4,38867677,38945739,92689,FAM114A1
2,216081866,216102783,92691,TMEM169
1,203007386,203024848,92703,TMEM183A
9,137605654,137615360,92714,ARRDC1
9,137554904,137578935,92715,DPH7
17,74924275,74933912,92736,OTOP2
2,229357629,229714558,92737,DNER
20,33273480,33309878,92747,BPIFB1
2,26401916,26456711,92749,DRC1
12,66302545,66347645,92797,HELB
19,40576851,40591399,92799,SHKBP1
16,89969791,89972534,92806,CENPBD1
1,228456979,228457873,92815,HIST3H2A
16,89720400,89740903,92822,ZNF276
19,1490747,1497927,92840,REEP6
2,130342225,130347810,92856,IMP4
2,38561978,38603586,92906,HNRNPLL
15,75843285,75901078,92912,UBE2Q2
16,57512178,57536599,92922,CCDC102A
2,197705369,197708387,92935,MARS2
9,17906563,18910950,92949,ADAMTSL1
19,7476875,7497449,92960,PEX11G
12,57755098,57760407,92979,9-Mar
3,42653684,42665854,92999,ZBTB47
2,231395543,231401164,93010,B3GNT7
2,18562872,18589572,93034,NT5C1B
8,109362477,109530330,93035,PKHD1L1
12,56266858,56270966,93058,COQ10A
13,102765990,102773811,93081,TEX30
2,96497643,96508109,93082,NEURL3
19,35497220,35513658,93099,DMKN
8,143574785,143578649,93100,NAPRT
16,84218667,84239750,93107,KCNG4
3,194587673,194633689,93109,TMEM44
16,30949066,30956461,93129,ORAI3
19,9604680,9621399,93134,ZNF561
19,9853718,9936552,93145,OLFM2
12,13000420,13004830,93164,HTR7P1
5,123089121,123194266,93166,PRDM6
1,160027673,160031991,93183,PIGM
1,160091340,160098943,93185,IGSF8
1,12746215,12763699,93190,C1orf158
17,39671122,39696797,93210,PGAP3
19,48296457,48321894,93233,CCDC114
1,205381378,205457091,93273,LEMD1
19,17049729,17075625,93323,HAUS8
19,17405722,17433724,93343,MVB12A
2,230327184,230403732,93349,SP140L
10,96343216,96359365,93377,OPALIN
7,101613325,101629296,93408,MYL10
10,133553901,133569835,93426,SYCE1
19,46203426,46214837,93429,AC006262.1
7,142111749,142222324,93432,MGAM2
19,19033575,19060311,93436,ARMC6
2,237048599,237056167,93463,AC105760.1
1,247036784,247078755,93474,ZNF670
14,55051631,55070192,93487,MAPK1IP1L
13,19422877,19536762,93492,TPTE2
16,81988855,82011488,93517,SDR42E1
10,45615501,45672780,93550,ZFAND4
4,99546709,99564032,93587,TRMT10A
12,1791957,1918836,93589,CACNA2D4
8,123041968,123152153,93594,TBC1D31
1,11654375,11663327,93611,FBXO44
4,6640091,6642745,93621,MRFAP1
4,7041899,7057952,93624,TADA2B
4,106041599,106321495,93627,TBCK
6,43477523,43506556,93643,TJAP1
17,12665890,12768949,93649,MYOCD
19,50790415,50795224,93650,ACPT
7,116952446,116954334,93653,ST7-AS1
7,117072072,117146480,93654,ST7-AS2
7,116953238,117230103,93655,ST7
19,49043884,49045311,93659,CGB5
12,18738101,18739187,93661,CAPZA3
6,129576132,129710225,93663,ARHGAP18
7,122318425,122886759,93664,CADPS2
8,132560498,132561479,93668,HPYR1
3,53867066,53882202,93973,ACTR8
1,28236109,28246906,93974,ATPIF1
12,8455926,8478330,93978,CLEC6A
7,130344816,130368730,93979,CPA5
7,114086327,114693772,93986,FOXP2
17,28553383,28571872,94005,PIGS
22,42500579,42512560,94009,SERHL
17,74213514,74262020,94015,TTYH2
19,8848844,8981342,94025,MUC16
6,27285903,27312170,94026,POM121L2
19,49054275,49058860,94027,CGB7
19,50516892,50568045,94030,LRRC4B
4,8269765,8307111,94031,HTRA3
3,184259213,184261463,94032,CAMK2N2
5,121851955,121852833,94033,FTMT
19,19668796,19683509,94039,ZNF101
19,54461796,54463711,94059,LENG9
5,175477062,175529742,94081,SFXN1
17,42121431,42123352,94086,HSPB9
2,72942036,73075619,94097,SFXN5
2,189770323,189784371,94101,ORMDL1
17,39921041,39927601,94103,ORMDL3
21,32733899,32771858,94104,PAXBP1
9,137204082,137205638,94107,TMEM203
19,49047638,49049106,94115,CGB8
6,158650014,158764876,94120,SYTL3
10,31805404,31928876,94134,ARHGAP12
8,10606349,10712187,94137,RP1L1
17,15030975,15031957,94150,CDRT7
16,48082973,48156018,94160,ABCC12
1,44776490,44776593,94161,SNORD46
1,44777843,44777912,94162,SNORD38A
1,44778390,44778458,94163,SNORD38B
10,86654557,86666848,94233,OPN4
6,1312440,1314748,94234,FOXQ1
19,46634076,46634685,94235,GNG8
7,44826791,44848083,94239,H2AFV
13,42886388,42992271,94240,EPSTI1
8,94925972,94949411,94241,TP53INP1
19,38251237,38256591,94274,PPP1R14A
7,130393771,130442433,95681,CEP41
5,131641714,131797063,96459,FNIP1
2,109898428,109924868,96626,LIMS3
8,55773142,55825448,96764,TGS1
18,3261909,3278284,103910,MYL12B
19,40798996,40808433,112398,EGLN2
14,33924231,34462774,112399,EGLN3
19,53289601,53291626,112401,BIRC8
11,6318946,6320647,112464,CAVIN3
16,29811382,29815892,112476,PRRT2
16,20780193,20900349,112479,ERI2
17,7626234,7627876,112483,SAT2
14,31446036,31457510,112487,DTD2
6,110958560,110967890,112495,GTF3C6
5,54517759,54546585,112574,SNX18
2,87455368,87606805,112597,CYTOR
6,84033756,84090881,112609,MRAP2
6,83193379,83198932,112611,RWDD2A
3,32391671,32483067,112616,CMTM7
19,50466785,50476753,112703,FAM71E1
2,130191743,130198461,112714,TUBA3E
19,55039108,55071291,112724,RDH13
6,52236681,52244537,112744,IL17F
14,75902136,76084585,112752,IFT43
16,30989256,31010661,112755,STX1B
1,156290089,156295689,112770,GLMP
12,52543909,52553147,112802,KRT71
19,10310045,10316015,112812,FDX2
10,97584323,97612802,112817,HOGA1
14,63597039,63641861,112840,WDR89
14,59460363,59484430,112849,L3HYPDH
20,46684365,46689779,112858,TP53RK
16,28553915,28591790,112869,SGF29
22,44881162,45009999,112885,PHF21B
11,134224645,134247792,112936,VPS26B
11,134274245,134319564,112937,GLB1L3
19,13118103,13141141,112939,NACC1
2,55519604,55545879,112942,CFAP36
1,43383917,43389808,112950,MED8
1,52032103,52033816,112970,KTI12
16,784974,788397,113000,RPUSD1
17,45108967,45133354,113026,PLCD3
19,49422414,49423441,113091,PTH2
6,136231024,136250335,113115,MTFR2
11,65066300,65084164,113130,CDCA5
14,104937244,104978357,113146,AHNAK2
11,61615036,61639449,113157,RPLP0P2
11,18069935,18106091,113174,SAAL1
19,2096429,2099593,113177,IZUMO4
19,1905214,1926013,113178,SCAMP4
19,1905378,1913447,113179,ADAT3
15,44288729,44415758,113201,CASC4
9,114086126,114099291,113220,KIF12
19,14072536,14075062,113230,MISP3
17,28394756,28407197,113235,SLC46A1
12,6942978,6946003,113246,C12orf57
12,50392383,50480004,113251,LARP4
7,7968794,8094272,113263,GLCCI1
17,43211835,43220041,113277,TMEM106A
20,760080,776015,113278,SLC52A3
6,166319728,166342591,113402,SFT2D1
2,70985938,70994945,113419,TEX261
1,34712737,34859816,113444,SMIM12
1,33081104,33120530,113451,AZIN2
1,32894594,32901438,113452,TMEM54
2,131476093,131482934,113457,TUBA3D
4,83407343,83455856,113510,HELQ
16,66566393,66579137,113540,CMTM1
4,107931369,107953457,113612,CYP2U1
13,113399610,113453524,113622,ADPRHL1
8,144509074,144511213,113655,MFSD3
12,113422237,113438276,113675,SDSL
22,21008193,21014292,113691,TUBA3FP
22,50548033,50551023,113730,KLHDC7B
11,196738,200261,113746,ODF3
7,150329789,150332721,113763,ZBED6CL
22,31281593,31292534,113791,PIK3IP1
1,108648290,108661526,113802,HENMT1
22,39994949,40043529,113828,FAM83F
5,140564456,140569103,113829,SLC35A4
19,22052452,22091480,113835,ZNF257
7,76461676,76505995,113878,DTX2
19,57134096,57145202,114026,ZIM3
1,45339670,45343975,114034,TOE1
21,34157724,34190244,114036,LINC00310
21,43462094,43479534,114038,LINC00313
21,39597147,39612821,114041,B3GALT5-AS1
21,45234340,45264548,114042,LINC00334
21,46229217,46259390,114044,MCM3AP-AS1
7,73683025,73705161,114049,BUD23
14,50975262,51096061,114088,TRIM9
3,126607052,126655155,114112,TXNRD3
10,5365009,5374692,114131,UCN3
19,49948985,49961172,114132,SIGLEC11
12,39755021,40106089,114134,SLC2A13
15,63121800,63142061,114294,LACTB
9,109640788,109946703,114299,PALM2
6,52362123,52529886,114327,EFHC1
19,49035610,49036895,114335,CGB1
19,49031912,49033238,114336,CGB2
1,247416156,247449108,114548,NLRP3
8,119165034,119245673,114569,MAL2
11,63369789,63410294,114571,SLC22A9
11,75404421,75404566,114599,SNORD15B
11,126283065,126298845,114609,TIRAP
21,25561909,25575168,114614,MIR155HG
1,42817124,42844989,114625,ERMAP
4,151102057,151102128,114655,SNORD73B
17,32007872,32053504,114659,LRRC37B
17,76527356,76551175,114757,CYGB
11,105041326,105101431,114769,CARD16
19,15468645,15498956,114770,PGLYRP2
1,153297862,153310718,114771,PGLYRP3
16,81100875,81220370,114780,PKD1L2
6,38168451,38640148,114781,BTBD9
19,48485271,48513189,114783,LMTK3
1,33513999,34165842,114784,CSMD2
12,57520710,57530148,114785,MBD6
8,55102389,55542054,114786,XKR4
5,176595802,176610133,114787,GPRIN1
8,112222928,113437099,114788,CSMD3
9,128068201,128109245,114789,SLC25A25
2,219597860,219616451,114790,STK11IP
15,22983192,23039673,114791,TUBGCP5
6,96924620,97140754,114792,KLHL32
2,152335237,152649834,114793,FMNL2
22,37339583,37427445,114794,ELFN2
12,125186836,125662377,114795,TMEM132B
7,1570073,1589626,114796,PSMG3-AS1
13,83877205,83882393,114798,SLITRK1
18,21529281,21600884,114799,ESCO1
2,56184123,56386173,114800,CCDC85A
6,130365734,130443063,114801,TMEM200A
1,58654739,58700092,114803,MYSM1
17,76142453,76240373,114804,RNF157
2,153871913,154453849,114805,GALNT13
1,145919013,145925341,114814,GNRHR2
10,106573663,107164534,114815,SORCS1
2,23385217,23708611,114818,KLHL29
1,16467436,16499257,114819,CROCCP3
6,28571630,28616212,114821,ZBED9
8,143368887,143384220,114822,RHPN1
19,54448887,54462037,114823,LENG8
5,160061801,160119423,114825,PWWP2A
17,1779485,1830634,114826,SMYD4
1,15247272,15400283,114827,FHAD1
1,160485030,160523262,114836,SLAMF6
18,24162044,24397880,114876,OSBPL1A
11,3087116,3166739,114879,OSBPL5
2,178194481,178402891,114880,OSBPL6
17,47807372,47821834,114881,OSBPL7
12,76351797,76559809,114882,OSBPL8
1,51577179,51798427,114883,OSBPL9
3,31657890,32077580,114884,OSBPL10
3,125528858,125595090,114885,OSBPL11
17,79022814,79049788,114897,C1QTNF1
5,160347751,160370641,114898,C1QTNF2
5,34019448,34043832,114899,C1QTNF3
11,47589664,47594659,114900,C1QTNF4
11,119338942,119346673,114902,MFRP
22,37180167,37199385,114904,C1QTNF6
4,15339818,15446166,114905,C1QTNF7
8,123497889,123541206,114907,FBXO32
11,102396332,102470384,114908,TMEM123
8,42541155,42555193,114926,SMIM19
4,6707701,6709880,114932,MRFAP1L1
7,130668648,130687432,114960,TSGA13
11,47565430,47573461,114971,PTPMT1
16,2883186,2899382,114984,FLYWCH2
9,113313222,113340298,114987,WDR31
16,4371848,4383528,114990,VASN
9,113876282,114056591,114991,ZNF618
6,73413515,73452276,115004,MB21D1
1,205913048,205943460,115019,SLC26A9
17,41825181,41836263,115024,NT5C3B
19,17933016,17943991,115098,CCDC124
18,46104332,46128333,115106,HAUS1
8,91209494,91398152,115111,SLC26A7
5,126867714,127030808,115123,3-Mar
19,2819874,2835773,115196,ZNF554
13,76880166,76886390,115207,KCTD12
1,58415384,58546802,115209,OMA1
4,100185870,100190782,115265,DDIT4L
1,28592200,28595443,115273,RAB42
3,66133610,66388116,115286,SLC25A26
19,38941401,38975910,115290,FBXO17
8,51817575,51899186,115294,PCMTD1
7,1044576,1059261,115330,GPR146
1,157794403,157820105,115350,FCRL1
1,157674321,157700857,115352,FCRL3
1,53946077,53968168,115353,LRRC42
1,89181148,89198932,115361,GBP4
1,89258950,89272804,115362,GBP5
11,537527,554916,115399,LRRC56
7,23298739,23311729,115416,MALSU1
9,6413151,6507054,115426,UHRF2
16,30602558,30624012,115509,ZNF689
5,72955981,73090522,115548,FCHO2
12,57610180,57619379,115557,ARHGEF25
3,44729596,44737083,115560,ZNF501
1,27005020,27012836,115572,FAM46B
16,24845841,24911628,115584,SLC5A11
22,41922023,41926818,115650,TNFRSF13C
19,54724479,54736536,115653,KIR3DL3
2,168786539,168865514,115677,NOSTRIN
18,58481247,58628957,115701,ALPK2
19,35774532,35788822,115703,ARHGAP33
19,7830233,7864976,115704,EVI5L
14,103529184,103537073,115708,TRMT61A
19,38409051,38426305,115727,RASGRP4
12,64264762,64391192,115749,C12orf56
15,66293217,66333898,115752,DIS3L
13,49628299,49633872,115761,ARL11
3,10081317,10108231,115795,FANCD2OS
12,113195441,113221094,115811,IQCD
14,24290598,24299833,115817,DHRS1
13,51584455,51767707,115825,WDFY2
5,58582221,58859394,115827,RAB3C
19,17455425,17460954,115861,NXNL1
8,103371515,103382997,115908,CTHRC1
16,1349240,1351911,115939,TSR3
19,11420604,11435782,115948,CCDC151
19,11483427,11505923,115950,ZNF653
16,88696495,88706421,115992,RNF166
16,11249619,11351762,116028,RMI2
8,98944403,98952104,116039,OSR2
3,120324509,120349339,116064,LRRC58
5,90515611,90529584,116068,LYSMD3
11,64987943,64997045,116071,BATF2
11,64590641,64602353,116085,SLC22A12
20,45791937,45811427,116092,DNTTIP1
2,188734155,188790104,116093,DIRC1
6,41546426,41602384,116113,FOXP4
19,42220271,42228201,116115,ZNF526
1,166603916,166631400,116123,FMO9P
3,26622806,26710776,116135,LRRC3B
6,43014103,43021298,116138,KLHDC3
2,68122936,68157560,116143,WDR92
6,117675502,117710640,116150,NUS1
20,56358915,56368663,116151,FAM210B
20,59577509,59847711,116154,PHACTR3
21,26466209,26573284,116159,CYYR1
14,23376808,23379772,116173,CMTM5
15,43276280,43302255,116179,TGM7
3,196319342,196338503,116211,TM4SF19
9,68780034,68784608,116224,FAM122A
9,137582079,137590490,116225,ZMYND19
1,244835322,244845057,116228,COX20
17,29560547,29567137,116236,ABHD15
17,28724348,28727935,116238,TLCD1
6,149566294,149591748,116254,GINM1
2,222671786,222709930,116255,MOGAT1
16,20623237,20698890,116285,ACSM1
8,68330722,68819022,116328,C8orf34
11,124611490,124620356,116337,PANX3
1,9997206,10016020,116362,RBP7
6,35943514,36024868,116369,SLC26A8
2,132644853,132671579,116372,LYPD1
6,137143820,137173648,116379,IL22RA2
19,58367618,58381060,116412,ZNF837
12,131165011,131212931,116437,LINC01257
3,149318498,149334414,116441,TM4SF18
9,101569353,101738580,116443,GRIN3A
19,1000419,1009732,116444,GRIN3B
8,143304384,143359979,116447,TOP1MT
21,33070144,33072420,116448,OLIG1
4,10486395,10684865,116449,CLNK
1,184051677,184074212,116461,TSEN15
1,184790724,184974550,116496,FAM129A
6,29486697,29487956,116511,MAS1L
11,68980021,68980986,116512,MRGPRD
11,116789367,116792420,116519,APOA5
11,3227698,3232386,116534,MRGPRE
11,69004395,69013409,116535,MRGPRF
2,74471958,74473322,116540,MRPL53
19,3762664,3768575,116541,MRPL54
17,81833492,81835050,116729,PPP1R27
13,32504506,32509395,116828,N4BP2L2-IT2
3,187120948,187180908,116832,RPL39L
20,3732667,3753111,116835,HSPA12B
17,7932101,7949918,116840,CNTROB
1,227728539,227781231,116841,SNAP47
5,132872322,132875046,116842,LEAP2
6,132769370,132798553,116843,SLC18B1
19,4536409,4540474,116844,LRG1
3,151085697,151437072,116931,MED12L
22,39315213,39315307,116937,SNORD83A
22,39313819,39313911,116938,SNORD83B
4,176065834,176182818,116966,WDR17
11,3638503,3642316,116969,ART5
1,1292376,1309609,116983,ACAP3
4,35948221,36244509,116984,ARAP2
11,72685069,72793599,116985,ARAP1
12,57723761,57742157,116986,AGAP2
2,235494089,236131800,116987,AGAP1
7,151085831,151144436,116988,AGAP3
1,166856510,166876327,117143,TADA1
11,66016752,66026517,117144,CATSPER1
1,151873584,151909808,117145,THEM4
15,43628503,43668118,117155,CATSPER2
5,147870682,147882191,117156,SCGB3A2
1,162395266,162412138,117157,SH2D1B
12,54644591,54648493,117159,DCD
16,629239,634116,117166,WFIKKN1
12,69738681,69823204,117177,RAB3IP
1,84643707,84690803,117178,SSX2IP
11,19054455,19060681,117194,MRGPRX2
11,18120955,18138480,117195,MRGPRX3
11,18172837,18174280,117196,MRGPRX4
11,63461404,63491194,117245,HRASLS5
17,63819433,63830012,117246,FTSJ3
6,111087503,111231194,117247,SLC16A10
3,16174649,16231992,117248,GALNT15
6,33721670,33746905,117283,IP6K3
20,31368618,31373923,117285,DEFB118
19,16161368,16173525,117286,CIB3
6,159034468,159045152,117289,TAGAP
9,72521801,72836351,117531,TMC1
20,2536607,2641784,117532,TMC2
19,14028148,14031042,117579,RLN3
2,238848032,238910543,117581,TWIST2
2,204545793,205620162,117583,PARD3B
17,35005990,35089319,117584,RFFL
5,178859953,178888122,117608,ZNF354B
11,5596109,5612958,117854,TRIM6
21,28539318,28540355,118421,LINC00161
1,1253909,1273885,118424,UBE2J2
4,79827471,79877770,118425,PCAT4
12,12357079,12469694,118426,BORCS5
1,101802574,101997030,118427,OLFM3
4,79901149,80125454,118429,ANTXR2
12,54830519,54858393,118430,MUCL1
17,7754320,7754976,118432,RPL29P2
3,51955314,51957504,118442,GPR62
16,70246778,70251930,118460,EXOSC6
10,49299193,49327487,118461,C10orf71
10,133347146,133352683,118471,PRAP1
10,133308475,133313162,118472,ZNF511
10,73782047,73783652,118487,CHCHD1
10,73423579,73433561,118490,MSS51
10,73253759,73358859,118491,CFAP70
10,126424997,126670446,118611,C10orf90
10,122271306,122338162,118663,BTBD16
10,122910701,122913111,118670,FAM24A
10,122954381,122997513,118672,PSTK
10,47365496,47384273,118738,ZNF488
10,96593312,96720514,118788,PIK3AP1
10,97614553,97633500,118812,MORN4
10,97737121,97760907,118813,ZFYVE27
10,125766453,125775821,118856,MMP21
10,75233969,75236030,118881,COMTD1
10,93667883,93702572,118924,FRA10AC1
10,88822132,88851818,118932,ANKRD22
10,102714538,102743492,118980,SFXN2
10,117277274,117375467,118987,PDZD8
10,45825594,45853875,119016,AGAP4
10,102854223,102864961,119032,BORCS7
10,30611779,30629762,119180,LYZL2
10,104268873,104304945,119391,GSTO2
10,104122058,104126385,119392,SFR1
10,103472804,103479240,119395,CALHM3
10,127877841,127892947,119467,CLRN3
10,72216000,72235860,119504,ANAPC16
10,116427867,116477957,119548,PNLIPRP3
10,119140767,119165667,119559,SFXN4
10,123706207,123940267,119587,CPXM2
11,5058650,5059627,119678,OR52E2
11,5046526,5047461,119679,OR52J3
11,4998983,4999930,119682,OR51L1
11,4907370,4908308,119687,OR51A7
11,4848237,4849208,119692,OR51S1
11,4821386,4822414,119694,OR51F2
11,4803433,4804380,119695,OR52R1
11,36594493,36659290,119710,C11orf74
11,54603069,54603998,119749,OR4C46
11,48245056,48246080,119764,OR4X2
11,48216792,48217762,119765,OR4B1
11,4545191,4546144,119772,OR52M1
11,4449295,4450361,119774,OR52K2
11,7795905,7796973,120065,OR5P2
11,7825037,7825972,120066,OR5P3
11,45921621,45929096,120071,LARGE2
11,93144171,93197964,120103,SLC36A4
11,92352096,92896470,120114,FAT3
11,89968502,89975228,120146,TRIM64
11,129815819,129860003,120224,TMEM45B
11,14877440,14892252,120227,CYP2R1
11,20156155,20160613,120237,DBX1
11,111298555,111308735,120376,COLCA2
11,112064010,112074274,120379,PIH1D2
11,114521715,114559895,120400,NXPE1
11,114678386,114706933,120406,NXPE2
11,118193740,118225094,120425,JAML
11,31369840,31431849,120526,DNAJC24
11,30323051,30338227,120534,ARL14EP
11,56093308,56094240,120586,OR8I2
11,6920974,6922043,120775,OR2D3
11,6891490,6892599,120776,OR2D2
11,6199146,6200259,120787,OR52W1
11,6001986,6003194,120793,OR56A4
11,6026671,6027741,120796,OR56A1
12,100203669,100267079,120863,DEPDC4
12,40196744,40369285,120892,LRRK2
12,95867048,95942974,120935,CCDC38
12,10170542,10191801,120939,TMEM52B
12,50326230,50396622,121006,FAM186A
12,104986310,105074197,121053,C12orf45
12,55574415,55575344,121129,OR2AP1
12,55636860,55637854,121130,OR10P1
12,56923154,56934405,121214,SDR9C7
12,58872149,58920522,121227,LRIG3
12,129071725,129903666,121256,TMEM132D
12,128793191,128823983,121260,SLC15A4
12,49064685,49070025,121268,RHEBL1
12,48482503,48496512,121273,C12orf54
12,48337180,48351414,121274,ZNF641
12,48202083,48203387,121275,OR10AD1
12,71938846,72186618,121278,TPH2
12,53326575,53345315,121340,SP7
12,54455950,54473602,121355,GTSF1
12,55221025,55221975,121364,OR10A7
12,52565782,52573825,121391,KRT74
12,96907223,96953777,121441,NEDD1
12,98453835,98457145,121456,SLC9A7P1
12,98613405,98645113,121457,IKBIP
12,14767999,14771131,121504,HIST4H4
12,14914035,14939082,121506,ERP27
12,32399529,32646050,121512,FGD4
12,19404045,19720801,121536,AEBP2
12,107774385,107776644,121549,ASCL4
12,107318413,107659642,121551,BTBD11
12,101475421,101486997,121599,SPIC
12,100717526,101128641,121601,ANO4
12,109088188,109093631,121642,ALKBH2
12,109277979,109309220,121643,FOXN4
12,120762510,120904371,121665,SPPL3
13,111316184,111344249,121793,TEX29
13,43908669,44030461,121838,LINC00284
13,102880099,102896033,121952,METTL21EP
13,37103259,37105664,122011,CSNK1A1L
13,31739542,31803388,122042,RXFP2
13,30932703,30975502,122046,TEX26
13,77697854,77764242,122060,SLAIN1
13,57140918,57143939,122183,PRR20A
13,112376319,112434689,122258,SPACA7
14,103928462,104052667,122402,TDRD9
14,102501760,102509799,122416,ANKRD9
14,96392111,96489427,122481,AK7
14,94081282,94103846,122509,IFI27L1
14,44897295,44907257,122525,C14orf28
14,39147811,39170532,122553,TRAPPC6B
14,104985775,105010482,122616,C14orf79
14,104924816,104937790,122618,PLD4
14,104724186,104747325,122622,ADSSL1
14,21024109,21036276,122664,TPPP2
14,21057822,21058455,122665,RNASE8
14,22829879,22835037,122704,MRPL52
14,23042167,23044276,122706,PSMB11
14,20014260,20015193,122740,OR4K14
14,20060045,20060983,122742,OR4L1
14,20223632,20224805,122748,OR11H6
14,49598697,49614672,122769,LRR1
14,49693105,49753152,122773,KLHDC1
14,51489100,51730727,122786,FRMD6
14,55027230,55049488,122809,SOCS4
14,57390544,57415917,122830,NAA30
14,63312835,63318879,122876,GPHB5
14,77394021,77423517,122945,NOXRED1
14,75427716,75474111,122953,JDP2
14,74493720,74497106,122961,ISCA2
14,73591706,73596496,122970,ACOT4
14,88824153,88881078,123016,TTC8
14,91779751,91867536,123036,TC2N
14,92322581,92501483,123041,SLC24A4
14,100291111,100306547,123096,SLC25A29
14,100143957,100160163,123099,DEGS2
14,20425870,20435811,123103,KLHL33
15,51938025,51971806,123169,LEO1
15,82988441,83011641,123207,C15orf40
15,72114258,72143688,123228,SENP8
15,65001512,65029639,123263,MTFMT
15,65045370,65053396,123264,SLC51B
15,101653598,101724604,123283,TARSL2
15,99251362,99390729,123355,LRRC28
15,76059837,76229121,123591,TMEM266
15,22773063,22829791,123606,NIPA1
15,86079973,87029052,123624,AGBL1
15,78507564,78537372,123688,HYKK
15,82809628,82836108,123720,WHAMM
15,82755362,82806070,123722,FSD2
15,41981582,42051190,123745,PLA2G4E
16,81053497,81077267,123775,C16orf46
16,15037853,15056079,123803,NTAN1
16,15865720,15888625,123811,FOPNL
16,84145287,84178767,123872,DNAAF1
16,20451461,20487667,123876,ACSM2A
16,20854925,20900384,123879,DCUN1D3
16,67884805,67888855,123904,NRN1L
16,66603874,66613892,123920,CMTM3
16,49373823,49399431,123970,C16orf78
16,89696343,89701705,124044,SPATA2L
16,89657802,89671272,124045,SPATA33
16,1978917,1984192,124056,NOXO1
16,722582,726954,124093,CCDC78
16,19716456,19858467,124152,IQCK
16,2830169,2839585,124220,ZG16B
16,2839568,2842744,124221,PRSS30P
16,2969245,2973489,124222,PAQR4
16,88570381,88631966,124245,ZC3H18
16,20031485,20073917,124274,GPR139
16,80597906,80804329,124359,CDYL2
16,4696510,4734378,124401,ANKS3
16,4608883,4615027,124402,UBALD1
16,4777669,4788521,124404,12-Sep
16,31713229,31794869,124411,ZNF720
16,29940885,29973052,124446,TMEM219
16,23522014,23557731,124454,EARS2
16,50666300,50681353,124460,SNX20
16,75443054,75465497,124491,TMEM170A
17,76726830,76733936,124512,METTL23
17,58420167,58488384,124535,HSF5
17,58169656,58170579,124538,OR4D2
17,57255851,57684685,124540,MSI2
17,81245000,81295547,124565,SLC38A10
17,78991717,79009867,124583,CANT1
17,74916084,74923256,124590,USH1G
17,74521174,74531474,124599,CD300LB
17,74326210,74355820,124602,KIF19
17,39868164,39877896,124626,ZPBP2
17,7857746,7862282,124637,CYB5D1
17,2041936,2043430,124641,OVCA2
17,9644698,9729691,124739,USP43
17,8368637,8376711,124751,KRBA2
17,60392429,60431421,124773,C17orf64
17,45254393,45262112,124783,SPATA32
17,45160700,45170040,124790,HEXIM2
17,44034635,44067619,124801,LSM12
17,44673069,44689779,124808,CCDC43
17,42798792,42811587,124817,CNTD1
17,34580749,34639318,124842,TMEM132E
17,50834650,50842348,124857,WFIKKN2
17,49248239,49258662,124871,FLJ40194
17,49132460,49176840,124872,B4GALNT2
17,32970376,32997877,124912,SPACA3
17,28607964,28614200,124923,SGK494
17,28954901,29006440,124925,SEZ6
17,29589769,29614761,124930,ANKRD13B
17,1569267,1628886,124935,SLC43A2
17,4143168,4187310,124936,CYB5D2
17,7014495,7017525,124944,C17orf49
17,5078248,5096374,124961,ZFP3
17,4556927,4560818,124975,GGT6
17,4498838,4539035,124976,SPNS2
17,47323290,47441312,124989,EFCAB13
17,47823272,47831534,124995,MRPL10
17,1716523,1738599,124997,WDR81
6,52995621,52995948,125050,RN7SK
17,79932343,80035848,125058,TBC1D16
17,78187317,78207701,125061,AFMID
17,40362931,40363815,125111,GJD3
17,40654665,40665181,125113,KRT222
17,40977716,40987135,125115,KRT40
17,16438822,16478678,125144,LRRC75A-AS1
17,15976560,15999717,125150,ZSWIM7
17,18260534,18266552,125170,MIEF2
17,18950345,19022595,125206,SLC5A10
18,13663347,13726663,125228,FAM210A
18,46476972,46657033,125336,LOXHD1
18,35452230,35497991,125476,INO80C
18,23992773,24135610,125488,TTC39C
18,74434099,74457944,125704,FAM69C
19,51367098,51369003,125875,CLDND2
19,52949379,52962911,125893,ZNF816
19,57320509,57330776,125919,ZNF543
19,44501677,44529788,125931,CEACAM20
19,10316212,10333640,125950,RAVER1
19,9213850,9214871,125958,OR7D4
19,9114828,9115763,125962,OR7G1
19,9093179,9094213,125963,OR1M1
19,55349306,55354814,125965,COX6B2
19,16479057,16496192,125972,CALR3
19,6306142,6333629,125981,ACER1
19,5678421,5680896,125988,C19orf70
19,7049321,7051735,125997,MBD3L2
19,7680843,7687703,126003,TRAPPC5
19,7631611,7633748,126006,PCP2
19,54094668,54102692,126014,OSCAR
19,53467735,53496255,126017,ZNF813
19,11767000,11784078,126068,ZNF441
19,11797667,11809622,126069,ZNF491
19,11814284,11835201,126070,ZNF440
19,11374685,11376951,126074,SWSAP1
19,11344684,11354944,126075,CCDC159
19,50505998,50511353,126119,JOSD2
19,50152548,50163195,126123,IZUMO2
19,49690898,49713731,126129,CPT1C
19,49453169,49471048,126133,ALDH16A1
19,48661407,48673081,126147,NTN5
19,55891699,55932336,126204,NLRP13
19,55947832,55988629,126205,NLRP8
19,55999726,56061813,126206,NLRP5
19,56087366,56121280,126208,ZNF787
19,37735833,37817300,126231,ZNF573
19,33132090,33175795,126248,WDR88
19,4292232,4302431,126259,TMIGD2
19,39530990,39532854,126272,EID2B
19,4639518,4655568,126282,TNFAIP8L1
19,2900898,2918476,126295,ZNF57
19,43584369,43596135,126298,IRGQ
19,43607219,43619874,126299,ZNF428
19,2252252,2269759,126306,JSRP1
19,2071038,2096673,126308,MOB3A
19,3538261,3574290,126321,MFSD12
19,3585553,3593541,126326,GIPC3
19,5891276,5904006,126328,NDUFA11
19,751126,764318,126353,MISP
19,18391144,18397617,126364,LRRC25
19,15086980,15088221,126370,OR1I1
19,34481638,34512304,126374,WTIP
19,34956354,34964049,126375,ZNF792
19,19201416,19203424,126382,NR2C2AP
19,35754569,35758079,126393,HSPB6
19,15010744,15023269,126402,CCDC105
19,15508493,15552317,126410,CYP4F22
19,38867834,38878279,126432,RINL
19,38990714,39032785,126433,FBXO27
19,1524074,1535456,126520,PLK5
19,40319536,40348527,126526,C19orf47
19,16015287,16027462,126536,LINC00661
19,15949008,15949958,126541,OR10H4
19,17281645,17287646,126549,ANKLE1
19,405438,409170,126567,C2CD4C
1,151070578,151125542,126626,GABPB2
1,152084144,152089064,126637,TCHHL1
1,152153595,152159228,126638,RPTN
1,154502219,154548147,126668,TDRD10
1,154469772,154502113,126669,SHE
1,26949562,26960406,126695,KDF1
1,229321005,229343294,126731,CCSAP
1,13474977,13514048,126755,LRRC38
1,12716115,12728759,126767,AADACL3
1,1308567,1311677,126789,PUSL1
1,1232265,1235041,126792,B3GALT6
1,84999147,85133138,126820,WDR63
1,161098361,161100346,126823,KLHDC9
1,179365720,179554735,126859,AXDND1
1,116111755,116135240,126868,MAB21L3
1,18904281,18956686,126917,IFFO2
1,149839538,149841193,126961,HIST2H3C
1,94820342,94895246,126969,SLC44A3
1,109483479,109492804,127002,ATXN7L2
1,109105951,109113857,127003,C1orf194
1,219173844,219212865,127018,LYPLAL1
1,248145148,248146086,127059,OR2M5
1,248203068,248204006,127062,OR2M3
1,248294616,248295578,127064,OR2T12
1,248348775,248349713,127066,OR14C36
1,248573801,248574757,127068,OR2T34
1,248592830,248593768,127069,OR2T10
1,248361581,248362627,127074,OR2T4
1,248626119,248627190,127077,OR2T11
1,198523222,198540945,127124,ATP6V1G3
1,75918873,75932431,127247,ASB17
1,74733152,74766678,127253,TYW3
1,74568111,74673738,127254,ERICH3
1,74026015,74198187,127255,LRRIQ3
1,3625002,3630127,127262,TPRG1L
1,2586491,2591469,127281,FAM213B
1,24056035,24112175,127294,MYOM3
1,46506996,46514226,127343,DMBX1
1,159535078,159536007,127385,OR10J5
1,40245947,40251691,127391,TMCO2
1,40531561,40548169,127396,ZNF684
1,54053587,54112519,127428,TCEANC2
1,53062052,53085502,127435,PODN
1,100148449,100178273,127495,LRRC39
1,34759741,34763724,127534,GJB4
1,33860475,33864791,127540,HMGB4
1,32936445,32964685,127544,RNF19B
1,33306766,33321098,127550,A3GALT2
1,155018520,155033781,127579,DCST2
1,224896262,225399292,127602,DNAH14
1,247451029,247451982,127623,OR2B11
1,182054570,182061712,127665,ZNF648
1,182398117,182400616,127670,TEDDM1
1,37806979,37809454,127687,C1orf122
1,36415827,36450451,127700,OSCP1
1,35713875,35719472,127703,C1orf216
1,18480982,18486126,127707,KLHDC7A
1,20290919,20354894,127731,VWA5B1
1,20186085,20196048,127733,UBXN10
1,59987269,60073770,127795,C1orf87
1,202133404,202144743,127829,ARL8A
1,202590596,202710417,127833,SYT2
1,204368431,204369719,127841,LINC00628
1,204198160,204214092,127845,GOLT1A
1,162497251,162529629,127933,UHMK1
1,161721563,161728143,127943,FCRLB
1,241652278,241802133,128025,WDR64
1,231223763,231241187,128061,C1orf131
1,145933423,145958001,128077,LIX1L
1,217631324,217871696,128153,SPATA17
1,236348257,236484914,128178,EDARADD
1,44118850,44135140,128209,KLF17
1,43269994,43274002,128218,TMEM125
1,156337314,156346995,128229,TSACC
1,156525405,156572604,128239,IQGAP3
1,156591762,156594299,128240,NAXE
1,16197854,16212609,128272,ARHGEF19
1,228106679,228109312,128308,MRPL55
1,228458107,228460470,128312,HIST3H2BB
1,111117333,111140216,128338,DRAM2
1,111346288,111353013,128344,PIFO
1,111473792,111478512,128346,C1orf162
1,158398522,158399466,128360,OR10T2
1,158562651,158563604,128366,OR6P1
1,158578919,158579899,128367,OR10X1
1,158606439,158607380,128368,OR10Z1
1,158754720,158755891,128371,OR6K6
1,158765744,158766682,128372,OR6N1
1,212791828,212816626,128387,TATDN3
20,63005927,63007035,128408,BHLHE23
20,63240784,63272694,128414,NKAIN4
20,37903104,37945350,128434,VSTM2L
20,38446578,38450921,128439,SNHG11
20,44302838,44311169,128486,FITM2
20,45123425,45124465,128488,WFDC12
20,45886489,45887635,128497,SPATA25
20,46540946,46550574,128506,OCSTAMP
20,52972407,53495330,128553,TSHZ2
20,58150904,58161150,128602,C20orf85
20,59123381,59259113,128611,ZNF831
20,435480,462553,128637,TBC1D20
20,2814987,2815833,128653,C20orf141
20,5302040,5314369,128674,PROKR2
20,10435303,10636829,128710,SLX4IP
20,23439685,23444930,128817,CSTL1
20,23564732,23568749,128821,CST9L
20,23602410,23605876,128822,CST9
20,31847637,31870747,128853,DUSP15
20,33031648,33044047,128859,BPIFB6
20,33217310,33227758,128861,BPIFA3
20,33662284,33665619,128864,C20orf144
20,33811304,33854366,128866,CHMP4B
20,34560542,34698790,128869,PIGU
20,35285731,35292401,128876,FAM83C
22,16961936,17008222,128954,GAB4
22,19351368,19448232,128977,C22orf39
22,20017014,20065926,128989,TANGO2
22,22513736,22520270,129025,ZNF280A
22,24806169,24927578,129049,SGSM1
22,29205851,29259597,129080,EMID1
22,37830855,37849327,129138,ANKRD54
2,48440598,48515391,129285,PPP1R21
2,84821650,84907008,129293,TRABD2A
2,85598548,85603196,129303,TMEM150A
2,183117513,183161680,129401,NUP35
2,166888487,167259753,129446,XIRP2
2,199929975,199955736,129450,TYW5
2,100470482,100483280,129521,NMS
2,99284238,99304742,129530,LYG1
2,99161427,99181058,129531,MITD1
2,231961245,232344350,129563,DIS3L2
2,6840570,6866635,129607,CMPK2
2,8852690,9003813,129642,MBOAT2
2,124025287,124915287,129684,CNTNAP5
6,42050513,42087461,129685,TAF8
2,667335,677439,129787,TMEM18
7,156472196,156640654,129790,LINC01006
2,112138385,112188216,129804,FBLN7
2,241808825,241817413,129807,NEU4
2,178112424,178139011,129831,RBM45
2,54330034,54383742,129852,C2orf73
2,95592018,95599778,129868,TRIM43
2,169479178,169506655,129880,BBS5
2,169645425,169694433,129881,CCDC173
2,134838547,134902034,130013,ACMSD
2,202773150,202871985,130026,ICA1L
2,131047876,131093460,130074,FAM168B
7,141918817,141919909,130075,OR9A4
2,26581202,26641368,130106,CIB4
2,79025686,79028505,130120,REG3G
2,197568224,197676045,130132,RFTN2
2,55174791,55232563,130162,CLHC1
2,43637273,43767987,130271,PLEKHH2
2,223751686,223838027,130340,AP1S3
2,119302225,119366828,130355,C2orf76
2,222424517,222560948,130367,SGPP2
2,157526767,157629005,130399,ACVR1C
2,19351485,19358653,130497,OSR1
2,19896643,19901986,130502,TTC32
2,169827458,170084131,130507,UBR3
2,200488952,200519784,130535,KCTD18
2,201288271,201357398,130540,ALS2CR12
2,27377231,27380790,130557,ZNF513
2,230996121,231025055,130560,SPATA3
2,149329985,149474148,130574,LYPD6
2,149038107,149215262,130576,LYPD6B
2,38665910,38741237,130589,GALM
2,219543663,219550595,130612,TMEM198
2,219195237,219209651,130617,ZFAND2B
2,39664982,39717963,130733,TMEM178A
2,206939554,206969474,130749,CPO
2,206737763,206765547,130752,MDH1B
2,11133053,11146790,130813,C2orf50
2,11155198,11178874,130814,PQLC3
2,102736905,103019900,130827,TMEM182
2,61177418,61191203,130872,AHSA2
2,229922302,230013109,130888,FBXO36
2,241072169,241102332,130916,MTERF4
2,158171081,158456753,130940,CCDC148
2,74557883,74648338,130951,M1AP
3,131533555,132285410,131034,CPNE4
3,122359591,122383231,131076,CCDC58
3,19148454,19535646,131096,KCNH8
3,180983709,180989774,131118,DNAJC19
3,161496808,161503942,131149,OTOL1
3,58633946,58666848,131177,FAM3D
3,102099244,102479841,131368,ZPLD1
3,42397078,42410600,131375,LYZL4
3,42685519,42692544,131377,KLHL40
3,32818018,32897826,131405,TRIM71
3,184335926,184348421,131408,FAM131A
3,112921209,112975122,131450,CD200R1
3,14112077,14124870,131474,CHCHD4
3,196197449,196211437,131540,ZDHHC19
3,97822040,97944963,131544,CRYBG3
3,98795941,98901689,131566,DCBLD2
3,194355247,194369743,131578,LRRC15
3,194686544,194689037,131583,FAM43A
3,127573069,127598251,131601,TPRA1
3,44861869,44865670,131616,TMEM42
3,126481281,126517773,131669,UROC1
3,150659885,150703971,131831,ERICH6
3,131381671,131388830,131870,NUDT16
3,130560334,130678155,131873,COL6A6
3,141778148,141818490,131890,GRK7
3,190428655,190449876,131920,TMEM207
3,15381275,15440566,131965,METTL6
3,11790442,11846919,132001,TAMM41
3,9902612,9916402,132014,IL17RE
3,187197486,187201465,132112,RTP1
3,51894876,51903335,132141,IQCF1
3,52287089,52293476,132158,GLYCTK
3,52245793,52250597,132160,PPM1M
3,63652668,63679020,132203,SNTN
3,63228315,63616921,132204,SYNPR
3,50279027,50288114,132228,LSMEM2
3,129543214,129551467,132243,H1FOO
4,48885019,48906937,132299,OCIAD2
4,128864921,129093607,132320,SCLT1
4,129093317,129116640,132321,C4orf33
4,121758933,121765427,132332,TMEM155
4,134196333,134201748,132430,PABPC4L
4,122378966,122429802,132612,ADAD1
4,187995771,188005050,132625,ZFP42
4,82909973,83012926,132660,LIN54
4,52051331,52097292,132671,SPATA18
4,112145397,112195256,132720,C4orf32
4,68226653,68245720,132724,TMPRSS11B
4,44682200,44726595,132789,GNPDA2
4,176184638,176195671,132851,SPATA4
4,15002674,15070153,132864,CPEB2
4,5542772,5709548,132884,EVC2
4,56505209,56524448,132946,ARL9
4,56338287,56387508,132949,AASDH
4,55556525,55592212,132954,PDCL2
4,86876205,86936202,132989,C4orf36
4,20696282,20752907,133015,PACRGL
4,117083554,117085576,133022,TRAM1L1
4,4188803,4226889,133060,OTOP1
4,184088706,184221230,133121,ENPP6
4,103019868,103085829,133308,SLC9B2
5,56909260,56925532,133383,SETD9
5,55851379,55922853,133396,IL31RA
5,50396192,50443248,133418,EMB
5,102371782,102499016,133482,SLCO6A1
5,173973779,174006140,133491,C5orf47
5,149730298,149855022,133522,PPARGC1B
5,40998017,41071342,133558,MROH2B
5,38258409,38465021,133584,EGFLAM
5,127517609,127555089,133619,PRRC1
5,36192592,36242279,133686,NADK2
5,35951010,36001028,133688,UGT3A1
5,35904295,35938779,133690,CAPSL
5,79236189,79327215,133746,JMY
5,170232447,170252575,133874,C5orf58
5,122129513,122153571,133923,ZNF474
5,196871,218215,133957,CCDC127
5,180739042,180740099,134083,OR2Y1
5,6448623,6494909,134111,UBE2QL1
5,7830378,7851490,134121,C5orf49
5,10226330,10249897,134145,FAM173B
5,10275875,10308026,134147,CMBL
5,93733220,93741637,134187,POU5F2
5,34929593,34958964,134218,DNAJC21
5,149271871,149341802,134265,AFAP1L1
5,149345430,149354583,134266,GRPEL2
5,73120292,73131817,134285,TMEM171
5,73173195,73175143,134288,TMEM174
5,157743695,157760709,134353,LSM11
5,75674124,75717481,134359,POC5
5,146513103,146516190,134391,GPR151
5,111496033,111512590,134429,STARD4
5,111091716,111130502,134430,WDR36
5,163446526,163460140,134492,NUDCD2
5,159263081,159286040,134510,UBLCP1
5,81330005,81394179,134526,ACOT12
5,132813587,132816797,134548,SOWAHA
5,132822141,132830898,134549,SHROOM1
5,134845680,134859737,134553,C5orf24
6,143422832,143450673,134637,ADAT2
6,83853266,83857515,134701,RIPPLY2
6,78867472,78946440,134728,IRAK1BP1
6,122995971,123072927,134829,CLVS2
6,132538290,132539336,134860,TAAR9
6,132644984,132646003,134864,TAAR1
6,147204425,147390476,134957,STXBP5
6,125781161,125932030,135112,NCOA7
6,125956781,125980244,135114,HINT3
6,162727132,163315492,135138,PACRG
6,70856679,70957038,135152,B3GAT2
6,70566917,70589569,135154,SDHAF4
6,73695785,73828316,135228,CD109
6,149883375,149898102,135250,RAET1E
6,89146050,89165565,135293,PM20D2
6,89095959,89118081,135295,SRSF12
6,49550646,49561907,135398,C6orf141
6,655939,656963,135458,HUS1B
6,30136108,30148735,135644,TRIM40
6,30934523,30954221,135656,DPCR1
7,73861159,73865893,135886,WBSCR28
7,73312539,73328082,135892,TRIM50
7,143026158,143027195,135924,OR9A2
7,142939343,142940868,135927,C7orf34
7,143279957,143288048,135932,TMEM139
7,144397240,144410227,135935,NOBOX
7,144129058,144130069,135941,OR2A14
7,144003929,144004983,135946,OR6B1
7,143935166,143936279,135948,OR2F2
7,149069643,149090782,136051,ZNF786
7,101362820,101559024,136227,COL26A1
7,141836286,141841487,136242,PRSS37
7,130731235,130734061,136259,KLF14
7,130207860,130216843,136263,SSMEM1
7,48035511,48061304,136288,C7orf57
7,138594285,138701352,136306,SVOPL
7,135926761,135977353,136319,MTPN
7,134127299,134264591,136332,LRGUK
7,151175698,151187832,136371,ASB10
7,142252143,142258058,136541,PRSS58
7,40126023,40134659,136647,MPLKIP
7,76389334,76409695,136853,SSC4D
7,25134697,25180356,136895,C7orf31
7,117363222,117428123,136991,ASZ1
8,8701938,8704106,137075,CLDN23
8,129351691,129680239,137196,CCDC26
8,124973298,124979389,137209,ZNF572
8,37934281,37940129,137362,GOT1L1
8,93698561,93731527,137392,FAM92A
8,17246571,17302427,137492,VPS37A
8,94895767,95116455,137682,NDUFAF6
8,55696424,55773407,137695,TMEM68
8,106759483,106770245,137735,ABRA
8,142750150,142752534,137797,LYPD2
8,23702451,23706598,137814,NKX2-6
8,132685007,132760712,137835,TMEM71
8,14089864,15238339,137868,SGCZ
8,66430185,66471601,137872,ADHFE1
8,58411264,58451501,137886,UBXN2B
8,51319578,51809445,137902,PXDNL
8,41577187,41625001,137964,GPAT4
8,35235457,35796550,137970,UNC5D
8,38386207,38409527,137994,LETM2
8,87870743,87874068,138009,DCAF4L2
8,84182787,84921844,138046,RALYL
8,43140455,43202855,138050,HGSNAT
9,113297093,113303376,138065,RNF183
9,136006537,136095285,138151,NACC2
9,135495181,135501734,138162,C9orf116
9,74981020,75028423,138199,CARNMT1
9,72051376,72072721,138240,C9orf57
9,71911510,71986054,138241,C9orf85
9,69820793,69906232,138255,C9orf135
9,136754386,136758543,138307,LCN8
9,136712570,136724050,138311,FAM69B
9,127692978,127724873,138428,PTRH1
9,127920879,127930797,138429,PIP5KL1
9,32629454,32635669,138474,TAF1L
9,94030794,94109856,138639,PTPDC1
9,34621379,34628107,138715,ARID3C
9,34610486,34612104,138716,RPP25L
9,35041095,35045991,138724,C9orf131
9,104598457,104599413,138799,OR13C5
9,104569168,104570130,138802,OR13C8
9,104535749,104536856,138803,OR13C3
9,104526253,104527209,138804,OR13C4
9,104504263,104505222,138805,OR13F1
9,122567548,122568477,138881,OR1L8
9,122553112,122555173,138882,OR1N2
9,122526358,122527296,138883,OR1N1
9,133654586,133657313,138948,DBH-AS1
21,30396074,30396822,140258,KRTAP13-1
21,32574841,32587373,140290,TCP10L
13,98175785,98177265,140432,RNF113B
7,101020072,101058745,140453,MUC17
4,176213673,176277571,140458,ASB5
9,129634604,129642169,140459,ASB6
15,100602534,100651705,140460,ASB7
12,48147788,48181213,140461,ASB8
3,139232992,139233522,140464,PISRT1
12,56152256,56159647,140465,MYL6B
19,7515292,7521026,140467,ZNF358
2,170178145,170655171,140469,MYO3B
7,156640281,156677130,140545,RNF32
22,39021113,39033276,140564,APOBEC3D
1,153606886,153613145,140576,S100A16
21,17901263,18267373,140578,CHODL
8,7836471,7841242,140596,DEFB104A
22,31104772,31120069,140606,SELENOM
1,198156963,198322420,140609,NEK7
19,56538948,56556810,140612,ZFP28
1,3021483,3022903,140625,ACTRT2
20,62463497,62475970,140628,GATA5
20,38724462,38729372,140679,SLC32A1
20,270863,290778,140680,C20orf96
20,33161768,33181412,140683,BPIFA2
20,63743666,63831244,140685,ZBTB46
20,45747944,45791932,140686,WFDC3
20,56491492,56525925,140687,GCNT7
20,32443059,32585074,140688,NOL4L
20,55997440,56005472,140689,CBLN4
20,57495966,57525652,140690,CTCFL
15,44728988,44767829,140691,TRIM69
20,37101226,37179588,140699,MROH8
20,63974113,63980008,140700,SAMD10
20,63861498,63862988,140701,ABHD16B
20,32010450,32032180,140706,CCM2L
12,124993700,125031231,140707,BRI3BP
20,36777442,36863686,140710,SOGA1
20,36876121,36894235,140711,TLDC2
20,44751808,44810338,140730,RIMS4
20,58218495,58228653,140731,ANKRD60
20,32983773,33004433,140732,SUN5
20,13995369,16053197,140733,MACROD2
17,58083415,58095536,140735,DYNLL2
2,119429901,119438520,140738,TMEM37
2,237966827,238042782,140739,UBE2F
10,70672803,70762441,140766,ADAMTS14
6,24126122,24154900,140767,NRSN1
17,17776686,17779529,140771,SMCR5
17,18315310,18328055,140775,SMCR8
14,46651010,46651821,140801,RPL10L
9,74722495,74888094,140803,TRPM6
12,52585589,52601538,140807,KRT72
20,646615,653370,140809,SRXN1
20,35699272,35700984,140823,ROMO1
20,45888625,45891287,140825,NEURL2
20,22547671,22578642,140828,LINC00261
20,45857617,45879122,140831,ZSWIM3
20,45629526,45631196,140832,WFDC10A
20,44436172,44465349,140834,LINC01620
20,17693672,17735871,140836,BANF2
20,25612935,25624175,140838,NANP
20,35285251,35285756,140846,FAM83C-AS1
20,14554384,14636524,140848,MACROD2-IT1
20,157470,159163,140850,DEFB127
20,18813726,18814392,140856,SCP2D1
20,13221771,13300651,140862,ISM1
20,45534196,45539495,140870,WFDC6
20,35523186,35529652,140873,C20orf173
20,31485778,31487574,140875,LINC00028
20,50586108,50691528,140876,RIPOR3
20,23450403,23452857,140880,CST11
20,227258,229886,140881,DEFB129
22,22484421,22509154,140883,ZNF280B
20,1894167,1940592,140885,SIRPA
5,66139971,66183615,140890,SREK1
20,62410237,62427533,140893,RBBP8NL
20,35954564,36030700,140894,CNBD2
20,2101611,2177038,140901,STK35
20,44336986,44351235,140902,R3HDML
5,135444214,135447348,140947,DCANP1
1,1615415,1630610,142678,MIB2
2,183078559,183100005,142679,DUSP19
9,137230757,137236554,142680,SLC34A3
1,160945025,160954799,142683,ITLN2
7,123567010,123639481,142685,ASB15
3,57268347,57292682,142686,ASB14
10,95194200,95228928,142827,ACSM6
10,75099586,75182123,142891,SAMD8
10,88586753,88606976,142910,LIPJ
10,87817928,87845612,142913,CFL1P1
10,114938193,114977676,142940,TRUB1
10,28050993,28334486,143098,MPP7
10,48153088,48274870,143162,FRMPD2
10,112446998,112818744,143187,VTI1A
10,80336105,80356755,143241,DYDC1
10,79512601,79516440,143244,EIF5AL1
10,91409280,91514829,143279,HECTD2
10,91906589,91909483,143282,FGFBP3
10,116663696,116670264,143379,C10orf82
10,118674167,118755249,143384,CACUL1
11,7238778,7469042,143425,SYT9
11,35943981,36232136,143458,LDLRAD3
18,26133852,26193355,143471,PSMA8
11,4367263,4368386,143496,OR52B4
11,4571423,4577820,143501,C11orf40
11,4586791,4587905,143502,OR52I2
11,4643420,4655488,143503,OR51E1
11,74807739,74949200,143570,XRRA1
11,5514393,5516705,143630,UBQLNL
11,26559033,26572233,143662,MUC15
11,45906513,45907282,143678,C11orf94
11,95768942,95790409,143684,FAM76B
11,95165513,95232541,143686,SESN3
11,94543840,94621421,143689,PIWIL4
11,100687653,100991937,143872,ARHGAP42
11,106051098,106077765,143879,KBTBD3
11,107326345,107457844,143884,CWF19L2
11,108472105,108498432,143888,KDELC2
11,111540280,111561745,143903,LAYN
11,118527472,118531197,143941,TTC36
11,63813388,63827718,144097,C11orf84
11,16777317,17014443,144100,PLEKHA7
11,18606401,18634791,144108,SPTY2D1
11,18693122,18704785,144110,TMEM86A
11,6845652,6846705,144124,OR10A5
11,6785017,6786014,144125,OR2AG1
11,6497260,6593758,144132,DNHD1
12,42456757,42590355,144165,PRICKLE1
12,95943293,95968716,144193,AMDHD1
12,7812512,7891148,144195,SLC2A14
12,31111652,31206154,144203,AC024940.1
12,49836039,49843129,144233,BCDIN3D
12,38316578,38329728,144245,ALG10B
12,75391070,75432688,144321,GLIPR1L2
12,123973241,124316024,144347,RFLNA
12,123971845,124015439,144348,ZNF664
12,24566964,24584168,144360,LINC00477
12,25195216,25209645,144363,ETFRF1
12,38646822,38907430,144402,CPNE8
12,121712752,121783001,144404,TMEM120B
12,121917862,122003927,144406,WDR66
12,128853427,128984968,144423,GLT1D1
12,85014311,85036277,144448,TSPAN19
12,69643360,69699476,144453,BEST3
12,77021247,77065580,144455,E2F7
12,93542463,93571768,144481,SOCS2-AS1
12,94460003,94462484,144486,CEP83-AS1
12,52168996,52192000,144501,KRT80
12,96489571,96875555,144535,CFAP54
12,8822472,8887001,144568,A2ML1
12,9065177,9068060,144571,A2M-AS1
12,64186316,64222296,144577,C12orf66
12,14803572,14906586,144608,C12orf60
12,1565993,1594165,144699,FBXL14
12,110501655,110532086,144715,RAD9B
12,111360651,111369121,144717,FAM109A
12,119283825,119303380,144742,LINC00934
13,63986371,64076011,144766,LINC00355
13,90890954,90926597,144776,LINC00410
13,42781550,42791549,144809,FAM216B
13,43879284,43893932,144811,LACC1
13,44799503,44809630,144817,LINC00330
13,52640786,52643796,144983,HNRNPA1L2
13,31199936,31332276,145173,B3GLCT
14,101730437,101732522,145200,LINC00239
14,103847721,103858049,145216,LINC00637
14,67701886,67734452,145226,RDH12
14,70245491,70247801,145241,ADAM21P1
14,94768216,94770230,145258,GSC
14,94487274,94517844,145264,SERPINA12
14,93718298,93788481,145270,PRIMA1
14,37197913,37552361,145282,MIPOL1
14,64549902,64589380,145376,PPP1R36
14,60981114,61083733,145389,SLC38A6
14,57999735,58298139,145407,C14orf37
14,51649516,51651744,145438,FRMD6-AS1
14,50872160,50904970,145447,ABHD12B
14,73851844,73886827,145482,PTGR2
14,73931501,73950414,145483,FAM161B
14,76826372,76870302,145497,LRRC74A
14,77474394,77498850,145501,ISM2
14,80476983,80959517,145508,CEP128
14,24213937,24216070,145553,MDP1
14,90524564,90816479,145567,TTC7B
14,41607570,41904549,145581,LRFN5
15,25135642,25138055,145624,PWAR1
15,44956702,44979229,145645,TERB2
15,69396904,69415029,145694,AC027237.3
15,62066977,62070917,145741,C2CD4A
15,99715697,99733561,145748,LYSMD4
15,59372693,59523549,145773,FAM81A
15,57591908,57714745,145781,GCOM1
15,56630181,56918571,145783,ZNF280D
15,55408548,55418764,145788,C15orf65
15,98968230,99007795,145814,PGPEP1L
15,95433095,95507847,145820,LINC00924
15,67521068,67530143,145853,C15orf61
15,88877288,88895626,145864,HAPLN3
15,89760591,89778754,145873,MESP2
15,37921939,37967724,145942,TMCO5A
15,96783389,96785615,145946,SPATA8
15,75935969,76059795,145957,NRG4
15,87576929,87579866,145978,LINC00052
15,43358172,43371025,146050,ZSCAN29
15,42738734,42920809,146057,TTBK2
15,42723559,42737126,146059,CDAN1
16,84009667,84042636,146167,SLC38A8
16,22092538,22156966,146177,VWA3A
16,21678514,21760729,146183,OTOA
16,68530090,68576072,146198,ZFP90
16,67644919,67657569,146206,CARMIL2
16,67289428,67326763,146212,KCTD19
16,66614750,66696707,146223,CMTM4
16,66579448,66588275,146225,CMTM2
16,66427297,66493529,146227,BEAN1
16,10627501,10694945,146279,TEKT5
16,1966823,1968975,146310,RNF151
16,560422,565528,146325,PRR35
16,692498,705829,146330,FBXL16
16,1064093,1078731,146336,SSTR5-AS1
16,30023334,30027736,146378,C16orf92
16,27787535,28063509,146395,GSG1L
16,89195761,89201664,146429,SLC22A31
16,70579895,70660682,146433,IL34
16,3432422,3443542,146434,ZNF597
16,3027682,3036926,146439,BICDL2
16,69343248,69351809,146456,TMED6
16,86555320,86557299,146512,FLJ30679
16,86286427,86293389,146513,LINC02135
16,30573740,30585771,146540,ZNF785
16,30569346,30572734,146542,ZNF688
16,31138925,31150094,146547,PRSS36
16,5044122,5066110,146556,C16orf89
16,4734272,4749396,146562,C16orf71
17,76868456,76950393,146664,MGAT5B
17,17843511,17972422,146691,TOM1L2
17,81228277,81239091,146705,TEPSIN
17,82942155,83051810,146712,B3GNTL1
17,79089345,79516148,146713,RBFOX3
17,74694311,74712978,146722,CD300LF
17,7717354,7833744,146754,DNAH2
17,1934677,2025345,146760,RTN4RL1
17,63849292,63864379,146771,TCAM1P
17,62343941,62416479,146779,EFCAB3
17,72342940,72355136,146795,LINC02003
17,19678288,19718979,146802,SLC47A2
17,14235673,14236862,146822,CDRT15
17,9576627,9643459,146845,CFAP52
17,8729934,8745219,146849,CCDC42
17,8802723,8867677,146850,PIK3R6
17,8339864,8346048,146852,ODF4
17,35760897,35765079,146853,C17orf50
17,35435096,35448837,146857,SLFN13
17,35192520,35194523,146861,SLC35G3
17,35147817,35189345,146862,UNC45B
17,43847148,43863629,146894,CD300LG
17,44924709,44947711,146909,KIF18B
17,42980565,42993690,146923,RUNDC1
17,50373220,50381483,146956,EME1
17,28357581,28363683,147007,TMEM199
17,28703197,28711854,147011,PROCA1
17,28897781,28903071,147015,DHRS13
17,7351889,7354944,147040,KCTD11
17,45620328,45655156,147081,LINC02210
17,41549606,41554495,147093,LINC00974
17,81952507,81961840,147111,NOTUM
17,78130770,78142968,147138,TMC8
17,18697998,18736118,147166,TRIM16L
17,40219304,40284136,147179,WIPF2
17,40748021,40755332,147183,KRT25
17,40819106,40836274,147184,TMEM99
11,193080,194573,147199,SCGB1C1
18,54324358,54357964,147323,STARD6
18,46173553,46266991,147339,C18orf25
18,59430940,59697380,147372,CCBE1
18,72536680,72638521,147381,CBLN2
18,31759562,31760880,147407,SLC25A52
18,31376777,31414912,147409,DSG4
18,23598926,23662885,147463,ANKRD29
18,10454628,10489948,147495,APCDD1
19,51331536,51342124,147645,VSIG10L
19,51388289,51390574,147646,C19orf84
19,51693340,51712387,147650,SPACA6
19,52297177,52325922,147657,ZNF480
19,52429187,52452315,147658,ZNF534
19,52453576,52512154,147660,ZNF578
19,53013921,53016122,147664,ERVV-1
19,56643145,56655766,147670,SMIM17
19,57958437,57974534,147685,C19orf18
19,57921884,57935393,147686,ZNF418
19,57900296,57916610,147687,ZNF417
19,57389850,57402992,147694,ZNF548
19,45488777,45502510,147699,PPM1N
19,45333434,45351520,147700,KLC3
19,44613630,44636781,147710,IGSF23
19,41837074,41844697,147719,LYPD4
19,10651862,10653844,147727,ILF3-AS1
19,9466507,9498607,147741,ZNF560
19,55376836,55378244,147744,TMEM190
19,40379271,40390187,147746,HIPK4
19,54160108,54173250,147798,TMC4
19,53431984,53444670,147804,TPM3P9
19,55600022,55603138,147807,ZNF524
19,55620742,55624601,147808,ZNF784
19,12317477,12333720,147837,ZNF563
19,11131520,11155808,147841,SPC24
19,49388218,49417994,147872,CCDC155
19,46647612,46661138,147906,DACT3
19,45764785,45769226,147912,SIX5
19,46143106,46161299,147920,IGFL2
19,37007857,37130314,147923,ZNF420
19,36182060,36246257,147929,ZNF565
19,55836578,55881854,147945,NLRP4
19,56368099,56379828,147947,ZNF542P
19,56375846,56393545,147948,ZNF582
19,56397966,56436035,147949,ZNF583
19,38403135,38409088,147965,FAM98C
19,38730187,38769904,147968,CAPN12
19,32405543,32485895,147991,DPY19L3
19,39655894,39660647,148003,LGALS16
19,40216058,40218399,148014,TTC9B
19,4815932,4831704,148022,TICAM1
19,5455431,5456856,148066,ZNRF4
19,34758076,34773229,148103,ZNF599
19,35224800,35228729,148109,FAM187B
19,19538248,19546659,148113,CILP2
19,35758143,35771028,148137,PROSER3
19,28965131,28970874,148145,LINC00906
19,8806170,8832328,148156,ZNF558
19,54465026,54473264,148170,CDC42EP5
19,27684580,27793940,148189,LINC00662
19,22391019,22532485,148198,ZNF98
19,21082159,21125270,148206,ZNF714
19,23739195,23758891,148213,ZNF681
19,1461143,1479556,148223,C19orf25
19,1782075,1812276,148229,ATP8B3
19,16031307,16042116,148231,LINC00905
19,2714567,2721418,148252,DIRAS1
19,2841435,2860484,148254,ZNF555
19,37411155,37469275,148266,ZNF569
19,37467585,37488652,148268,ZNF570
1,114089291,114153919,148281,SYT6
1,209779208,209784559,148304,C1orf74
1,153967534,153974363,148327,CREB3L4
1,10946471,10982037,148345,C1orf127
1,222712553,222735196,148362,BROX
1,923928,944581,148398,SAMD11
1,1399522,1402046,148413,AL391244.1
1,84298366,84389957,148418,SAMD13
1,85249953,85259672,148423,C1orf52
1,6613685,6624033,148479,PHF13
1,150282543,150287093,148523,CIART
1,95117338,95197607,148534,TMEM56
1,108223341,108244081,148545,NBPF4
1,64203627,64267368,148581,UBE2U
1,233904933,234324516,148641,SLC35F3
1,202861754,202875241,148709,AC098934.2
1,202168051,202189455,148713,PTPRVP
1,146017468,146036746,148738,HFE2
1,145866560,145885866,148741,ANKRD35
1,179730217,179742697,148753,AL359853.3
1,180558976,180566518,148756,OVAAL
1,235449923,235504481,148789,B3GALNT2
1,205568885,205602918,148808,MFSD4A
1,205828022,205850132,148811,PM20D1
1,247507058,247577690,148823,GCSAML
1,100896076,100981753,148867,SLC30A7
1,3746460,3771645,148870,CCDC27
1,46545644,46551527,148930,KNCN
1,46607715,46616891,148932,MOB3C
1,53506237,53738106,148979,GLIS1
1,146938744,146996202,149013,NBPF12
1,153203443,153205120,149018,LELP1
1,173931214,174022297,149041,RC3H1
1,78229599,78369464,149047,MGC27382
1,32209094,32216196,149069,DCDC2B
1,33256545,33300719,149076,ZNF362
1,31500085,31509648,149086,LINC01225
1,155033824,155050930,149095,DCST1
1,224434660,224740549,149111,CNIH3
1,37793802,37801137,149175,MANEAL
1,67138907,67259979,149233,IL23R
1,170146001,170167790,149281,METTL11B
1,166057426,166166969,149297,FAM78B
1,201888680,201892306,149345,SHISA4
1,231332753,231337852,149371,EXOC8
1,26111165,26125543,149420,PDIK1L
1,151036570,151047600,149428,BNIPL
1,42733093,42740254,149461,CLDN19
1,43172149,43254358,149465,CFAP57
1,43281883,43285617,149466,C1orf210
1,43991359,43996528,149473,CCDC24
1,44808482,44815585,149478,BTBD19
1,45620044,45624057,149483,CCDC17
1,156920650,156933094,149499,LRRC71
1,16004236,16008807,149563,C1orf64
1,228487061,228495766,149603,RNF187
1,111280059,111286116,149620,CHIAP2
1,158930796,158977054,149628,PYHIN1
1,212830141,212847649,149643,SPATA45
1,212624474,212626778,149647,FAM71A
20,38581195,38588463,149685,ADIG
20,43726164,43726998,149699,GTSF1L
20,45109452,45115172,149708,WFDC5
20,58515379,58619888,149773,APCDD1L-AS1
20,58818919,58850903,149775,GNAS-AS1
20,5496067,5504613,149837,LINC00654
20,5750393,5863912,149840,C20orf196
20,26103416,26114028,149934,NCOR1P1
20,32564992,32608893,149950,AL133343.1
20,32702691,32743997,149951,COMMD7
20,33079644,33111751,149954,BPIFB4
20,62122461,62135378,149986,LSM14B
21,14108813,14210891,149998,LIPI
21,14236206,14362754,150000,ABCC13
21,39405844,39445805,150082,LCA5L
21,39745407,39802096,150084,IGSF5
21,43414515,43427128,150094,SIK1
21,41711520,41715775,150135,LINC00479
21,42009194,42024924,150142,ZNF295-AS1
21,42102134,42108534,150147,UMODL1-AS1
4,102885048,103019739,150159,SLC9B1
22,16590751,16592810,150160,CCT8L2
22,16783412,16821699,150165,XKR3
22,20206397,20208524,150197,LINC00896
22,20965108,20981360,150209,AIFM3
22,21545357,21551461,150221,RIMBP3C
22,21628089,21630064,150223,YDJC
22,23763021,23765861,150248,C22orf15
22,28742031,28757515,150274,HSCB
22,28772674,28789301,150275,CCDC117
22,30080174,30177075,150280,HORMAD2
22,30652051,30667890,150290,DUSP18
22,30922308,30932449,150291,MORC2-AS1
22,32149006,32159322,150297,C22orf42
22,39743044,39893864,150350,ENTHD1
22,40859549,40862126,150353,DNAJB7
22,41229510,41240934,150356,CHADL
22,41699499,41799456,150365,MEI1
22,42074251,42079441,150368,FAM109B
22,42380410,42432395,150372,NFAM1
22,43879678,43892013,150379,PNPLA5
22,46244011,46250679,150383,CDPF1
22,46295143,46296660,150384,GTSE1-AS1
2,112482154,112541739,150465,TTL
2,112736607,112764677,150468,CKAP2L
2,113437691,113496189,150472,CBWD2
2,94871433,94876829,150483,TEKT4
2,130570829,130584161,150527,TISP43
2,199457700,199476935,150538,SATB2-AS1
2,104433267,104520832,150568,LINC01102
2,88067780,88113387,150572,SMYD1
2,100208254,100251484,150577,LINC01104
2,99141485,99151487,150590,C2orf15
2,149767506,149859191,150596,LINC01931
2,240139026,240144562,150677,OTOS
2,240126563,240136807,150678,COPS9
2,240045077,240046072,150681,OR6B3
2,61888724,62147247,150684,COMMD1
2,95274453,95291308,150696,PROM2
2,189674290,189761193,150709,ANKAR
2,73254682,73284431,150726,FBXO41
2,177548998,177553014,150737,TTC30B
2,96021946,96039451,150763,GPAT2
2,96325331,96330517,150771,ITPRIPL1
2,131492813,131521573,150776,AC073869.1
2,131361111,131364142,150786,WTH3DI
2,202635188,202769757,150864,FAM117B
2,27149004,27156974,150921,TCF23
2,26173091,26189663,150946,GAREM2
2,60940222,61018259,150962,PUS10
2,216217045,216220192,150967,LINC01963
2,64185078,64205485,150992,LINC00309
2,109542982,109614206,151011,10-Sep
2,210021423,210171383,151050,KANSL1L
2,28457145,28643788,151056,PLB1
2,186827835,186849208,151112,ZSWIM2
2,129242173,129273848,151121,LINC01854
2,179441982,179861505,151126,ZNF385B
2,238224552,238231677,151174,AC016757.1
2,238158982,238168900,151176,ERFE
2,152717893,152761253,151188,ARL6IP6
2,207580631,207625928,151194,METTL21A
2,207711540,207761839,151195,CCNYL1
2,169694488,169776989,151230,KLHL23
2,108322238,108353799,151234,SULT1C2P1
2,181954241,182131398,151242,PPP1R1C
2,200510008,200583782,151246,SGO2
2,201487425,201619178,151254,C2CD6
2,164896186,164955525,151258,SLC38A11
2,222298147,222305217,151278,CCDC140
2,219161465,219170095,151295,SLC23A3
2,218259496,218263859,151306,GPBAR1
2,97083583,97094882,151313,FAHD2B
2,33722721,33728207,151325,MYADML
2,14632686,14650814,151354,FAM84A
2,37923187,38067142,151393,RMDN2
2,20666664,20679245,151449,GDF7
2,230034974,230068999,151473,SLC16A14
2,230690921,230700529,151475,LINC01907
2,231508426,231514339,151477,LINC00471
2,230886500,230897091,151484,AC012507.2
2,233865437,233868444,151507,MSL3P1
2,69960089,69962265,151516,ASPRV1
2,159235793,159286799,151525,WDSUB1
2,157876702,158136154,151531,UPP2
2,174431571,174487094,151556,GPR155
3,180602130,180617828,151613,TTC14
3,122564238,122575203,151636,DTX3L
3,68731766,68953297,151647,FAM19A4
3,20160593,20186292,151648,SGO1
3,19979961,20012330,151649,PP2D1
3,19879472,19947025,151651,EFHB
3,107840228,107882000,151658,LINC00635
3,160755602,161078907,151742,PPM1L
3,169793428,169812986,151827,LRRC34
3,9703807,9729908,151835,CPNE9
3,109293788,109316517,151871,DPPA2
3,65872815,65954558,151877,MAGI1-IT1
3,112596794,112649530,151887,CCDC80
3,112463968,112499561,151888,BTLA
3,46921726,46982010,151903,CCDC12
3,192796815,192918161,151963,MB21D2
3,72996785,73069199,151987,PPP4R2
3,195068279,195271167,152002,XXYLT1
9,36336396,36487548,152006,RNF38
9,36136536,36163913,152007,GLIPR2
3,125969144,125983454,152015,ROPN1B
3,24096269,24103238,152024,LINC00691
3,126526999,126558965,152065,C3orf22
3,157543246,157677749,152078,PQLC2L
3,28349178,29767537,152098,AC098650.1
3,28241584,28325142,152100,CMC1
3,27110085,27369460,152110,NEK10
3,191329077,191398670,152137,CCDC50
3,191461163,191461456,152138,PYDC2
3,113442718,113515187,152185,SPICE1
3,32238679,32370325,152189,CMTM8
3,131361898,131365122,152195,NUDT16P1
3,42692663,42773253,152206,CCDC13
3,101940859,101997926,152225,LINC02085
3,14810853,14934565,152273,FGD5
3,14799331,14811414,152274,LINC02011
3,2098813,3057956,152330,CNTN4
3,118900557,119146068,152404,IGSF11
3,119146150,119160042,152405,C3orf30
4,145757627,145938635,152485,ZNF827
4,151102751,151325632,152503,SH3D19
4,47847233,47914667,152518,NFXL1
4,47914142,48040173,152519,NIPAL1
4,78887127,78939438,152559,PAQR3
4,42397839,42402487,152573,SHISA3
4,52789994,52815464,152578,LINC01618
4,52872982,53366075,152579,SCFD2
4,140442262,140498377,152586,MGAT4D
4,183097017,183099199,152641,WWC2-AS2
4,53285,88211,152687,ZNF595
4,14111968,14140052,152742,LINC01085
4,164956948,164959122,152756,FAM218A
4,6026199,6200591,152789,JAKMIP1
4,75513946,75550473,152815,THAP6
4,75556048,75565885,152816,C4orf26
4,39406853,39451536,152831,KLB
4,1617915,1684302,152877,FAM53A
4,88257620,88284769,152926,PPM1K
4,158893134,159038760,152940,C4orf45
4,8436140,8493531,152992,TRMT44
4,81426393,82044244,153020,RASGEF1B
9,121567057,121785530,153090,DAB2IP
5,55625845,55773194,153129,SLC38A9
5,122436497,122479087,153163,MGC32805
5,151314978,151347590,153201,SLC36A2
5,148268180,148286254,153218,SPINK13
5,173056352,173139284,153222,CREBRF
5,123344885,123423592,153241,CEP120
5,135834649,135888637,153328,SLC25A48
5,83052846,83077863,153339,TMEM167A
5,90458203,90474768,153364,MBLAC2
5,88189633,88269476,153396,TMEM161B
5,121961961,122075570,153443,SRFBP1
5,147559994,147662009,153469,JAKMIP2-AS1
5,92151,189972,153478,PLEKHG4B
5,140698680,140706676,153527,ZMAT2
5,69415112,69444330,153562,MARVELD2
5,2752131,2755397,153571,C5orf38
5,2745845,2751662,153572,IRX2
5,181040225,181061523,153579,BTNL9
5,95555074,95605064,153642,ARSK
5,95391344,95450454,153643,FAM81B
5,34838833,34899456,153657,TTC23L
5,43041575,43045390,153684,AC025171.2
5,115267188,115296831,153733,CCDC112
5,157161846,157166264,153745,FAM71B
5,145471799,145835369,153768,PRELID2
5,145936579,146081791,153769,SH3RF2
5,146084386,146104369,153770,PLAC8L1
5,159157409,159210053,153830,RNF145
6,142526455,142637889,153910,AL359313.1
6,143864436,143938356,153918,ZC2HC1B
6,7590199,7611967,154007,SNRNP48
6,154387504,154510659,154043,CNKSR3
6,150018334,150025532,154064,RAET1L
6,130144315,130365425,154075,SAMD3
6,133988697,134052636,154091,SLC2A12
6,20102145,20212399,154141,MBOAT1
6,22569493,22571666,154150,HDGFL1
6,159800249,159820704,154197,PNLDC1
6,124962545,125092633,154214,RNF217
6,123804141,124825657,154215,NKAIN2
6,73362677,73364171,154288,KHDC3L
6,87407983,87464465,154313,CFAP206
6,2621913,2634603,154386,LINC01600
6,105136308,105169945,154442,BVES-AS1
6,170254334,170262569,154449,AL109910.1
6,37482920,37499922,154467,CCDC167
7,87627548,87832296,154661,RUNDC3B
7,48171458,48647496,154664,ABCA13
7,112819147,112939916,154743,BMT2
7,143761790,143836933,154761,AC099548.2
7,139523856,139544984,154790,CLEC2L
7,139339457,139346319,154791,FMC1
7,65873267,65959563,154807,VKORC1L1
11,94706431,94876753,154810,AMOTL1
7,159006522,159030195,154822,LINC00689
7,122303658,122310077,154860,FEZF1-AS1
7,123452400,123535077,154865,IQUB
7,124777292,124790689,154872,C7orf77
7,66628767,66649067,154881,KCTD7
7,138797952,138838101,155006,TMEM213
7,150450630,150479392,155038,GIMAP8
7,151428835,151440813,155051,CRYGN
7,149102784,149126346,155054,ZNF425
7,149472794,149497817,155061,ZNF746
7,149872968,149880698,155066,ATP6V0E2
1,9003300,9026345,155184,SLC2A7
7,2679522,2775500,155185,AMZ1
7,73834590,73842535,155368,METTL27
7,73667825,73672112,155382,VPS37D
7,75410322,75416787,155400,NSUN5P1
7,155644451,155781485,155435,RBM33
7,16859405,16881987,155465,AGR3
8,9249417,9413714,157273,AC022784.6
8,8317736,8386498,157285,PRAG1
8,22713251,23000000,157310,PEBP4
8,25458997,25507920,157313,CDCA2
8,124046073,124171522,157376,FER1L6-AS2
8,124306189,124372692,157378,TMEM65
8,124848737,124954328,157381,LINC00964
8,26379259,26382953,157489,SDAD1P1
8,73294612,73325281,157506,RDH10
8,103132963,103141475,157556,BAALC-AS2
8,100509752,100559784,157567,ANKRD46
8,27771949,27812640,157570,ESCO2
8,28348287,28490318,157574,FBXO16
8,9900064,9905366,157627,LINC00599
8,126552442,126558393,157638,FAM84B
8,95244919,95269201,157657,C8orf37
8,99013266,99877580,157680,VPS13B
8,375931,383174,157693,FAM87A
8,489792,545781,157695,TDRP
8,614746,738106,157697,ERICH1
8,86214052,86321146,157724,SLC7A13
8,11339637,11368452,157739,TDH
8,108606850,108787615,157753,TMEM74
8,123768456,123815452,157769,FAM91A1
8,13566843,13568287,157773,C8orf48
8,66870749,66922048,157777,MCMDC2
8,61057158,61501645,157807,CLVS1
8,41645178,41650669,157848,NKX6-3
8,36784324,36936128,157855,KCNU1
8,73064540,73124088,157869,SBSPON
9,135808487,135907228,157922,CAMSAP1
9,212824,215741,157983,C9orf66
9,27245680,27284869,158035,LINC00032
9,27948078,28670286,158038,LINGO2
9,88535101,88584274,158046,NXNL2
9,136850943,136860799,158056,MAMDC4
9,136744011,136748528,158062,LCN6
9,132725578,132878777,158067,AK8
9,122614738,122615682,158131,OR1Q1
9,121821928,122093606,158135,TTLL11
9,82979585,83063177,158158,RASEF
10,38356380,38378505,158160,HSD17B7P2
9,15163622,15307360,158219,TTC39B
9,37753803,37778972,158234,TRMT10B
9,127716066,127731600,158248,TTC16
9,94176602,94204568,158257,MIRLET7DHG
9,93446494,93453592,158293,FAM120AOS
9,18927658,19049354,158297,SAXO1
9,14734666,14910995,158326,FREM1
9,5881596,6007901,158358,KIAA2026
9,35909483,35937153,158376,SPAAR
9,35406755,35483035,158381,ATP8B5P
9,111525159,111577844,158399,ZNF483
9,111686173,111795008,158401,C9orf84
9,112486847,112669397,158405,KIAA1958
9,97600080,97633575,158427,TSTD2
9,96816472,96875623,158431,ZNF782
9,96106661,96116411,158434,AL449403.2
9,76611376,76906087,158471,PRUNE2
10,73497538,73625953,159195,USP54
10,99532933,99536524,159296,NKX2-3
10,93893973,93956062,159371,SLC35G1
10,104353764,104455090,159686,CFAP58
11,26667019,26723427,159963,SLC5A12
11,93329971,93438487,159989,DEUP1
11,125746293,125749867,160065,PATE1
11,108308519,108467531,160140,C11orf65
11,18455824,18479600,160287,LDHAL6A
11,6205566,6211132,160298,C11orf42
12,94834147,94835158,160313,KRT19P2
12,82686880,83134870,160335,TMTC2
12,9951316,9995694,160364,CLEC12A
12,9715860,9733299,160365,CLECL1
12,88142296,88199887,160418,TMTC3
12,87980035,88034037,160419,C12orf50
12,105019784,105084577,160428,ALDH1L2
12,25409307,25648579,160492,LMNTD1
12,31382223,31591097,160518,DENND5B
12,52006940,52015889,160622,GRASP
12,101155493,101210407,160728,SLC5A8
12,110533245,110583320,160760,PPTC7
12,110846769,110907535,160762,CCDC63
12,119334712,119541047,160777,CCDC60
13,42040036,42256578,160851,DGKH
13,43823909,43879727,160857,CCDC122
13,94601903,94634645,160897,GPR180
13,38965925,38991066,161003,STOML3
14,67189393,67228550,161142,FAM71D
14,67447084,67533739,161145,TMEM229B
14,68979682,68987463,161159,ACTN1-AS1
14,95407266,95475836,161176,SYNE3
14,38254103,38256369,161198,CLEC14A
14,24131275,24132849,161247,FITM1
14,22883165,22887686,161253,REM2
14,61277370,61281840,161291,TMEM30B
14,46839629,47674954,161357,MDGA2
14,77376689,77391497,161394,SAMD15
14,24299862,24309124,161424,NOP9
14,88612431,88792752,161436,EML5
15,43599398,43618800,161497,STRC
15,81007033,81149175,161502,CFAP161
15,73873608,73889214,161514,TBC1D21
15,55410525,55508234,161582,DNAAF4
15,31475398,31870789,161725,OTUD7A
15,38252326,38357249,161742,SPRED1
15,75723977,75727688,161753,ODF3L1
15,34102073,34108684,161779,PGBD4
15,43330674,43354555,161823,ADAL
15,41182725,41230743,161829,EXD1
15,39600031,39782830,161835,FSIP1
16,88453317,88537016,161882,ZFPM1
16,84191138,84197168,161931,ADAD2
16,19113932,19121629,162073,ITPRIPL2
16,27066707,27069165,162083,C16orf82
16,75148492,75172236,162239,ZFP1
17,55882301,56511659,162282,ANKFN1
17,62701314,62808344,162333,10-Mar
17,8797162,8799349,162387,MFSD6L
17,35243036,35273655,162394,SLFN5
17,44004546,44009063,162417,NAGS
17,42579513,42610623,162427,RETREG3
17,50271406,50281485,162461,TMEM92
17,49223362,49230766,162466,PHOSPHO1
17,32266176,32324661,162494,RHBDL3
17,3510502,3557995,162514,TRPV3
17,7041630,7043923,162515,SLC16A11
17,6776223,6797101,162517,FBXO39
17,45844835,45847072,162540,SPPL2C
17,40792203,40799959,162605,KRT28
18,14057457,14132490,162655,ZNF519
18,54357917,54385218,162681,C18orf54
18,47028202,47030078,162699,ELOA3
19,52153864,52171643,162962,ZNF836
19,52336245,52367778,162963,ZNF610
19,52764195,52786791,162966,ZNF600
19,52863790,52897693,162967,ZNF320
19,58354357,58362848,162968,ZNF497
19,57535257,57559863,162972,ZNF550
19,45071500,45076588,162979,ZNF296
19,42198598,42220140,162989,DEDD2
19,9751993,9793180,162993,ZNF846
19,9185594,9188817,162998,OR7D2
19,55576770,55580845,163033,ZNF579
19,12610918,12633840,163049,ZNF791
19,12525370,12551542,163050,ZNF564
19,12461184,12513854,163051,ZNF709
19,12014732,12035741,163059,ZNF433
19,48270102,48287608,163071,ZNF114
19,36687612,36727701,163081,ZNF567
19,37217926,37248738,163087,ZNF383
19,37667751,37692322,163115,ZNF781
19,39538705,39540333,163126,EID2
19,40028260,40056209,163131,ZNF780B
19,5782960,5784765,163154,PRR22
19,35124513,35142451,163175,LGI4
19,36003307,36008793,163183,SYNE4
19,22179091,22196951,163223,ZNF676
19,21722766,21767628,163227,ZNF100
19,37551406,37614097,163255,ZNF540
1,114582848,114670422,163259,DENND2C
1,89364058,89386461,163351,GBP6
1,98890245,99005032,163404,PLPPR5
1,108712657,108742740,163479,FNDC7
1,197504748,197775696,163486,DENND1B
1,179591613,179691272,163589,TDRD5
1,179839967,179877803,163590,TOR1AIP2
1,1914827,1917296,163688,CALML6
1,24154157,24187959,163702,IFNLR1
1,46843095,46900437,163720,CYP4Z2P
1,40861051,40862366,163732,CITED4
1,53413149,53440020,163742,SLC25A3P1
1,54806063,54842252,163747,LEXM
1,152970666,152972574,163778,SPRR4
1,62236979,62319414,163782,KANK4
1,100083563,100132955,163786,SASS6
1,225982702,225999331,163859,SDE2
1,246566444,246668584,163882,CNST
1,20552439,20555010,163933,FAM43B
1,91260766,91404869,164045,HFM1
1,25861210,25871253,164091,PAQR7
1,156579727,156586770,164118,TTC24
1,223393417,223395470,164127,CCDC185
1,110112468,110113945,164153,UBL4B
20,45702016,45708817,164237,WFDC13
20,58459101,58515131,164284,APCDD1L
20,6040778,6054049,164312,LRRN4
20,23519146,23542018,164380,CST13P
20,31870702,31944963,164395,TTLL9
22,21632716,21637327,164592,CCDC116
22,29720084,29731839,164633,CABP7
22,37065436,37109563,164656,TMPRSS6
22,39097224,39104067,164668,APOBEC3H
22,41998725,42058456,164684,WBP2NL
2,227871054,227924344,164781,DAW1
2,100273291,100322733,164832,LONRF2
2,108786757,108885477,165055,CCDC138
2,26308173,26346817,165082,ADGRF3
2,231592901,231594283,165100,TEX44
2,42762481,42764261,165140,OXER1
2,28956611,29061373,165186,TOGARAM2
2,186693971,186765965,165215,FAM171B
2,119156243,119158889,165257,C1QL2
2,23927285,24004909,165324,UBXN2A
2,70808643,70820600,165530,CLEC4F
2,74518131,74526336,165545,DQX1
3,122577602,122639047,165631,PARP15
3,161344792,161372880,165679,SPTSSB
3,128462439,128467248,165721,DNAJB8
3,120164645,120285094,165829,GPR156
3,39183210,39192596,165904,XIRP1
3,196468783,196503768,165918,RNF168
3,126524283,126543291,166012,CHST13
3,64092242,64445476,166336,PRICKLE2
3,127915232,127987671,166348,KBTBD12
4,122923074,123319450,166378,SPATA5
4,122732702,122744943,166379,BBS12
4,150078274,150257457,166614,DCLK2
4,22345071,22516054,166647,ADGRA3
4,165031953,165041744,166655,TRIM60
4,143577302,143700675,166752,FREM3
4,145618263,145660035,166785,MMAA
4,4290251,4321786,166793,ZBTB49
4,89111500,89114899,166815,TIGD2
4,73571550,73620631,166824,RASSF6
4,154781213,154828813,166863,RBM46
4,107824563,107915047,166929,SGMS2
5,56919602,56971675,166968,MIER3
5,55112995,55173175,166979,CDC20B
5,36035017,36071358,167127,UGT3A2
5,79612120,79686648,167153,PAPD4
5,112976702,113020970,167227,DCP2
5,43192071,43280850,167359,NIM1K
5,97091867,97142872,167410,LIX1
5,72442652,72507727,167465,ZNF366
5,80487969,80542563,167555,FAM151B
6,83512538,83525704,167681,PRSS35
6,79484991,79537458,167691,LCA5
6,137492202,137494250,167826,OLIG3
6,139240061,139292139,167838,TXLNB
6,168292830,168319754,168002,DACT2
6,165279664,165309607,168090,C6orf118
7,65373799,65401135,168374,ZNF92
7,151956379,152019934,168391,GALNTL5
7,64228474,64266931,168417,ZNF679
7,122697712,122699156,168433,RNF133
7,108554543,108569750,168451,THAP5
7,106656765,106660996,168455,CCDC71L
7,47774652,47948491,168507,PKD1L1
7,150514830,150521073,168537,GIMAP7
7,149764182,149773479,168544,ZNF467
7,98211427,98212979,168620,BHLHA15
7,33904911,34155872,168667,BMPER
7,127346790,127431924,168850,ZNF800
8,86866442,87615219,168975,CNBD1
8,116950273,117176714,169026,SLC30A8
8,138588235,138914006,169044,COL22A1
8,100572882,100663415,169166,SNX31
8,90621995,90791632,169200,TMEM64
8,232137,264703,169270,ZNF596
8,39934614,40016391,169355,IDO2
9,133376367,133406096,169436,STKLD1
9,2717502,2730037,169522,KCNV2
9,124777158,124814885,169611,OLFML2A
9,68536580,68540867,169693,TMEM252
9,136206333,136245841,169714,QSOX2
9,3824127,4348392,169792,GLIS3
9,112957722,113050043,169834,ZNF883
9,94259311,94301454,169841,ZNF169
10,49131154,49134008,170370,FAM170B
10,49154725,49188585,170371,C10orf128
10,73772291,73780251,170384,FUT11
10,72893581,72933033,170392,OIT3
10,132397168,132417863,170394,PWWP2B
10,84279980,84294659,170425,LINC00858
19,18418864,18434562,170463,SSBP4
12,7729415,7751605,170482,CLEC4C
20,33666498,33668525,170487,ACTL10
3,154272546,154324497,170506,DHX36
3,184053047,184060671,170572,HTR3C
7,150716557,150724284,170575,GIMAP1
11,64934471,64935888,170589,GPHA2
5,76850001,76921650,170591,S100Z
13,75525219,75549439,170622,COMMD6
6,31114750,31140092,170679,PSORS1C1
6,31137536,31139350,170680,PSORS1C2
11,130448974,130476641,170689,ADAMTS15
5,5140330,5320304,170690,ADAMTS16
15,99971589,100342005,170691,ADAMTS17
16,77247813,77435114,170692,ADAMTS18
4,46734827,46909235,170712,COX7B2
4,54099523,54102505,170825,GSX2
2,42442017,42494097,170850,KCNG3
8,6987178,6989721,170949,DEFT1P
6,30676389,30687895,170954,PPP1R18
19,53365693,53392217,170958,ZNF525
19,21142024,21196053,170959,ZNF431
4,425815,499156,170960,ZNF721
19,4183354,4224814,170961,ANKRD24
12,6666477,6689572,171017,ZNF384
5,129460265,129738683,171019,ADAMTS19
20,32358344,32439319,171023,ASXL1
4,118850688,119061247,171024,SYNPO2
19,48606743,48607714,171169,SPACA4
15,40872214,40874289,171177,RHOV
12,6884682,6885786,171220,DSTNP2
11,278365,285359,171389,NLRP6
11,777578,784297,171391,AP006621.3
19,23525631,23687220,171392,ZNF675
13,99606669,99897134,171425,CLYBL
14,34432789,34462356,171546,SPTSSA
6,42915989,42925835,171558,PTCRA
22,41525804,41544606,171568,POLR3H
18,21650897,21704805,171586,ABHD3
12,132710819,132722734,192111,PGAM5
11,77034398,77041973,192134,B3GNT6
5,176388747,176389771,192286,HIGD2A
17,40697991,40703750,192666,KRT24
2,10056780,10080944,192668,CYS1
1,35930718,36072500,192669,AGO3
1,35808172,35857890,192670,AGO4
15,74957219,75021496,192683,SCAMP5
21,29193480,29288205,193629,LINC00189
8,56300010,56320776,195814,SDR16C5
9,96639577,96655303,195827,AAED1
9,96385941,96418329,195828,ZNF367
10,46286345,46330207,195977,ANTXRL
10,117473215,117545068,196047,EMX2OS
10,120456954,120589855,196051,PLPP4
11,28108248,28527041,196074,METTL15
11,118226690,118252350,196264,MPZL3
11,31432401,31509645,196294,IMMP1L
11,6107684,6108835,196335,OR56B4
12,52837804,52849092,196374,KRT78
12,123410683,123436717,196383,RILPL2
12,123762188,123936206,196385,DNAH10
12,31671137,31729174,196394,AMN1
12,57604622,57609804,196403,DTX3
12,55681546,55684611,196410,METTL7B
12,71609472,71667725,196441,ZFC3H1
12,69825304,69959097,196446,MYRFL
12,113358566,113391625,196463,PLBD2
12,99647753,99650046,196472,FAM71C
12,97430884,97598415,196475,RMST
12,90905622,90955176,196477,CCER1
16,5084304,5097808,196483,EEF2KMT
12,6693792,6700800,196500,PIANP
12,1946054,2004535,196513,DCP1B
12,45215987,45440404,196527,ANO6
12,45729665,45908040,196528,ARID2
13,102685744,102694504,196541,METTL21C
10,49014245,49115509,196740,VSTM4
10,133379234,133391694,196743,PAOX
10,122849078,122879641,196792,FAM24B
14,104821201,104823718,196872,LINC00638
14,24318349,24335093,196883,ADCY4
15,49326962,49620931,196951,FAM227B
15,99790156,99806927,196968,DNM1P46
15,71110244,71115494,196993,CT62
15,72159807,72197785,196996,GRAMD2
15,62637172,62645291,197003,MGC15885
15,66547179,66565979,197021,LCTL
15,42942897,43106113,197131,UBR1
15,44665732,44711316,197135,PATL2
16,88663298,88687186,197187,SNAI3-AS1
16,75111860,75116771,197257,LDHD
16,70454421,70480274,197258,FUK
16,74671855,74700960,197259,MLKL
16,89217703,89237071,197320,ZNF778
16,89088375,89155846,197322,ACSF3
16,649311,667833,197335,WDR90
16,1773207,1781708,197342,EME2
16,3144219,3149963,197350,CASP16P
16,3539033,3577400,197358,NLRC3
16,27224991,27268794,197370,NSMCE1
16,30378106,30400108,197407,ZNF48
20,64083380,64084359,198437,LKAAEAR1
3,138061990,138115818,199221,DZIP1L
3,39107704,39138903,199223,TTC21A
19,7676628,7679826,199675,MCEMP1
19,11559374,11619135,199692,ZNF627
19,12965159,12974762,199699,DAND5
19,37106734,37172741,199704,ZNF585A
19,54923509,54966312,199713,NLRP7
19,38384265,38388082,199720,GGN
19,43622368,43639839,199731,CADM4
19,36034985,36054762,199745,THAP8
19,35742464,35745445,199746,U2AF1L4
19,20620061,20661596,199777,ZNF626
19,17523301,17553839,199786,FAM129C
19,49688664,49690575,199800,ADM5
1,152708160,152709491,199834,LCE4A
1,94974407,95072945,199857,ALG14
1,27725979,27763122,199870,FAM76A
1,56718804,56819696,199920,C1orf168
1,9588922,9614873,199953,TMEM201
1,54980792,54992293,199964,TMEM61
1,47067488,47118319,199974,CYP4Z1
1,2184461,2212720,199990,FAAP20
1,54132968,54153770,200008,CDCP2
1,48222685,48248644,200010,SLC5A9
1,52345723,52366193,200014,CC2D1B
1,148102046,148152322,200030,NBPF11
1,145845629,145848953,200035,NUDT17
1,32179686,32198285,200081,TXLNA
1,66752459,66778787,200132,TCTEX1D1
1,242082986,242524696,200150,PLD5
1,244352635,244389663,200159,C1orf100
1,117953861,118185223,200162,SPAG17
1,41015597,41023237,200172,SLFNL1
1,155169408,155173475,200185,KRTCAP2
1,153947669,153958625,200186,CRTC2
1,15111815,15152464,200197,TMEM51-AS1
1,228165815,228182257,200205,IBA57
20,56517187,56526142,200232,FAM209A
20,23125068,23132621,200261,LINC00656
22,17777322,17779481,200298,LINC00528
22,30368811,30421771,200312,RNF215
22,38952741,38992778,200315,APOBEC3A
22,39040604,39053910,200316,APOBEC3F
2,113498665,113501155,200350,FOXD4L1
2,119544432,119662251,200373,CFAP221
2,98087116,98313299,200403,VWA3B
2,101345551,101387595,200407,CREG2
2,73644919,73685576,200420,ALMS1P1
2,73986404,74108176,200424,TET3
2,68945232,68952970,200504,GKN2
2,88524651,88529584,200523,TEX37
2,96824526,96857934,200539,ANKRD23
2,68467561,68655862,200558,APLF
2,208266267,208358751,200576,PIKFYVE
2,27442366,27446481,200634,KRTCAP3
2,206642418,206649449,200726,FAM237A
2,62500221,62511894,200728,TMEM17
2,65310851,65432637,200734,SPRED2
2,232547968,232550592,200765,TIGD1
2,240954617,240967451,200772,AC104809.2
3,125929275,125937039,200810,ALG1L
3,58717365,59050084,200844,C3orf67
3,58492114,58502360,200845,KCTD6
3,185506262,185552613,200879,LIPH
3,93980139,94055668,200894,ARL13B
3,94047836,94063389,200895,DHFR2
3,184031544,184039369,200909,HTR3D
3,170864875,170870483,200916,RPL22L1
3,196211487,196243178,200931,SLC51A
3,196568611,196589059,200933,FBXO45
3,49171611,49176486,200942,KLHDC8B
3,195720882,195741123,200958,MUC20
3,97986673,98035304,200959,GABRR3
17,65635538,66192084,201134,CEP112
17,9771434,9791297,201140,DHRS7C
17,15502264,15563595,201158,TVP23C
17,16342534,16353656,201161,CENPV
17,17212212,17237188,201163,FLCN
17,17200995,17206315,201164,PLD6
17,45393902,45434421,201176,ARHGAP27
17,42038232,42050614,201181,C17orf113
17,50110040,50129882,201191,SAMD14
17,27878314,27894752,201229,LYRM9
17,7036075,7040121,201232,SLC16A13
17,7425615,7427568,201243,C17orf74
17,82018702,82024107,201254,CENPX
17,82023302,82031151,201255,LRRC45
17,72645949,73092712,201266,SLC39A11
17,64966550,64975576,201283,AMZ2P1
17,75880335,75897003,201292,TRIM65
17,75827225,75844717,201294,UNC13D
17,35918066,35930773,201299,RDM1
17,4433688,4488208,201305,SPNS3
18,74073353,74147865,201456,FBXO15
18,8609445,8639381,201475,RAB12
18,3878180,3897069,201477,DLGAP1-AS3
18,48026673,48410752,201501,ZBTB7C
19,58401504,58418327,201514,ZNF584
19,57668935,57679152,201516,ZSCAN4
3,123490820,123585185,201562,HACD2
3,31532638,31637622,201595,STT3B
3,72151257,72174332,201617,LINC00870
3,57293699,57544344,201625,DNAH12
3,57556276,57566844,201626,PDE12
3,57625457,57693089,201627,DENND6A
3,114276913,114310288,201633,TIGIT
3,151770428,151784894,201651,AADACP1
4,158666679,158672255,201725,C4orf46
4,48483343,48489196,201780,SLC10A4
4,152769354,152779764,201798,TIGD4
4,152618632,152680165,201799,TMEM154
4,14470465,14888169,201853,LINC00504
4,39546330,39639090,201895,SMIM14
4,165070608,165208549,201931,TMEM192
4,183639635,183659225,201965,RWDD4
4,184649613,184694963,201973,PRIMPOL
4,16160505,16227410,202018,TAPT1
5,139396563,139404088,202051,SPATA24
5,139408588,139444491,202052,DNAJC18
5,176060689,176132258,202134,FAM153B
5,36248434,36302114,202151,RANBP3L
5,69280175,69332809,202243,CCDC125
5,58491435,58497090,202309,GAPT
5,79689877,79800240,202333,CMYA5
5,147234963,147387852,202374,STK32A
6,158841117,158857632,202459,OSTCP1
6,44278743,44297688,202500,TCTE1
6,61679960,62286227,202559,KHDRBS2
6,30328907,30346854,202658,TRIM39-RPP21
7,155003448,155005703,202781,PAXIP1-AS1
7,148590565,148615860,202865,C7orf33
7,1542235,1560821,202915,TMEM184A
8,144373101,144393242,203054,ADCK5
8,142212080,142403240,203062,TSNARE1
6,30720201,30725426,203068,TUBB
8,23270120,23296279,203069,R3HCC1
8,10525546,10554166,203074,PRSS55
8,10672637,10700593,203076,C8orf74
8,38974164,38988662,203100,HTRA4
8,39106990,39284911,203102,ADAM32
8,98064311,98093610,203111,ERICH5
8,22146825,22157084,203190,LGI3
9,114611206,114646422,203197,TMEM268
9,27546545,27573866,203228,C9orf72
9,15553086,16061663,203238,CCDC171
9,128061233,128068206,203245,NAIF1
9,34398184,34458570,203259,FAM219A
9,35658290,35661511,203260,CCDC107
9,98731329,98796965,203286,ANKS6
9,93058688,93085138,203328,SUSD3
11,22193176,22283357,203859,ANO5
12,65758020,65826997,204010,RPSAP52
15,100400395,100544995,204219,CERS3
16,20359170,20404737,204474,PDILT
19,55785397,55836800,204801,NLRP11
1,113929192,113977869,204851,HIPK1
1,75202131,75611116,204962,SLC44A5
2,130755435,130768134,205147,AMER3
2,199911256,199955935,205327,C2orf69
3,143971798,144048719,205428,C3orf58
3,196867856,196934714,205564,SENP5
3,113648385,113696646,205717,USF3
4,188091273,188109603,205860,TRIML2
5,115962454,116027619,206338,LVRN
5,151437046,151492381,206358,SLC36A1
6,87344849,87365463,206412,C6orf163
10,10784437,10794980,207107,SFTA1P
7,142265833,142272235,207147,TRY2P
7,93130055,93148369,219285,SAMD9L
13,25161684,25172288,219287,AMER2
1,1449689,1470158,219293,ATAD3C
13,27066142,27171896,219333,USP12
10,80131682,80145359,219348,PLAC9
13,27435643,27450591,219402,MTIF3
13,27792643,27794768,219409,GSX1
11,56375624,56376553,219417,OR8U1
11,55572128,55573060,219428,OR4C16
11,55603354,55604398,219429,OR4C11
11,55650904,55651839,219431,OR4S2
11,55665167,55666096,219432,OR4C6
11,55795556,55796500,219436,OR5D14
11,55811367,55812476,219437,OR5L1
11,55819630,55820571,219438,OR5D18
11,56030419,56031393,219447,OR5AS1
11,56159394,56160317,219453,OR8K5
11,56232106,56233185,219464,OR5T2
11,56290053,56291090,219469,OR8H1
11,56318307,56319245,219473,OR8K3
11,56360215,56361288,219477,OR8J1
11,56417258,56418232,219479,OR5R1
11,56469574,56470497,219482,OR5M3
11,56490435,56491370,219484,OR5M8
11,56542340,56543257,219487,OR5M11
11,56663662,56664687,219493,OR5AR1
11,57037534,57038436,219525,OR5AK4P
11,57181747,57191717,219527,LRRC55
11,57542641,57550274,219537,SMTNL1
11,57645087,57649944,219539,YPEL4
11,57703714,57712323,219541,MED19
7,88794106,88795721,219557,TEX47
7,88759368,89337057,219578,ZNF804B
11,49146635,49208670,219595,FOLH1
10,61662961,61766766,219621,C10orf107
10,61406643,61453450,219623,TMEM26
10,79382325,79445627,219654,ZCCHC24
10,24981979,25062279,219670,ENKUR
10,22928024,23038523,219681,ARMC3
10,71212570,71302864,219699,UNC5B
10,11849608,11894700,219731,PROSER2-AS1
10,68827541,68895432,219736,STOX1
10,69630251,69633599,219738,C10orf35
10,70137981,70146676,219743,TYSND1
10,37949572,37976633,219749,ZNF25
10,35605410,35608935,219770,GJD4
10,35247025,35572669,219771,CCNY
10,62183035,62268707,219790,RTKN2
10,70771239,70785401,219793,TBATA
11,128899565,128906035,219833,C11orf45
11,125883614,125900648,219844,HYLS1
11,125096545,125111763,219854,TMEM218
11,125063067,125090312,219855,SLC37A2
11,124542682,124543679,219858,OR8B12
11,124264827,124265867,219865,OR8G5
11,124029590,124030634,219869,OR10G8
11,124023013,124023948,219870,OR10G9
11,123976661,123977781,219873,OR10S1
11,123942785,123943873,219874,OR6T1
11,123939543,123940637,219875,OR4D5
11,121024072,121090775,219899,TBCEL
11,120325129,120333682,219902,TMEM136
11,68891276,68903835,219927,MRPL21
11,69048897,69162440,219931,TPCN2
11,133840631,133845538,219938,SPATA19
11,58030930,58031931,219952,OR6Q1
11,58118500,58119444,219954,OR9I1
11,58023881,58181616,219956,OR9Q1
11,58190434,58191518,219957,OR9Q2
11,58203202,58204181,219958,OR1S2
11,58214745,58215723,219959,OR1S1
11,58227882,58228918,219960,OR10Q1
11,58358124,58359069,219965,OR5B17
11,58507175,58508105,219968,OR5B21
11,58834065,58904215,219970,GLYATL2
11,59208510,59212951,219972,MPEG1
11,59421943,59422976,219981,OR5A2
11,59443144,59444194,219982,OR5A1
11,59456938,59457991,219983,OR4D6
11,59503576,59504511,219986,OR4D11
11,59636716,59668980,219988,PATL1
11,60040275,60048044,219990,OOSP2
11,60756953,60776732,219995,MS4A15
11,61258286,61295424,220001,VWCE
11,61348745,61362299,220002,CYB561A3
11,61481120,61490931,220004,PPP1R32
11,77216558,77301687,220032,GDPD4
11,82899975,82958277,220042,DDIAS
11,85855101,85920021,220047,CCDC83
11,69653076,69675416,220064,ORAOV1
11,70862790,70865115,220070,SHANK2-AS3
11,72080331,72110782,220074,LRTOMT
13,45534522,45615739,220081,ERICH6B
13,45702311,45714559,220082,SPERT
13,50711008,50843939,220107,DLEU7
13,51222334,51284241,220108,FAM124A
18,50374995,50394173,220134,SKA1
18,50227193,50266522,220136,CFAP53
18,69401055,69849087,220164,DOK6
10,68230624,68232103,220202,ATOH7
10,23439458,23442390,220213,OTUD1
11,124919193,124936412,220296,HEPACAM
11,120210767,120230332,220323,OAF
11,65354767,65357613,220359,TIGD3
11,82729941,82733864,220382,FAM181B
11,85684866,85686277,220388,CCDC89
13,46211943,46277366,220416,LRRC63
18,61808063,61894247,220441,RNF152
3,197578213,197627906,220729,AC132008.2
9,65668805,65734041,220869,CBWD5
10,30820207,31031937,220929,ZNF438
10,59650761,59736002,220963,SLC16A9
10,59246129,59363181,220965,FAM13C
10,45454585,45594906,220972,8-Mar
10,44811024,44959689,220980,TMEM72-AS1
2,177212563,177223958,220988,HNRNPA3
10,43606407,43617903,220992,ZNF485
10,43194535,43266919,221002,RASGEF1A
10,63521363,63625123,221035,REEP3
10,63167221,63521850,221037,JMJD1C
10,13221767,13234334,221044,UCMA
10,15211643,15371062,221061,FAM171A1
10,17951839,18043292,221074,SLC39A12
10,18545561,18659285,221078,NSUN6
10,18659405,18681639,221079,ARL5B
11,62686402,62689899,221091,LRRN4CL
11,62712630,62727349,221092,HNRNPUL2
11,43880811,43920266,221120,ALKBH3
11,44973902,44978028,221122,AC068858.1
13,20728731,20773958,221143,EEF1AKMT1
13,21153595,21176602,221150,SKA3
13,21492691,21604214,221154,MICU2
13,23979810,24035027,221178,SPATA13
16,57092537,57148367,221184,CPNE2
16,57542421,57591681,221188,ADGRG5
16,58279997,58295047,221191,PRSS54
16,55846154,55956031,221223,CES5A
18,64080009,64149030,221241,LINC00305
6,109165831,109355063,221262,CCDC162P
6,109492856,109691217,221264,AK9
6,116100849,116249497,221294,NT5DC1
6,116529013,116558868,221301,FAM26D
6,116635618,116668794,221302,ZUFSP
6,116752197,116765723,221303,FAM162B
6,121079494,121334745,221322,TBC1D32
6,56955126,57027342,221336,BEND6
6,52831655,52846095,221357,GSTA5
6,47781982,47832780,221391,OPN5
6,47685864,47722021,221393,ADGRF4
6,46852512,46954943,221395,ADGRF5
6,46687875,46704319,221400,TDRD6
6,44342660,44377167,221409,SPATS1
6,44000580,44005958,221416,C6orf223
6,43645046,43672599,221421,RSPH9
6,43506969,43510686,221424,LRRC73
6,41101022,41140835,221442,ADCY10P1
6,41033627,41097787,221443,OARD1
6,39329990,39725405,221458,KIF6
6,37212180,37258155,221468,TMEM217
6,37005646,37029070,221472,FGD2
6,36948263,36964837,221476,PI16
6,36871870,36928964,221477,C6orf89
6,35737032,35749079,221481,ARMC12
6,34246380,34249470,221491,SMIM29
6,33771202,33789136,221496,LEMD2
6,33453970,33457548,221504,ZBTB9
6,31899607,31901992,221527,ZBTB12
6,30647039,30653210,221545,C6orf136
6,25726132,25726527,221613,HIST1H2AA
6,18155329,18223853,221656,KDM1B
6,17281346,17293875,221662,RBM24
6,13924446,13980302,221687,RNF182
6,12716805,13290484,221692,PHACTR1
6,11094033,11138733,221710,SMIM13
6,10886831,10979320,221711,SYCP2L
6,3722614,3752026,221749,PXDC1
7,99616946,99632407,221785,ZSCAN25
7,99546308,99558536,221786,FAM200A
7,12330885,12403941,221806,VWDE
7,18026774,18027863,221823,PRPS1L1
7,19695462,19709087,221830,TWISTNB
7,20782283,20786886,221833,SP8
7,27184518,27189293,221883,HOXA11-AS
7,27830573,28180743,221895,JAZF1
7,100435282,100436565,221908,PPP1R35
7,100169606,100177372,221914,GPC2
7,2537877,2555727,221927,BRAT1
7,3301448,4269000,221935,SDK1
7,4682309,4771443,221937,FOXK1
7,4905989,4959213,221938,MMD2
7,6409126,6484190,221955,DAGLB
7,6794134,6826770,221960,CCZ1B
7,11370357,11832198,221981,THSD7A
7,54542325,54571080,222008,VSTM2A
7,44577894,44582287,222068,TMED4
7,30134810,30162762,222166,MTURN
7,29563811,29567295,222171,PRR15
7,76201900,76287288,222183,SRRM3
7,77696443,77783022,222194,RSBN1L
7,86876906,87059699,222223,KIAA1324L
7,102464929,102473168,222229,LRWD1
7,102748971,102809225,222234,FAM185A
7,102813230,103074843,222235,FBXL13
7,103099776,103149560,222236,NAPEPLD
7,105605067,105876604,222255,ATXN7L1
7,105876796,106033773,222256,CDHR3
10,13438484,13528974,222389,BEND7
13,27545911,27620404,222484,LNX2
16,57668187,57689378,222487,ADGRG3
6,114055586,114343045,222537,HS3ST5
6,116792085,116829037,222545,GPRC6A
6,116877212,116932163,222546,RFX6
6,117907526,118317676,222553,SLC35F1
6,54846771,54942022,222584,FAM83B
6,47656436,47697797,222611,ADGRF2
6,41042554,41044337,222642,TSPO2
6,41026911,41039217,222643,UNC5CL
6,36442767,36491143,222658,KCTD20
6,36390551,36442889,222659,PXT1
6,35805293,35833874,222662,LHFPL5
6,35214419,35253079,222663,SCUBE3
6,28431930,28443502,222696,ZSCAN23
6,28259320,28260958,222698,NKAPL
6,4049434,4087344,222826,FAM217A
7,98846488,98870771,222865,TMEM130
7,19144782,19145421,222894,FERD3L
7,100483927,100494799,222950,NYAP1
7,5274369,5306870,222962,SLC29A4
7,5925550,5970683,222967,RSPH10B
7,31514071,31658720,223075,CCDC129
7,30284307,30367692,223082,ZNRF2
7,84995553,85186855,223117,SEMA3D
8,143716259,143722458,225689,MAPK15
2,28782517,28850611,245711,SPDYA
11,60334831,60396596,245802,MS4A6E
6,117265558,117273565,245806,VGLL2
7,100119613,100125511,245812,CNPY4
8,7821966,7823889,245908,DEFB105A
8,7825172,7829053,245909,DEFB106A
8,7811720,7815716,245910,DEFB107A
11,71833200,71837710,245911,DEFB108B
6,50009138,50021981,245913,DEFB110
6,50043575,50048651,245915,DEFB112
6,49968677,49969625,245927,DEFB113
6,49960249,49964105,245928,DEFB114
20,31257664,31259632,245929,DEFB115
20,31303212,31308585,245930,DEFB116
20,31377164,31390603,245932,DEFB119
20,31404845,31412838,245934,DEFB121
20,31421436,31429180,245935,DEFB122
20,31440519,31450257,245936,DEFB123
20,31465506,31476757,245937,DEFB124
20,87250,97094,245938,DEFB125
20,187853,189681,245939,DEFB128
8,12310962,12318316,245940,DEFB130
8,85987323,86154228,245972,ATP6V0D2
2,10721649,10785110,245973,ATP6V1C2
4,77713387,77819615,246175,CNOT6L
17,35744511,35752878,246176,GAS2L2
1,19265982,19274194,246181,AKR7L
9,113255835,113275589,246184,CDC26
12,100357079,100422059,246213,SLC17A8
2,3544793,3558616,246243,RNASEH1
6,108294894,108526796,246269,AFG1L
21,17763315,17792523,246312,C21orf91-OT1
12,57243453,57251193,246329,STAC3
11,66466327,66477337,246330,PELI3
21,28013363,28023233,246705,LINC00314
7,102637049,102671641,246721,POLR2J2
17,45999250,45999694,246744,STH
15,68818221,68946811,246777,SPESP1
16,28499362,28512051,246778,IL27
1,201134772,201171574,252839,TMEM9
18,35366697,35377337,252884,ZNF396
8,11769639,11787346,252969,NEIL2
17,54968727,55173632,252983,STXBP4
1,32862268,32872482,252995,FNDC5
7,93188586,93226524,253012,HEPACAM2
4,64275257,64409468,253017,TECRL
6,31197760,31203968,253018,HCG27
15,77641764,77652288,253044,LINGO1-AS1
12,9055586,9065070,253128,LINC00612
22,31676256,31750140,253143,PRR14L
1,92029982,92063536,253152,EPHX4
22,42553617,42574382,253190,SERHL2
5,38937919,39074408,253260,RICTOR
10,75269819,75373500,253264,ZNF503-AS1
5,176630682,176646641,253314,EIF4E1B
10,58191517,58267934,253430,IPMK
3,141324213,141449792,253461,ZBTB38
13,45393316,45418455,253512,SLC25A30
2,30447226,30644225,253558,LCLAT1
3,84958981,86074429,253559,CADM2
3,186454982,186493661,253573,LINC02052
6,129831244,129861547,253582,TMEM244
2,37084451,37099244,253635,GPATCH11
3,40505992,40518736,253639,ZNF620
9,38571358,38620660,253650,ANKRD18A
6,97142161,97283217,253714,MMS22L
10,45727200,45792961,253725,WASHC2C
10,129835283,129963841,253738,EBF3
6,169457212,169702048,253769,WDR27
2,168455862,168775137,253782,CERS6
12,65278643,65488244,253827,MSRB3
13,21372573,21459370,253832,ZDHHC20
11,101890674,101916522,253935,ANGPTL5
8,63168553,63212786,253943,YTHDF3
14,35538352,35809304,253959,RALGAPA1
17,50556207,50562108,253962,CACNA1G-AS1
14,36473288,36513829,253970,SFTA3
16,29905012,29927035,253980,KCTD13
16,29900375,29919864,253982,ASPHD1
12,31647160,31673114,254013,ETFBKMT
14,20587644,20607137,254028,AL163195.2
2,171999583,172082430,254042,METAP1D
7,139230356,139308236,254048,UBN2
12,122167738,122203471,254050,LRRC43
1,1137017,1144056,254099,LINC01342
11,65576038,65592650,254102,EHBP1L1
11,65833641,65856896,254122,SNX32
2,121649650,121728481,254128,NIFK-AS1
14,39397669,39432500,254170,FBXO33
1,1173884,1197935,254173,TTLL10
11,65945445,65959963,254187,TSGA10IP
11,74748868,74842413,254225,RNF169
6,116511646,116524792,254228,FAM26E
22,32413847,32464484,254240,BPIFC
4,17841199,18021876,254251,LCORL
11,66278190,66285301,254263,CNIH2
1,108815898,108858228,254268,AKNAD1
17,18635006,18661950,254272,TBC1D28
9,128920895,128942041,254295,PHYHD1
11,66520637,66546238,254359,ZDHHC24
6,118813442,118935162,254394,MCM9
10,11823339,11872277,254427,PROSER2
1,205789093,205813748,254428,SLC41A1
11,66975277,66977004,254439,C11orf86
16,1833983,1884294,254528,MEIOB
15,34358618,34367278,254531,LPCAT4
11,67627938,67629930,254552,NUDT8
15,89361579,89398487,254559,MIR9-3HG
2,99242246,99255282,254773,LYG2
8,66460003,66518524,254778,C8orf46
12,55247198,55248302,254783,OR6C74
12,55331701,55332636,254786,OR6C3
3,174438573,175810552,254827,NAALADL2
17,7402975,7404137,254863,TMEM256
1,248387609,248388535,254879,OR2T6
3,113947901,113965401,254887,ZDHHC23
1,152510844,152512177,254910,LCE5A
21,30440275,30440945,254950,KRTAP15-1
9,122159908,122200088,254956,MORN5
8,85656442,85663497,254958,REXO1L1P
9,122723990,122724925,254973,OR1L4
10,103453387,103458888,255022,CALHM1
3,94938172,95152509,255025,LINC00879
16,15395754,15413268,255027,MPV17L
19,55226639,55229264,255043,TMEM86B
19,1228287,1238027,255057,CBARP
17,49838309,49848017,255061,TAC4
10,118046279,118210153,255082,CASC2
2,219002846,219041527,255101,CFAP65
1,19682213,19799945,255104,TMCO4
4,80335720,80963756,255119,C4orf22
4,57109762,57205510,255130,IGFBP7-AS1
5,6582136,6588499,255167,LINC01018
15,42139034,42156636,255189,PLA2G4F
19,1952531,1954586,255193,CSNK1G2-AS1
9,110303521,110337884,255220,TXNDC8
1,84925583,84997113,255231,MCOLN2
11,113387791,113400418,255239,ANKK1
15,42537820,42548802,255252,LRRC57
17,81939645,81947233,255275,MYADML2
4,74308473,74315307,255324,EPGN
3,126660609,126671939,255330,NUP210P1
22,24934954,24946695,255349,TMEM211
7,100126694,100128498,255374,MBLAC1
12,106301929,106347015,255394,TCP11L2
4,124480,163989,255403,ZNF718
5,180100791,180209153,255426,RASGEF1C
12,114408191,114412831,255480,TBX5-AS1
6,18387350,18468874,255488,RNF144B
11,1309769,1310707,255512,TOLLIP-AS1
4,140524158,140553770,255520,ELMOD2
6,25726777,25727292,255626,HIST1H2BA
1,85729233,86156943,255631,COL24A1
11,59938455,59995845,255649,OOSP1
1,246516039,246524287,255654,LINC01743
11,6169330,6170408,255725,OR52B2
1,55039548,55064852,255738,PCSK9
4,105894775,106004027,255743,NPNT
3,196291219,196318299,255758,TCTEX1D2
16,21983865,22001110,255762,PDZD9
19,47274453,47275707,255783,INAFM1
3,196506877,196515366,255798,SMCO1
19,10836575,10869790,255809,C19orf38
3,195959748,195990318,255812,SDHAP1
17,7023020,7030290,255877,BCL6B
16,50024410,50037088,255919,CNEP1R1
1,209938174,210171389,255928,SYT14
13,28138506,28295335,255967,PAN3
5,75068275,75236878,256006,ANKRD31
12,91984976,92142914,256021,LINC01619
19,57527325,57557542,256051,ZNF549
3,130345516,130484844,256076,COL6A5
19,12898786,12919276,256126,SYCE2
7,19719310,19773598,256130,TMEM196
11,48324920,48328471,256144,OR4C3
11,48306223,48307152,256148,OR4S1
9,130265882,130434123,256158,HMCN2
17,20579724,20580911,256223,CDRT15L2
7,22419444,22632925,256227,STEAP1B
19,50333796,50344767,256236,NAPSB
14,105172938,105181323,256281,NUDT14
10,23192327,23194252,256297,PTF1A
17,21238870,21253410,256302,NATD1
4,185445182,185471759,256309,CCDC110
11,554855,560779,256329,LMNTD2
3,142157527,142225607,256356,GK5
11,62602218,62612765,256364,EML3
14,93987225,94008863,256369,LINC00521
6,107704104,107824317,256380,SCML4
14,94442464,94452790,256394,SERPINA11
1,76074719,76634601,256435,ST6GALNAC3
4,127917805,127965995,256471,MFSD8
11,66291870,66296664,256472,TMEM151A
10,131092391,131311721,256536,TCERG1L
15,51723011,51751585,256586,LYSMD2
15,34343315,34357737,256646,NUTM1
9,70043581,70226970,256691,MAMDC2
12,75334639,75370560,256710,GLIPR1L1
15,53513741,53762878,256764,WDR72
10,23201916,23344845,256815,C10orf67
4,99950006,100195099,256880,AC097460.1
11,4768979,4769938,256892,OR51F1
17,81900745,81902905,256933,NPB
19,8322584,8343262,256949,KANK3
17,35854946,35868891,256957,HEATR9
7,47987148,48029119,256979,SUN3
5,80111651,80256079,256987,SERINC5
9,83242990,83538546,257019,FRMD3
1,244454377,244641177,257044,CATSPERE
19,5720677,5778734,257062,CATSPERD
3,111674676,111846447,257068,PLCXD2
1,26361634,26374522,257101,ZNF683
1,161046946,161069970,257106,ARHGAP30
3,112120841,112133305,257144,GCSAM
11,117232625,117286445,257160,RNF214
9,113410054,113429684,257169,C9orf43
1,161364731,161367874,257177,CFAP126
1,71395940,72282734,257194,NEGR1
6,28503296,28528215,257202,GPX6
21,37208503,37221736,257203,DSCR9
6,145864245,145964423,257218,SHPRH
4,7040849,7042939,257236,CCDC96
3,191267168,191330536,257313,UTS2B
15,75647906,75662301,257364,SNX33
5,53109842,53115126,257396,AC008966.1
2,231037490,231049719,257407,C2orf72
7,92560793,92590394,257415,FAM133B
16,21233665,21253845,257629,ANKS4B
11,22813799,22830299,258010,SVIP
3,46668997,46693704,259173,ALS2CL
6,31588895,31592985,259197,NCR3
6,31706885,31710595,259215,LY6G6F
10,116671192,116849741,259217,HSPA12A
10,50305586,50625163,259230,SGMS1
13,101053776,101416492,259232,NALCN
21,38206156,38208644,259234,DSCR10
3,46701333,46710886,259236,TMIE
20,45648563,45670270,259239,WFDC11
20,45607939,45631268,259240,WFDC9
11,18933813,18939507,259249,MRGPRX1
1,197084128,197146694,259266,ASPM
4,13568738,13627723,259282,BOD1L1
1,23581495,23640568,259283,MDS2
7,143183419,143184435,259285,TAS2R39
7,143222037,143223079,259286,TAS2R40
7,143477873,143478796,259287,TAS2R41
12,11091287,11092313,259289,TAS2R43
12,11030387,11031407,259290,TAS2R31
12,11091287,11092313,259291,TAS2R43
12,11061365,11062294,259292,TAS2R46
12,11132958,11134644,259293,TAS2R30
12,11021619,11022620,259294,TAS2R19
12,10996495,10997875,259295,TAS2R20
12,10985913,10986912,259296,TAS2R50
19,49889654,49929539,259307,IL4I1
9,34723055,34729467,259308,FAM205A
1,47023568,47050751,260293,CYP4X1
7,72947581,72954790,260294,NSUN5P2
1,113390749,113685923,260425,MAGI3
16,2783953,2787948,260429,PRSS33
16,31215962,31217359,260434,PYDC1
4,70226071,70235252,260436,FDCSP
1,168178933,168202114,261726,TIPRL
7,90167590,90238137,261729,STEAP2
1,5862811,5992473,261734,NPHP4
22,30447959,30472049,266629,SEC14L3
1,44783585,44787705,266675,BEST4
13,96090839,96839562,266722,HS6ST3
6,37630679,37699306,266727,MDGA1
11,66421004,66426707,266743,NPAS4
22,23688136,23699176,266747,RGL4
4,88695915,88698235,266812,NAP1L5
21,23361104,23384861,266917,D21S2088E
21,30209151,30211783,266919,LINC00307
6,46997703,47042363,266977,ADGRF1
1,248906196,248919946,267002,PGBD2
10,49455368,49539538,267004,ERCC6
22,42615244,42615393,267010,RNU12
13,105465867,105491034,267012,DAOA
22,42639803,42640601,267020,ATP5L2
20,45684653,45705019,280664,WFDC10B
19,39268514,39270092,282616,IFNL2
19,39243553,39245129,282617,IFNL3
19,39296325,39298673,282618,IFNL1
11,77589391,77610355,282679,AQP11
13,105459055,105505681,282706,DAOA-AS1
11,5342586,5343524,282763,OR51B5
11,55967558,55968463,282770,OR10AG1
11,56176618,56177556,282775,OR5J2
12,89419718,89526024,282809,POC1B
6,28994785,29005316,282890,ZNF311
10,49679651,49710261,282966,C10orf53
10,133355154,133358035,282969,FUOM
10,132104671,132184809,282973,JAKMIP3
10,132207492,132331847,282974,STK32C
10,2005473,2014348,282980,LINC00700
10,100273280,100286712,282991,BLOC1S2
10,110644397,110839469,282996,RBM20
10,59955430,59960913,283025,LINC01553
10,125683229,125709677,283038,AL158835.1
10,27672875,27746060,283078,MKX
10,120761812,120851345,283089,WDR11-AS1
11,49952391,49953419,283092,OR4C13
11,49981473,49982535,283093,OR4C12
11,9758292,9811319,283104,SBF2-AS1
11,11351942,11353357,283106,CSNK2A3
11,5177714,5178610,283110,OR52Z1
11,5199735,5200700,283111,OR51V1
11,49027501,49038451,283116,TRIM49B
11,1995163,2001470,283120,H19
11,64937517,64972085,283129,MAJIN
11,65375192,65383701,283130,SLC25A45
11,65422774,65445540,283131,NEAT1
11,112270749,112362534,283140,AP002884.3
11,118893875,118925608,283149,BCL9L
11,118971707,118981291,283150,FOXR1
11,119189638,119196769,283152,CCDC153
11,124309812,124310837,283159,OR8D1
11,124319238,124320288,283160,OR8D2
11,124423904,124424893,283162,OR8B4
11,127002910,127006058,283165,KIRREL3-AS3
11,133896438,133901601,283174,MIR4697HG
11,56742827,56743811,283189,OR9G4
11,58933643,59058659,283194,AP001636.3
11,60615736,60687149,283197,LINC00301
11,74235801,74311657,283208,P4HA3
11,74330318,74398473,283209,PGM2L1
11,75422394,75430629,283212,KLHL35
11,75758455,75768647,283214,AP001922.1
11,78171249,78188822,283219,KCTD21
11,826144,831991,283229,CRACR2B
11,695428,705028,283232,TMEM80
11,64340223,64357534,283234,CCDC88B
11,62728069,62740293,283237,TTC9C
11,63079940,63144221,283238,SLC22A24
11,63911221,63916844,283248,RCOR2
11,46602861,46617909,283254,HARBI1
11,33076149,33079454,283267,LINC00294
11,18704305,18726230,283284,IGSF22
11,6876625,6877619,283297,OR10A4
11,7485388,7511377,283298,OLFML1
11,7754393,7905955,283299,AC044810.2
11,3218332,3223131,283303,MRGPRG-AS1
12,80209453,80379090,283310,OTOGL
12,7108052,7122501,283314,C1RL-AS1
12,7346685,7479897,283316,CD163L1
12,49908882,49911863,283332,LINC02396
12,53014596,53054438,283335,AC068888.1
12,53180700,53195141,283337,ZNF740
12,64507001,64697567,283349,RASSF3
12,129109629,129113294,283352,TMEM132D-AS1
12,460364,563509,283358,B4GALNT3
12,55294288,55295232,283365,OR6C6
12,56237807,56258391,283373,ANKRD52
12,56230049,56237846,283375,SLC39A5
12,56468567,56479707,283377,SPRYD4
12,130953907,131141469,283383,ADGRD1
12,121648742,121672631,283385,MORN3
12,52164115,52223804,283404,LINC00592
12,63558913,63668939,283417,DPY19L2
12,10030677,10066027,283420,CLEC9A
12,100573683,100628286,283431,GAS2L3
12,102809280,102824399,283432,LINC00485
12,2695765,2812902,283440,ITFG2-AS1
12,109347903,109455523,283446,MYO1H
12,112160188,112382439,283450,HECTD4
12,117453012,117968983,283455,KSR2
12,120446438,120463749,283459,GATC
12,120941728,120980965,283460,HNF1A-AS1
12,39626167,39908300,283461,C12orf40
12,42081845,42144879,283464,GXYLT1
12,50842920,50887884,283471,TMPRSS12
13,102292327,102394519,283480,FGF14-IT1
13,102394630,102395703,283481,FGF14-AS2
13,110809676,110813084,283486,LINC00567
13,110863987,110870251,283487,LINC00346
13,114314513,114327328,283489,CHAMP1
13,40882577,40921774,283507,SUGT1P3
13,45777243,45851736,283514,SIAH3
13,50015254,50020922,283518,KCNRG
13,28700064,28718970,283537,SLC46A3
14,38749339,38948273,283547,LINC00639
14,49927571,50092643,283551,LINC01588
14,52553148,52637713,283554,GPR137C
14,74852871,74871940,283571,PROX2
14,77041064,77069503,283575,LINC02288
14,77131270,77142734,283576,ZDHHC22
14,77335021,77377109,283578,TMED8
14,77760830,77769742,283579,C14orf178
14,86905778,86922755,283585,LINC01148
14,88024550,88097619,283587,LINC01146
14,93904730,93927066,283592,FAM181A-AS1
14,98711613,98717761,283598,C14orf177
14,100323337,100330378,283600,SLC25A47
14,100657250,100676069,283601,LINC00523
14,21200079,21206900,283624,LINC00641
14,24205697,24208362,283629,TSSK4
14,35044907,35113130,283635,FAM177A1
14,104865280,104896770,283638,CEP170B
14,105489855,105499575,283643,C14orf80
15,48120972,48142672,283652,SLC24A5
15,55611546,55743090,283659,PRTG
15,57300365,57307769,283663,LINC00926
15,69072926,69095820,283673,EWSAT1
15,73443158,73560014,283677,REC114
15,22757857,22778741,283683,AC138649.1
15,23439498,23447234,283685,GOLGA6L2
15,80263068,80341805,283688,LINC00927
15,82647770,82692820,283692,CPEB1-AS1
15,82725873,82738904,283693,ACTG1P17
15,22094431,22095556,283694,OR4N4
15,82262810,82284930,283726,SAXO2
15,74125915,74129278,283731,AC010931.2
15,88252730,88271066,283738,NTRK3-AS1
15,38454127,38487710,283742,FAM98B
15,42067009,42094554,283748,PLA2G4D
15,20379495,20506180,283755,HERC2P3
15,23128268,23136822,283767,GOLGA6L1
15,28519611,28533014,283768,GOLGA8G
15,98437162,98547728,283777,FAM169B
15,22607540,22617854,283796,GOLGA8IP
15,63597353,63602428,283807,FBXL22
16,18417325,18562211,283820,NOMO2
16,66754976,66801620,283847,TERB1
16,66988589,67009758,283848,CES4A
16,67184366,67190204,283849,EXOC3L1
16,52258564,52280638,283854,CASC22
16,56092987,56191094,283856,AC007495.1
16,89159146,89164245,283860,LINC00304
16,65284499,65576300,283867,LINC00922
16,2009926,2020755,283869,NPW
16,2209253,2211950,283870,BRICD5
16,2211997,2214807,283871,PGP
16,3263743,3267567,283876,LINC00921
16,25066937,25068943,283887,LINC02175
16,27447669,27453393,283888,IL21R-AS1
16,29742463,29746006,283897,C16orf54
16,29995294,30005793,283899,INO80E
16,73092349,73093774,283902,HCCAT5
16,35363412,35390584,283914,LINC01566
16,77722492,77742260,283927,NUDT7
16,30919319,30923269,283932,FBXL19-AS1
16,31432593,31443160,283933,ZNF843
16,566996,569495,283948,NHLRC4
16,1419744,1420800,283951,C16orf91
16,8537605,8590193,283953,TMEM114
16,69976297,70065948,283970,PDXDC2P-NPIPB14P
16,70173322,70187361,283971,CLEC18C
17,74877299,74893781,283985,FADS6
17,74950743,74973166,283987,HID1
17,75516060,75524739,283989,TSEN54
17,76265202,76271299,283991,UBALD2
17,76850176,76861836,283994,LINC00868
17,78231310,78240987,283999,TMEM235
17,82101460,82212830,284001,CCDC57
17,82418318,82442645,284004,HEXDC
17,4785285,4786433,284013,VMO1
17,67991101,67996431,284018,C17orf58
17,64449037,64468643,284021,MILR1
17,8220642,8224043,284029,LINC00324
17,12549782,12642854,284034,LINC00670
17,15436015,15503608,284040,CDRT4
17,18537800,18625617,284047,CCDC144B
17,46029916,46225389,284058,KANSL1
17,43780435,43787612,284067,C17orf105
17,44353215,44363875,284069,FAM171A2
17,44656404,44690308,284071,MEIOC
17,48762235,48817214,284076,TTLL6
17,50050349,50055739,284080,PICART1
17,58541587,58544368,284083,C17orf47
17,28275986,28317783,284085,KRT18P55
17,28725897,28743455,284086,NEK8
17,36535020,36539310,284098,PIGW
17,37375986,37392708,284099,C17orf78
17,37828305,37884743,284100,YWHAEP7
17,38730235,38735044,284106,CISD3
17,39953263,39977766,284110,GSDMA
17,6684713,6713567,284111,SLC13A5
17,7435443,7437679,284114,TMEM102
17,41626327,41640199,284116,KRT42P
17,42402452,42423517,284119,CAVIN1
17,22406019,22413744,284124,FLJ36000
17,80219699,80253500,284129,SLC26A11
17,80415165,80438086,284131,ENDOV
17,59220467,59275967,284161,GDPD1
17,81239239,81241281,284184,NDUFAF8
17,81311270,81330674,284186,TMEM105
17,20449395,20467539,284194,LGALS9B
17,83079691,83095119,284207,METRNL
18,6941744,7117814,284217,LAMA1
18,14337423,14342524,284233,CYP4F35P
18,79638928,79679745,284241,AC068473.1
18,26454910,26657401,284252,KCTD1
18,54587757,54599493,284254,DYNAP
18,57147062,57150300,284257,BOD1L2
18,42159283,42691422,284260,LINC00907
18,45825512,45844080,284266,SIGLEC15
18,75195108,75209348,284273,ZADH2
18,75409476,75427703,284274,SMIM21
18,76528655,76610968,284276,LINC00908
18,63949301,63981774,284293,HMSD
18,64104091,64423601,284294,LINC01924
19,55488404,55519098,284297,SSC5D
19,57363477,57379565,284306,ZNF547
19,57578456,57593777,284307,ZIK1
19,57746796,57758159,284309,ZNF776
19,58034032,58054631,284312,ZSCAN1
19,40069152,40090938,284323,ZNF780A
19,40740856,40751553,284325,C19orf54
19,42302098,42310821,284338,PRR19
19,42313325,42325062,284339,TMEM145
19,42428288,42443048,284340,CXCL17
19,43211791,43248646,284344,CEACAMP10
19,43525497,43536130,284346,ZNF575
19,43795929,43827206,284348,LYPD5
19,43827292,43852017,284349,ZNF283
19,45091396,45148077,284352,PPP1R37
19,45149750,45158737,284353,NKPD1
19,47801243,47819051,284355,TPRX1
19,48712742,48719721,284358,MAMSTR
19,48740852,48746909,284359,IZUMO1
19,50476400,50490870,284361,EMC10
19,50808874,50818880,284365,LINC01869
19,51003111,51009634,284366,KLK9
19,51167328,51173524,284367,SIGLEC17P
19,51246348,51269330,284369,SIGLECL1
19,51991332,52008230,284370,ZNF615
19,52064466,52095765,284371,ZNF841
19,53599628,53608451,284379,AC011487.2
19,8697397,8698822,284382,ACTL9
19,8730954,8732009,284383,OR2Z1
19,9621291,9645896,284385,ZNF561-AS1
19,11965037,11980381,284390,ZNF763
19,12064699,12081565,284391,ZNF844
19,29287011,29525752,284395,AC011474.1
19,34593329,34675699,284402,SCGB2B2
19,36054881,36105106,284403,WDR62
19,36383120,36418656,284406,ZFP82
19,36797518,36828115,284408,ZNF790-AS1
19,54040825,54063953,284415,VSTM1
19,55312801,55334048,284417,TMEM150B
19,55354908,55363260,284418,FAM71E2
19,3473986,3480542,284422,SMIM24
19,4769140,4772533,284424,MIR7-3HG
19,6426037,6433779,284427,SLC25A41
19,7030578,7033011,284428,MBD3L5
19,15793951,15795082,284433,OR10H5
19,16719976,16817963,284434,NWD1
19,19063999,19112888,284439,SLC25A42
19,21397119,21427573,284443,ZNF493
19,463346,474983,284451,ODF3L2
19,13834516,13836289,284454,AC020916.1
19,37312837,37369365,284459,HKR1
1,112720419,112727235,284467,FAM19A3
1,151710433,151729805,284485,RIIAD1
1,151847263,151853697,284486,THEM5
1,248098649,248100922,284521,OR2L13
1,173500464,173603094,284525,SLC9C2
1,247814800,247815729,284532,OR14A16
1,47137435,47149741,284541,CYP4A22
1,51102234,51148086,284546,C1orf185
1,144421386,144461674,284565,NBPF15
1,205373252,205387440,284576,LEMD1-AS1
1,868071,876903,284593,FAM41C
1,108560089,108644900,284611,FAM102B
1,109466628,109482137,284612,SYPL2
1,109494052,109502932,284613,CYB561D1
1,145959442,145964582,284615,ANKRD34A
1,155316863,155324176,284618,RUSC1-AS1
1,24200240,24211693,284632,AL590683.1
1,182615254,182616629,284648,LINC01686
1,37611350,37634923,284654,RSPO1
1,37713880,37765133,284656,EPHA10
1,4412027,4424689,284661,LINC01777
1,159834474,159855347,284677,C1orf204
1,162373203,162376870,284680,SPATA46
1,89995112,90035531,284695,ZNF326
1,92080305,92147840,284697,BTBD8
1,42380795,42422578,284716,RIMKLA
1,15736405,15741396,284723,SLC25A34
1,16687339,16720157,284729,ESPNP
20,64034344,64039962,284739,C20orf204
20,48359950,48370629,284749,LINC00494
20,50292720,50314922,284751,LINC01270
20,60087840,60527458,284757,MIR646HG
20,1470741,1491587,284759,SIRPB2
20,22371216,22471557,284788,AL133464.1
20,25140789,25149258,284798,AL035252.2
20,26054655,26086917,284800,FAM182A
20,26186920,26251526,284801,MIR663AHG
21,28048404,28137611,284825,LINC01697
21,30430230,30431026,284827,KRTAP13-4
21,41141493,41148133,284835,LINC00323
21,43446601,43453893,284836,LINC00319
21,43805758,43812567,284837,AATBC
22,20198729,20204918,284865,AC007663.2
22,27919376,28008581,284900,TTC28-AS1
22,30488913,30505711,284904,SEC14L4
22,47631674,47855600,284930,AL117329.1
22,48538900,48547387,284933,Z84468.1
2,85418721,85437029,284948,SH2D6
2,196639554,196763490,284992,CCDC150
2,101271219,101308701,284996,RNF149
2,104746638,104757719,284998,LINC01114
2,279558,288851,285016,ALKAL2
2,178830269,179050086,285025,CCDC141
2,32825443,32926693,285045,LINC00486
2,47065941,47176511,285051,STPG4
2,174326027,174330643,285084,LINC01305
2,241869600,241873823,285093,RTP5
2,241893985,241902551,285095,AC131097.2
2,130129621,130139417,285103,MED15P9
2,27275421,27281499,285126,DNAJC5G
2,170783786,170798971,285141,ERICH2
2,9473658,9496543,285148,IAH1
2,38073447,38231651,285154,CYP1B1-AS1
2,200973718,201071671,285172,FAM126B
2,209771993,209999300,285175,UNC80
2,218034960,218090581,285180,RUFY4
2,107826937,107890841,285190,RGPD4
2,240560054,240564014,285193,DUSP28
3,143265222,143848531,285195,SLC9A9
3,68975214,69013961,285203,EOGT
3,107883248,107928907,285205,LINC00636
3,96814581,97752460,285220,EPHA6
3,128463594,128472317,285224,DNAJB8-AS1
3,48372219,48401259,285231,FBXW12
3,88149743,88168729,285237,C3orf38
3,184097064,184106995,285242,HTR3E
3,40313802,40453329,285266,ENTPD3-AS1
3,40477113,40490236,285267,ZNF619
3,40524878,40574685,285268,ZNF621
3,120686681,120742993,285282,RABL3
3,72035300,72279503,285286,LINC00877
3,151425384,151458709,285313,IGSF10
3,155762617,155806351,285315,C3orf33
3,25858533,25873700,285326,LINC00692
3,56557161,56621818,285331,CCDC66
3,112140887,112294258,285335,SLC9C1
3,44338119,44409451,285343,TCAIM
3,44498970,44510636,285346,ZNF852
3,44578223,44599694,285349,ZNF660
3,3700814,4467281,285362,SUMF1
3,9837849,9844602,285367,RPUSD3
3,9945542,9952394,285368,PRRT3
3,10759484,10764192,285370,LINC00606
3,13650696,13746637,285375,LINC00620
3,16257978,16264972,285381,DPH3
3,185078050,185153014,285382,C3orf70
3,188947214,189325304,285386,TPRG1
3,194005259,194070970,285389,LINC02028
3,62950430,63125062,285401,LINC00698
11,71794363,71818238,285407,ALG1L9P
4,123650267,123930406,285419,LINC01091
4,149351903,149896233,285423,AC093893.1
4,41981696,41986467,285429,DCAF4L1
4,186191520,186213456,285440,CYP4V2
4,186286094,186500997,285441,F11-AS1
4,108538190,108620460,285456,RPL34-AS1
4,1210120,1218591,285463,CTBP1-AS
4,1391552,1395989,285464,CRIPAK
4,3463311,3494483,285489,DOK7
4,1056250,1113562,285498,RNF212
4,177728757,177990750,285501,LINC01098
4,88709789,88730103,285512,FAM13A-AS1
4,89236386,89308010,285513,GPRIN3
4,73052362,73069755,285521,COX18
4,44622065,44678556,285525,YIPF7
4,48497361,48780322,285527,FRYL
4,153710125,153760235,285533,RNF175
4,13526319,13534335,285547,LINC01097
4,15681662,15705565,285550,FAM200B
4,97184093,98143240,285555,STPG2
4,99636529,99654648,285556,AC083902.2
5,3417152,3536094,285577,LINC01019
5,172194172,172203452,285588,EFCAB9
5,172325000,172454523,285590,SH3PXD2B
5,173579643,173585068,285593,AC008663.2
5,177707981,177783398,285596,FAM153A
5,176365468,176401865,285598,ARL10
5,94152966,94618597,285600,KIAA0825
5,95620078,95622142,285601,GPR150
5,118837322,118988545,285605,DTWD2
5,141636950,141641077,285613,RELL2
5,159310933,159805536,285626,AC008691.1
5,159448556,159466276,285627,LINC01845
5,160931778,160938626,285629,LINC02159
5,41904188,41921636,285636,C5orf51
5,151276762,151303766,285641,SLC36A3
5,155013755,155018132,285643,KIF4B
5,181154943,181155890,285659,OR2V2
5,61637708,61751763,285668,C5orf64
5,64165844,64372869,285671,RNF180
5,64718144,64768685,285672,SREK1IP1
5,178941191,178966433,285676,ZNF454
5,9641305,9903826,285692,LINC02112
5,98768650,98798643,285704,RGMB
6,109095110,109163932,285753,CEP57L1
6,109390215,109441171,285755,PPIL6
6,113868013,113873351,285758,LINC01268
6,117453817,117569858,285761,DCBLD1
6,181466,205484,285766,AL035696.3
6,6346465,6622771,285780,LY86-AS1
6,7326656,7389743,285782,CAGE1
6,163309985,163324530,285796,PACRG-AS1
6,166305300,166308448,285800,PRR18
6,170266669,170276762,285804,AL109910.2
6,29726601,29749049,285830,HLA-F-AS1
6,31053450,31059890,285834,HCG22
6,36243203,36312229,285848,PNPLA1
6,41228324,41238882,285852,TREML4
6,42879618,42889925,285855,RPL7L1
7,53035642,53036924,285877,POM121L12
7,54556970,54571726,285878,VSTM2A-OT1
7,155474206,155555450,285888,CNPY1
7,156437789,156445588,285889,AC073133.2
7,66376044,66493566,285908,LINC00174
7,41693916,41779388,285954,INHBA-AS1
7,44000889,44010122,285955,SPDYE1
7,141704338,141738346,285962,WEE2-AS1
7,143407813,143523449,285965,EPHA1-AS1
7,143620950,143730409,285966,TCAF2
7,150379335,150398631,285971,ZNF775
7,150433654,150448140,285972,LINC00996
7,151012209,151024499,285973,ATG9B
7,99472841,99503650,285989,ZNF789
7,107653968,107662151,286002,SLC26A4-AS1
7,112480853,112491062,286006,LSMEM1
7,129055223,129057239,286016,TPI1P2
7,132648794,132728769,286023,FLJ40288
8,8228595,8244865,286042,FAM86B3P
8,10896045,11201366,286046,XKR6
8,125091679,125367120,286053,NSMCE2
8,23068229,23083619,286059,AC107959.2
8,143684452,143713898,286075,ZNF707
8,143723933,143733801,286077,FAM83H
8,1296034,1302607,286083,AF067845.2
8,135234131,135299719,286094,LINC01591
8,17027238,17122644,286097,MICU3
8,144973589,145002895,286101,ZNF252P
8,145002811,145006046,286103,ZNF252P-AS1
8,20973797,20995119,286114,LINC02153
8,143246821,143262705,286128,ZFP41
8,27869882,27992727,286133,SCARA5
8,92883530,93017673,286144,TRIQK
8,94719703,94793836,286148,DPY19L4
8,100133360,100145800,286151,FBXO43
8,57261226,57266613,286177,AC025674.2
8,57746149,57750199,286178,AC104051.2
8,63769430,63785501,286184,LINC01289
8,65527008,65562780,286186,LINC01299
8,66964099,67056604,286187,PPP1R42
8,68303468,68331491,286189,C8orf34-AS1
8,70608577,70663279,286190,LACTB2-AS1
9,123356170,123380324,286204,CRB2
9,124942608,125143506,286205,SCAI
9,127706989,127716002,286207,CFAP157
9,88990863,88996140,286223,C9orf47
9,87882826,87888899,286234,SPATA31E1
9,136949551,136955497,286256,LCN12
9,136992418,136993984,286257,C9orf142
9,137191617,137204193,286262,TPRN
9,25676389,25678440,286319,TUSC1
9,113113073,113119928,286333,FAM225A
9,131258076,131276547,286336,FAM78A
9,12775021,12822131,286343,LURAP1L
9,104617248,104618204,286362,OR13C9
9,104694422,104695462,286365,OR13D1
9,90020654,90041499,286370,MIR4290HG
9,68302867,68304905,286380,FOXD4L3
3,121987323,122022204,286676,ILDR1
2,48529925,48776517,286749,STON1-GTF2A1L
17,1279663,1300987,286753,TUSC5
1,226231149,226309869,286826,LIN9
3,160432445,160485773,286827,TRIM59
4,70067386,70085290,286828,CSN1S2AP
12,52468516,52473785,286887,KRT6C
3,140678039,140701150,287015,TRIM42
4,2934899,2961738,317648,NOP14-AS1
3,71675416,71754773,317649,EIF4E3
10,73168166,73244504,317662,FAM149B1
5,95646754,95684773,317671,RFESD
19,53258292,53261837,317701,VN1R2
19,53266676,53267723,317703,VN1R4
1,247255972,247257210,317705,VN1R5
20,33193585,33210462,317716,BPIFA4P
17,41835685,41848384,317719,KLHL10
14,23969874,24006408,317749,DHRS4L2
21,13609858,13641585,317754,POTED
14,70468881,70483756,317760,ADAM20P1
14,60396469,60515543,317761,C14orf39
14,99500180,99604026,317762,CCDC85C
1,149887524,149887916,317772,HIST2H2AB
12,132136594,132144335,317781,DDX51
14,93067452,93072152,319085,ITPK1-AS1
14,37595847,38041442,319089,TTC6
6,132570322,132571359,319100,TAAR6
12,52607570,52618559,319101,KRT73
14,21397292,21397401,319103,SNORD8
14,71398337,71398407,319139,SNORD56B
4,48490252,48494389,326340,ZAR1
19,6952500,6997872,326342,ADGRE4P
17,74670578,74747335,326624,RAB37
12,109553737,109573874,326625,MMAB
14,94462717,94479689,327657,SERPINA9
1,112709994,112715477,333926,PPM1J
16,88677682,88686493,333929,SNAI3
1,149852619,149854274,333932,HIST2H3A
13,99200774,99386434,337867,UBAC2
1,149850193,149850772,337873,HIST2H2BC
5,129904472,130186634,337876,CHSY3
21,30829039,30829759,337878,KRTAP7-1
21,30812697,30813252,337879,KRTAP8-1
21,30880644,30881555,337880,KRTAP11-1
21,30479699,30480344,337882,KRTAP19-1
21,30371391,30372257,337959,KRTAP13-2
21,30425265,30425968,337960,KRTAP13-3
21,30348399,30348609,337963,KRTAP23-1
21,30613431,30613930,337966,KRTAP6-1
21,30598590,30598902,337967,KRTAP6-2
21,30592440,30593075,337968,KRTAP6-3
21,30487057,30487436,337969,KRTAP19-2
21,30491464,30491985,337970,KRTAP19-3
21,30496824,30497133,337971,KRTAP19-4
21,30501657,30502117,337972,KRTAP19-5
21,30541535,30541864,337973,KRTAP19-6
21,30560875,30561314,337974,KRTAP19-7
21,30616425,30616699,337975,KRTAP20-1
21,30635236,30635619,337976,KRTAP20-2
21,30754830,30755428,337977,KRTAP21-1
21,30746794,30747233,337978,KRTAP21-2
21,30601087,30601382,337979,KRTAP22-1
21,30642864,30643136,337985,KRTAP20-3
14,101405987,101407922,338002,LINC00524
14,106482439,106521073,338005,LINC00221
7,116953899,117098806,338069,ST7-OT4
1,54609182,54623556,338094,FAM151A
19,55708432,55738402,338321,NLRP9
11,7959424,7965426,338322,NLRP10
11,7020446,7071308,338323,NLRP14
1,153416524,153423225,338324,S100A7A
8,143213193,143217170,338328,GPIHBP1
12,8509475,8522366,338339,CLEC4D
9,21480839,21482313,338376,IFNE
1,205976740,206003461,338382,RAB7B
7,143443453,143444409,338398,TAS2R60
15,24986925,24986995,338427,SNORD108
15,25041974,25042040,338428,SNORD109A
15,25278343,25278409,338429,SNORD109B
15,25170723,25170804,338433,SNORD115-1
11,417933,442011,338440,ANO9
12,122701293,122703343,338442,HCAR2
10,93566665,93604480,338557,FFAR4
10,117197489,117210299,338567,KCNK18
10,17318383,17454330,338596,ST8SIA6
10,75037836,75058514,338599,DUPD1
11,24496970,25082631,338645,LUZP2
11,1571353,1599184,338651,KRTAP5-AS1
11,2840135,2861568,338653,KCNQ1-AS1
11,118998142,119015791,338657,CCDC84
11,123882926,123885642,338661,TMEM225
11,123906146,123907476,338662,OR8D4
11,55993681,55994625,338674,OR5F1
11,56641466,56642471,338675,OR5AP2
11,67288547,67302485,338692,ANKRD13D
11,69147228,69171564,338694,AP003071.2
11,83193739,83260694,338699,ANKRD42
11,369796,382116,338707,B4GALNT4
11,33161657,33191598,338739,CSTF3-AS1
11,5985892,5986985,338751,OR52L1
11,6767987,6769055,338755,OR2AG2
12,49332411,49337188,338761,C1QL4
12,108589846,108598320,338773,TMEM119
12,52821410,52834295,338785,KRT79
12,121795267,121803906,338799,LINC01089
12,92702843,92708549,338809,C12orf74
12,61708259,62279150,338811,FAM19A2
12,11548030,11590369,338817,LINC01252
12,21015696,21092745,338821,SLCO1B7
13,68861284,68885325,338862,LINC00550
13,24307166,24322535,338872,C1QTNF9
14,20505537,20511169,338879,RNASE10
14,74239472,74262738,338917,VSX2
15,72398273,72408029,338949,TMEM202
15,82710471,82714029,338963,AC105339.1
16,88742767,88745748,339059,AC138028.1
16,31083425,31089628,339105,PRSS53
3,129087569,129122801,339122,RAB43
16,681671,684528,339123,JMJD8
16,85098358,85112508,339145,FAM92B
17,5772234,6124427,339166,WSCD1
17,7355123,7357219,339168,TMEM95
17,62423867,62450822,339175,METTL2A
17,20836447,20896140,339184,CCDC144NL
17,44175973,44186717,339201,ASB16-AS1
17,56791913,56838773,339210,C17orf67
17,79730919,79742222,339221,ENPP7
17,81665036,81666635,339229,OXLD1
17,81666364,81673904,339230,CCDC137
17,81681174,81683924,339231,ARL16
17,20868433,21002276,339260,CCDC144NL-AS1
17,21524790,21574458,339263,C17orf51
17,40122298,40136916,339287,MSL1
18,5237826,5246508,339290,LINC00667
18,7231125,7232047,339291,LRRC30
18,76122998,76145255,339298,AC011095.1
18,59275156,59318649,339302,CPLX4
19,34734155,34745378,339318,ZNF181
19,36510695,36528660,339324,ZNF260
19,39984134,40021041,339327,ZNF546
19,45890020,45902604,339344,MYPOP
19,45913214,45914870,339345,NANOS2
19,1505018,1513604,339366,ADAMTSL5
19,7728957,7733906,339390,CLEC4G
1,151800264,151806154,339398,LINGO4
1,152168125,152445456,339400,FLG-AS1
1,155941710,155942949,339403,RXFP4
1,173609561,173669862,339416,ANKRD45
1,38209034,38214767,339442,LINC01343
1,3889125,3900293,339448,C1orf174
1,960587,965715,339451,KLHL17
1,1535174,1540453,339453,TMEM240
1,1917590,1919273,339456,TMEM52
1,190097662,190478404,339479,BRINP3
1,32600172,32650903,339487,ZBTB8OS
1,35573370,35595328,339488,TFAP2E
1,227563543,227677443,339500,ZNF678
1,227815693,227846470,339501,PRSS38
1,162824458,162868815,339512,CCDC190
1,87129765,87169198,339524,LINC01140
1,243917402,244047317,339529,AL591885.1
1,238480384,238486023,339535,LINC01139
1,44674692,44725591,339541,C1orf228
1,40477215,40496343,339559,ZFP69
20,39213777,39224748,339568,LINC01734
21,24840550,25057746,339622,LINC01692
22,30635652,30669016,339665,SLC35E4
22,32376664,32384343,339666,AL021937.1
22,36991120,37007841,339669,TEX33
22,41952165,41958933,339674,LINC00634
22,47345569,47373541,339685,Z82186.1
2,138501801,138573547,339745,SPOPL
2,173166446,173282036,339751,MAP3K20-AS1
2,127184120,127220078,339761,CYP27C1
2,233775679,233833423,339766,MROH2A
2,238100157,238133287,339768,ESPNL
2,26562582,26579532,339778,C2orf70
2,27136848,27139410,339779,PRR30
2,7922425,8278084,339788,LINC00298
2,61141592,61144969,339803,AC016747.1
2,61145068,61164829,339804,C2orf74
2,64606975,64616482,339807,AC007365.3
2,739588,740164,339822,LINC01115
3,180602858,180871005,339829,CCDC39
3,49198428,49258104,339834,CCDC36
3,134603138,134651636,339855,KY
3,131325092,131381475,339874,AC010210.1
3,37386269,37435497,339883,C3orf35
3,157081667,157123004,339894,LINC00880
3,30726200,30894765,339896,GADL1
3,46829542,46834095,339906,PRSS42
3,185162871,185191955,339926,EHHADH-AS1
3,188151206,188154057,339929,LPP-AS2
4,76312997,76421868,339965,CCDC158
4,67909385,67964140,339967,TMPRSS11A
4,188139419,188147743,339976,TRIML1
4,51993702,52017620,339977,LRRC66
4,54603211,54607131,339978,LINC02260
4,2059512,2069089,339983,NAT8L
4,157572490,157576154,340017,LINC02433
5,1201595,1225117,340024,SLC6A19
5,139475534,139482935,340061,TMEM173
5,119629559,119635822,340069,FAM170A
5,135236234,135248179,340073,C5orf66-AS2
5,135648584,135653935,340074,LINC01959
5,150296343,150339307,340075,ARSI
5,24835280,24840583,340107,LINC02239
5,32947443,32962467,340113,LINC02120
5,80556755,80570488,340120,ANKRD34B
6,136922264,136925639,340146,SLC35D3
6,149446795,149485061,340152,ZC3H12D
6,2663629,2750966,340156,MYLK4
6,73353062,73354295,340168,DPPA5
6,35781017,35793675,340204,CLPSL1
6,41149342,41154337,340205,TREML1
7,64519884,64563106,340252,ZNF680
7,1232907,1237318,340260,UNCX
7,7356203,7535853,340267,COL28A1
7,20615207,20777038,340273,ABCB5
7,23680130,23703249,340277,FAM221A
7,38685346,38687037,340286,FAM183BP
7,143755089,143757696,340307,CTAGE6
7,129144892,129169697,340348,TSPAN33
7,134986508,135147963,340351,AGBL3
8,12765849,12811478,340357,AC123777.1
8,123645527,123652950,340359,KLHL38
8,143833594,143840974,340371,NRBP2
8,144798876,144811169,340385,ZNF517
8,144107726,144118315,340390,WDR97
8,144352219,144354914,340393,TMEM249
8,107899316,108083648,340419,RSPO2
8,43292483,43363518,340441,POTEA
9,14611071,14693471,340481,ZDHHC21
9,19409059,19452020,340485,ACER2
9,97075671,97081945,340508,GAS2L1P2
9,106974833,107102988,340512,AL807761.4
10,88802730,88820546,340654,LIPM
10,93060808,93069536,340665,CYP26C1
10,114239330,114291513,340706,VWA2
10,119029716,119033732,340719,NANOS1
10,84220495,84225589,340745,LRIT2
10,123135962,123137741,340784,HMX3
10,5154143,5185187,340811,AKR1C8P
10,19048771,19790401,340895,MALRD1
10,22208814,22210021,340900,EBLN1
11,5580877,5581884,340980,OR52B6
11,17547373,17647150,340990,OTOG
11,30830369,31369810,341019,DCDC1
11,111245805,111286401,341032,C11orf53
11,60785348,60801305,341116,MS4A10
11,75088713,75089754,341152,OR2AT4
11,94021361,94113751,341208,HEPHL1
11,6869693,6870745,341276,OR10A2
11,7689438,7706421,341277,OVCH2
12,27466810,27502185,341346,SMCO2
12,29412474,29497686,341350,OVCH1
12,33374238,33439819,341359,SYT10
12,7304284,7328724,341392,ACSM4
12,51887960,51891664,341405,ANKRD33
12,55452214,55453152,341416,OR6C2
12,55551199,55552244,341418,OR6C4
12,48328980,48330279,341567,H1FNT
12,48507354,48529897,341568,OR8S1
13,38687129,38887131,341640,FREM2
13,52033611,52129078,341676,NEK5
14,20640696,20641691,341799,OR6S1
14,57563922,57982194,341880,SLC35F4
14,93347191,93348356,341947,COX8C
15,51341629,51408013,342035,GLDN
15,74069857,74082550,342096,GOLGA6A
15,81331217,81374213,342125,TMC3
15,90352245,90369146,342132,ZNF774
15,32765545,33194733,342184,FMN1
16,4556490,4600714,342346,C16orf96
16,25236001,25257931,342357,ZKSCAN2
16,71845991,71885268,342371,ATXN1L
16,71929538,71999978,342372,PKD1L3
17,74609887,74623738,342510,CD300E
17,4583999,4608319,342527,SMTNL2
17,61590426,61591202,342538,NACA2
17,40776808,40782534,342574,KRT27
17,35548125,35558098,342618,SLFN14
17,39027277,39053205,342666,LRRC37A11P
17,39210536,39225872,342667,STAC2
18,12093853,12129749,342850,ANKRD62
19,29526499,29564479,342865,VSTM2B
19,36714383,36772825,342892,ZNF850
19,39196961,39201884,342897,NCCRP1
19,39202831,39204266,342898,SYCN
19,39776595,39786167,342900,LEUTX
19,43872363,43901385,342908,ZNF404
19,44072144,44089613,342909,ZNF284
19,50649445,50659310,342918,C19orf81
19,53235381,53254898,342926,ZNF677
19,55759014,55763175,342931,RFPL4A
19,56189570,56197920,342933,ZSCAN5B
19,58327019,58342332,342945,ZSCAN22
19,13862063,13880757,342977,NANOS3
19,14053365,14059159,342979,PALM3
1,211476522,211492917,343035,RD3
1,153793947,153802091,343052,AL513523.2
1,12644547,12667086,343066,AADACL4
1,13254212,13263314,343068,PRAMEF5
1,12847408,12848725,343069,HNRNPCL1
1,13172455,13179464,343070,PRAMEF9
1,12892896,12898270,343071,PRAMEF10
1,93179919,93278730,343099,CCDC18
1,247711829,247712755,343169,OR6F1
1,247895587,247896531,343171,OR2W3
1,247921018,247921956,343172,OR2T8
1,248473351,248474307,343173,OR2T3
1,109292365,109307041,343263,MYBPHL
1,158479878,158480885,343406,OR10R2
1,159800511,159816251,343413,FCRL6
1,196225779,196609225,343450,KCNT2
1,90711539,90717237,343472,BARHL2
1,44805913,44806675,343521,TCTEX1D4
1,248558544,248559491,343563,OR2T29
20,38601934,38651035,343578,ARHGAP40
20,958452,1002264,343637,RSPO4
20,2380908,2432753,343641,TGM6
20,31968002,32003387,343702,XKR7
2,17816496,17817101,343930,MSGN1
2,98793846,98936259,343990,KIAA1211L
2,70777310,70790643,344018,FIGLA
2,73202258,73212513,344022,NOTO
2,132671799,133568463,344148,NCKAP5
2,88446787,88452656,344167,FOXI3
2,176077472,176083913,344191,EVX2
2,39175646,39229588,344387,CDKL4
2,55282319,55284522,344405,PRORSD1P
2,109129348,109504632,344558,SH3RF3
2,130729070,130730336,344561,GPR148
3,107240692,107326964,344595,DUBR
3,169821922,169837775,344657,LRRIQ4
3,169911572,169939175,344658,SAMD7
3,151733916,151761339,344752,AADACL2
3,154337672,154429715,344758,GPR149
3,31981771,31991628,344787,ZNF860
3,112034843,112081269,344805,TMPRSS7
3,112815709,112846856,344807,CD200R1L
3,142949164,142963682,344838,PAQR9
3,15151833,15205959,344875,COL6A4P1
3,187698259,187702557,344892,RTP2
3,191199241,191265615,344901,OSTN
3,193274790,193378843,344905,ATP13A5
4,40042917,40057199,344967,AC098591.1
4,151277171,151291453,345062,PRSS48
4,76894928,76898147,345079,SOWAHB
4,109848202,109872315,345193,LRIT3
4,3244369,3271738,345222,MSANTD1
4,86823468,86849263,345274,SLC10A6
4,87303789,87322906,345275,HSD17B13
5,177400107,177400636,345456,PFN3
5,179023752,179035064,345462,ZNF879
5,41306954,41510628,345557,PLCXD3
5,150846523,150900736,345611,IRGM
5,55219614,55227315,345643,MCIDAS
5,57480016,57482809,345651,ACTBL2
5,100535305,100586741,345757,FAM174A
5,79976731,79991262,345778,MTX3
6,116616479,116632985,345895,RSPH4A
6,138795926,138904070,345930,ECT2L
6,63719980,65707225,346007,EYS
6,27374615,27403904,346157,ZNF391
6,29672392,29681110,346171,ZFP57
7,55793544,55862789,346288,14-Sep
7,20134655,20217404,346389,MACC1
7,143052320,143053347,346517,OR6V1
7,144095048,144096093,346525,OR2A12
7,144318125,144319057,346528,OR2A1
7,80458671,80512020,346562,GNAT3
7,101195007,101201021,346606,MOGAT3
7,128672266,128683319,346653,FAM71F2
7,135231979,135258492,346673,STRA8
7,139452690,139483712,346689,KLRG2
8,81693607,81696174,347051,SLC10A5
9,81913437,81919926,347127,SPATA31D5P
9,130892702,130896812,347148,QRFP
9,122476958,122477926,347168,OR1J1
9,122628579,122629573,347169,OR1B1
9,34252381,34311371,347240,KIF24
9,38408994,38424447,347252,IGFBPL1
9,100578079,100587906,347273,CAVIN4
15,24985100,24985166,347686,SNORD64
10,46892,74163,347688,TUBB8
3,180989770,181836880,347689,SOX2-OT
2,232385750,232387457,347694,ECEL1P2
2,80288351,80304749,347730,LRRTM1
10,66926006,67099830,347731,LRRTM3
5,134967906,135011707,347732,CATSPER3
6,3224261,3231730,347733,TUBB2B
6,44254096,44257890,347734,SLC35B2
1,31409565,31434680,347735,SERINC2
3,138261437,138329886,347736,NME9
17,74935719,74949992,347741,OTOP3
6,10671418,10694797,347744,C6orf52
11,67631303,67639560,347853,TBX10
11,767220,777488,347862,GATD1
12,47075707,47079951,347902,AMIGO2
13,113759240,113816995,348013,TMEM255B
13,19008259,19012559,348021,LINC00442
15,64739892,64775587,348093,RBPMS2
15,64911902,64958700,348094,ANKDD1A
15,89895006,89912956,348110,ARPIN
15,20940438,20993303,348120,LINC01193
16,20536226,20576427,348158,ACSM2B
16,69950705,69964452,348174,CLEC18A
16,88706463,88715386,348180,CTU2
17,59109951,59155269,348235,SKA2
17,81822361,81833302,348262,MCRIP1
19,39515113,39520686,348303,SELENOV
19,57599885,57612722,348327,ZNF530
1,52633344,52669683,348378,FAM159A
1,16057769,16073632,348487,FAM131C
22,49414524,49657542,348645,C22orf34
2,17753858,17788941,348654,GEN1
2,230984368,230996032,348761,SPATA3-AS1
3,196554177,196568674,348793,WDR53
3,100401193,100456319,348801,LNP1
3,126394939,126436556,348807,CFAP100
3,132721750,132874223,348808,NPHP3-AS1
3,13937273,14082811,348825,TPRXL
3,198053522,198080720,348840,ANKRD18DP
4,3941760,3955419,348926,FAM86EP
5,1225355,1246189,348932,SLC6A18
5,157460019,157474717,348938,NIPAL4
5,45254950,45696498,348980,HCN1
6,149724315,149749665,348995,NUP43
7,55887475,55942225,349075,ZNF713
7,151375909,151410727,349136,WDR86
7,99923269,99929620,349149,GJC3
7,103175133,103280410,349152,DPY19L2P2
7,136685559,137182107,349160,AC009264.1
9,65736555,65738784,349334,FOXD4L4
3,139560180,139678017,349565,NMNAT3
11,112248479,112260860,349633,PLET1
11,57460549,57477534,349667,RTN4RL2
17,74367407,74372622,350383,GPR142
19,55158661,55166722,352909,DNAAF3
7,100200653,100272218,352954,GATS
6,29871895,29873783,352990,HCP5B
6,127519455,127591817,352999,C6orf58
19,21496682,21556270,353088,ZNF429
6,149916878,149923121,353091,RAET1G
12,123470054,123533718,353116,RILPL1
1,152827473,152827894,353131,LCE1A
1,152811971,152813109,353132,LCE1B
1,152804835,152806628,353133,LCE1C
1,152796751,152798181,353134,LCE1D
1,152786214,152788426,353135,LCE1E
1,152776372,152776728,353137,LCE1F
1,152698364,152699442,353139,LCE2A
1,152675295,152676574,353140,LCE2C
1,152663396,152664659,353141,LCE2D
1,152622834,152623103,353142,LCE3A
1,152613811,152614098,353143,LCE3B
1,152600662,152601086,353144,LCE3C
1,152565654,152566772,353145,LCE3E
17,15732247,15749192,353149,TBC1D26
12,11185993,11186937,353164,TAS2R42
17,76071961,76083666,353174,ZACN
5,102233986,102296549,353189,SLCO4C1
6,24356903,24358284,353219,KAAG1
1,17372196,17401699,353238,PADI6
3,44431720,44477670,353274,ZNF445
17,40766238,40772162,353288,KRT26
1,182409192,182560599,353299,RGSL1
4,185396021,185400628,353322,ANKRD37
21,44666189,44666927,353323,KRTAP12-2
3,57060441,57075432,353324,SPATA12
21,44681576,44682163,353332,KRTAP12-1
21,44637356,44638455,353333,KRTAP10-10
7,37683796,37833788,353345,GPR141
19,44259880,44275317,353355,ZNF233
5,115578650,115602479,353376,TICAM2
4,2071918,2242121,353497,POLN
1,39491646,39525935,353500,BMP8A
19,54307070,54313139,353514,LILRA5
20,33055424,33073628,359710,BPIFB3
12,7711454,7717559,359787,DPPA3
8,140094894,140100560,359809,PEG13
4,21843341,21853188,359822,KCNIP4-IT1
17,439978,445939,359845,RFLNB
1,234604269,234609525,359948,IRF2BP2
1,197153680,197200542,360023,ZBTB41
12,7765216,7774121,360030,NANOGNB
7,55681074,55713252,360132,FKBP9P1
1,157128362,157128671,360155,CYCSP52
19,2389771,2426239,360200,TMPRSS9
9,135623656,135639540,360203,GLT6D1
17,48723168,48724758,360205,PRAC2
16,2798485,2805302,360226,PRSS41
7,143244093,143270854,373156,GSTK1
15,50500562,50546708,373509,USP50
5,140670794,140673586,373863,DND1
17,15565483,15619512,374286,CDRT1
19,1383527,1395589,374291,NDUFS7
10,27398187,27414368,374308,PTCHD3
10,113854661,113917194,374354,NHLRC2
10,116324428,116380029,374355,CCDC172
11,11270876,11622005,374378,GALNT18
11,17351726,17377341,374383,NCR3LG1
11,45771432,45772358,374387,DKFZp779M0652
11,59107185,59127410,374393,FAM111B
11,62787415,62790405,374395,TMEM179B
11,67403915,67410089,374403,TBC1D10C
11,73950319,73970366,374407,DNAJB13
12,9617284,9658412,374443,AC010186.2
12,52689626,52703463,374454,KRT77
12,80402178,80680234,374462,PTPRQ
12,103237591,103496010,374470,C12orf42
14,104085679,104115581,374569,ASPG
15,56244009,56445997,374618,TEX9
15,89608789,89655451,374654,KIF7
15,90001392,90082206,374655,ZNF710
15,90929964,90932569,374659,HDDC3
16,57976435,57988116,374739,TEPP
17,7420360,7421632,374768,SPEM1
17,29929200,30108452,374786,EFCAB5
17,64854312,64919480,374819,LRRC37A3
18,14728272,14852738,374860,ANKRD30B
18,32937402,33441101,374864,CCDC178
18,79069285,79378283,374868,ATP9B
19,2274622,2282176,374872,C19orf35
19,5680604,5688523,374875,HSD11B1L
19,7492976,7508450,374877,TEX45
19,9294275,9309838,374879,ZNF699
19,11342776,11346518,374882,TMEM205
19,19528861,19537581,374887,YJEFN3
19,22615557,22623971,374890,LINC01785
19,35523367,35528351,374897,SBSN
19,36888124,36916291,374899,ZNF829
19,36916329,36998700,374900,ZNF568
19,41425359,41428730,374907,B3GNT8
19,46229752,46231243,374918,IGFL1
19,48170692,48197620,374920,C19orf68
19,57499915,57518404,374928,ZNF773
1,11691729,11725857,374946,DRAXIN
1,16387117,16437424,374955,SPATA21
1,42807052,42817252,374969,SVBP
1,46668855,46673594,374973,TEX38
1,54641754,54710266,374977,MROH7
1,77779624,77879539,374986,MIGA1
1,77881348,77889539,374987,NEXN-AS1
1,156893698,156916434,375033,PEAR1
1,168225938,168253025,375035,SFT2D2
1,222618086,222668012,375056,MIA3
1,226548800,226609214,375057,STUM
1,231018958,231040246,375061,FAM89A
2,24115371,24123477,375189,PFN4
2,24076526,24169640,375190,FAM228B
2,38959287,38960342,375196,AC019171.1
2,97113496,97264521,375248,ANKRD36
2,151247940,151261879,375287,RBM43
2,181536676,181680665,375298,CERKL
2,218356856,218368099,375307,CATIP
2,237798389,237842808,375316,RBM44
2,240691845,240698483,375318,AQP12A
3,9498361,9553802,375323,LHFPL4
3,44241886,44332098,375337,TOPAZ1
3,49268602,49277909,375341,C3orf62
3,52836219,52897596,375346,TMEM110
3,196639686,196662004,375387,NRROS
5,43486701,43515145,375444,C5orf34
5,66596361,67169595,375449,MAST4
5,176238367,176345991,375484,SIMC1
6,87282978,87329278,375519,GJB7
7,49773661,49921950,375567,VWC2
7,75395063,75410996,375593,TRIM73
7,101170493,101180276,375607,NAT16
7,103352730,103446177,375611,SLC26A5
7,104328656,104907232,375612,LHFPL3
7,128862451,128910719,375616,KCP
8,144012414,144047085,375686,SPATC1
19,60951,71626,375690,WASH5P
9,34521040,34523041,375704,ENHO
9,69709522,69759959,375743,PTAR1
9,95875701,96014571,375748,ERCC6L2
9,128275379,128288990,375757,SWI5
9,129612225,129620776,375759,C9orf50
9,137459953,137550534,375775,PNPLA7
1,1020123,1056118,375790,AGRN
9,137224635,137226311,375791,CYSRT1
10,122729429,122802665,375940,DMBT1P1
12,69608564,69611162,376132,LRRC10
14,64945814,64972776,376267,RAB15
17,57045478,57046797,376412,RNF126P1
19,17468769,17506168,376497,SLC27A1
2,112275594,112340063,376940,ZC3H6
2,238138722,238152947,377007,KLHL30
3,46742092,46744755,377047,PRSS45
8,12137168,12139077,377630,USP17L2
8,85220587,85284073,377677,CA13
9,137434364,137441816,377841,ENTPD8
7,72959485,72969466,378108,TRIM74
14,49862550,49862849,378706,RN7SL2
14,49853616,49853914,378707,RN7SL3
1,10430443,10442809,378708,CENPS
7,130941760,131110176,378805,LINC-PINT
1,26190561,26202968,378807,CATSPER4
21,44999208,45004727,378825,PICSAR
21,21723293,21737319,378828,LINC00317
21,45419716,45425070,378832,COL18A1-AS1
14,101045157,101051795,378881,MIR381HG
6,18120440,18122687,378884,NHLRC1
7,122701664,122702967,378925,RNF148
11,65497762,65506516,378938,MALAT1
14,58265365,58298134,379025,PSMA3-AS1
2,6912277,6918709,386597,RNF144A-AS1
4,44173909,44448807,386617,KCTD8
13,45192853,45194717,386618,KCTD4
12,122172030,122174199,386653,IL31
21,44573724,44638284,386672,KRTAP10-4
21,44591268,44592505,386674,KRTAP10-6
21,44600597,44602174,386675,KRTAP10-7
21,44627123,44628293,386676,KRTAP10-9
21,44538981,44540195,386677,KRTAP10-1
21,44646414,44647650,386678,KRTAP10-11
21,44550357,44551505,386679,KRTAP10-2
21,44579455,44580604,386680,KRTAP10-5
21,44612079,44612954,386681,KRTAP10-8
21,44557790,44558760,386682,KRTAP10-3
21,44657932,44658341,386683,KRTAP12-3
21,44654213,44654659,386684,KRTAP12-4
21,44697172,44698044,386685,KRTAP10-12
3,49716834,49719695,386724,AMIGO3
11,3217944,3218813,386746,MRGPRG
16,32877469,32885501,386757,SLC6A10P
19,56393656,56399172,386758,ZNF582-AS1
6,28244623,28252224,387032,ZKSCAN4
6,26871484,26956554,387036,GUSBP2
6,28648286,28649066,387055,LINC00533
6,149400227,149401292,387082,SUMO4
6,126340174,126348875,387103,CENPW
6,127438406,127519001,387104,SOGA3
6,108751654,108769942,387111,LINC00222
6,118460772,118710075,387119,CEP85L
7,34658239,34878332,387129,NPSR1
6,169702190,169704856,387263,C6orf120
11,1584342,1585283,387264,KRTAP5-1
11,1607565,1608463,387266,KRTAP5-3
11,1620958,1622138,387267,KRTAP5-4
11,71565563,71566738,387273,KRTAP5-10
14,55413541,55456726,387332,TBPL2
1,46340177,46365152,387338,NSUN4
6,127708072,127918631,387357,THEMIS
21,20742590,20803216,387486,LINC00320
13,27270327,27273690,387496,RASL11A
1,6247346,6260975,387509,GPR153
20,50118254,50153734,387521,TMEM189
20,50081124,50153637,387522,TMEM189-UBE2V1
22,16601887,16698742,387590,TPTEP1
1,166895711,166975482,387597,ILDR2
11,63163776,63229652,387601,SLC22A25
10,21125763,21146559,387638,C10orf113
10,21513478,21526368,387640,SKIDA1
10,26931206,26944418,387644,FAM238C
10,50067888,50133506,387680,WASHC2A
10,80537902,80646560,387694,SH2D4B
10,84173738,84185294,387695,C10orf99
10,89430299,89556641,387700,SLC16A12
10,95907603,96032684,387707,CC2D2B
10,116849512,116911788,387712,ENO4
10,122454653,122457352,387715,ARMS2
10,125576522,125683144,387718,TEX36
11,298200,299526,387733,IFITM5
11,1665597,1667856,387742,FAM99A
11,5736517,5737491,387748,OR56B1
11,6713536,6746439,387751,GVINP1
11,15112424,15247208,387755,INSC
11,26994184,26996121,387758,FIBIN
11,43925342,43944338,387763,C11orf96
11,63137867,63369718,387775,SLC22A10
11,65170154,65173244,387778,SPDYC
11,74491712,74493733,387787,LIPT2
11,93818232,93850531,387804,VSTM5
11,112534220,112555802,387810,AP003063.2
12,9898673,9932381,387836,CLEC2A
12,10010627,10018619,387837,CLEC12B
12,12875499,12876107,387841,RPL13AP20
12,27696519,27697596,387849,REP15
12,48183584,48185926,387856,CCDC184
12,105235290,105396097,387882,C12orf75
12,113149858,113159276,387885,CFAP73
12,119593459,119643066,387890,TMEM233
12,123383773,123409358,387893,KMT5A
13,23890525,23902655,387911,C1QTNF9B
13,26044597,26051031,387914,SHISA2
13,39038306,39050109,387921,NHLRC3
13,44373665,44397714,387923,SERP2
14,28772704,28813453,387978,LINC01551
14,58395916,58408701,387990,TOMM20L
14,94640725,94646994,388007,SERPINA13P
14,97925610,97978124,388011,LINC01550
14,100880655,100884847,388015,RTL1
14,104474678,104605647,388021,TMEM179
15,40331452,40340967,388115,C15orf52
15,51056598,51105276,388121,TNFAIP8L3
15,62163535,62165283,388125,C2CD4B
15,73735431,73752747,388135,C15orf59
15,84526781,84571216,388165,UBE2Q2P1
16,805443,813861,388199,PRR25
16,28292519,28323849,388228,SBK1
16,46796607,46831411,388272,C16orf87
16,67666816,67668758,388284,C16orf86
17,4788959,4790390,388323,GLTPD2
17,4988130,4997610,388324,INCA1
17,5208961,5234860,388325,SCIMP
17,6651718,6693202,388327,C17orf100
17,8753106,8758559,388333,SPDYE4
17,10699015,10730316,388335,TMEM220
17,11241263,11564063,388336,SHISA6
17,16441577,16492153,388341,LRRC75A
17,30316333,30334059,388364,TMIGD1
17,36210924,36212878,388372,CCL4L2
17,38835088,38841455,388381,C17orf98
17,44899712,44905390,388389,FAM187A
17,46978156,46979248,388394,RPRML
17,59331689,59401729,388403,YPEL2
17,60564547,60586623,388406,LINC01999
17,74356416,74361946,388419,BTBD17
17,81165507,81183164,388428,AATK-AS1
18,14507339,14543585,388468,POTEC
19,10037803,10074135,388503,C3P1
19,12092263,12137235,388507,ZNF788
19,14583084,14611157,388512,CLEC17A
19,22975468,23003176,388523,ZNF728
19,32675407,32678300,388531,RGS9BP
19,35487324,35495558,388533,KRTDAP
19,36817428,36850787,388536,ZNF790
19,44537058,44620821,388550,CEACAM22P
19,44699151,44710714,388551,CEACAM16
19,45178745,45181801,388552,BLOC1S3
19,45733251,45764534,388553,BHMG1
19,46120071,46124674,388555,IGFL3
19,52527652,52564464,388558,ZNF808
19,52904417,52923481,388559,ZNF888
19,53431993,53458261,388561,ZNF761
19,55379245,55384598,388564,TMEM238
19,56567511,56588911,388566,ZNF470
19,57435329,57445485,388567,ZNF749
19,58451604,58457833,388569,ZNF324B
17,83226897,83240804,388574,RPL23AP87
1,1242446,1246722,388581,C1QTNF12
1,2528745,2530245,388585,HES5
1,3772788,3775982,388588,SMIM1
1,6205475,6221299,388591,RNF207
1,15742422,15747982,388595,TMEM82
1,26993707,27000898,388610,TRNP1
1,27379176,27383380,388611,CD164L2
1,47760528,47996895,388630,TRABD2B
1,54007299,54018186,388633,LDLRAD1
1,89131751,89176040,388646,GBP7
1,92217940,92245813,388649,C1orf146
1,92832737,92961522,388650,FAM69A
1,110150486,110202202,388662,SLC6A17
1,146146203,146229026,388677,NOTCH2NL
1,151159748,151165948,388695,LYSMD1
1,152212082,152224193,388697,HRNR
1,152348735,152360006,388698,FLG2
1,154199372,154206333,388701,C1orf189
1,171137740,171161568,388714,FMO6P
1,182407621,182414815,388719,LINC00272
1,197902647,197907367,388722,C1orf53
1,205083129,205084460,388730,TMEM81
1,223538007,223665734,388743,CAPN8
1,234373456,234384049,388753,COA6
20,18567347,18569563,388789,SMIM26
20,32858923,32961609,388795,EFCAB8
20,56533246,56536520,388799,FAM209B
21,30319124,30320316,388818,KRTAP26-1
21,34418715,34423966,388820,AP000322.1
21,45338590,45341990,388830,LINC00316
22,20148427,20151065,388849,CCDC188
22,23462086,23486980,388882,LINC01658
22,24585620,24593208,388886,LRRC75B
22,42269753,42275196,388906,OGFRP1
2,24010081,24063321,388931,MFSD2B
2,29060976,29074261,388939,C2orf71
2,41877074,41894046,388942,LINC01913
2,46429190,46484425,388946,TMEM247
2,46816668,46822657,388948,LINC01118
2,54253184,54256272,388951,TSPYL6
2,73784189,73817147,388960,C2orf78
2,74135398,74147994,388962,BOLA3
2,74414176,74421591,388963,C2orf81
2,85606654,85612066,388969,C2orf68
2,102473303,102533972,389015,SLC9A4
2,115130935,115161343,389023,DPP10-AS1
2,129922863,129934317,389033,PLAC9P1
2,170715351,170718078,389058,SP5
2,207821288,208025560,389072,PLEKHM3
2,208165343,208190073,389073,C2orf80
2,219327409,219333177,389075,RESP18
2,232857270,232878708,389084,C2orf82
2,240028965,240030456,389090,OR6B2
3,42905731,42917641,389114,ZNF662
3,49790732,49799835,389118,CDHR4
3,49803254,49805030,389119,FAM212A
3,51861629,51863424,389123,IQCF2
3,51873721,51875584,389124,IQCF5
3,52833114,52835219,389125,MUSTN1
3,86876388,86991119,389136,VGLL3
3,139019031,139020926,389151,PRR23B
3,139042102,139044892,389152,PRR23C
3,146576555,146606216,389158,PLSCR5
3,149761100,149968385,389161,ANKUB1
3,156825481,157046129,389170,LEKR1
3,171843349,171938715,389177,TMEM212
4,25861830,25929874,389203,SMIM20
4,42110938,42152878,389206,BEND4
4,42893267,43030658,389207,GRXCR1
4,68053198,68129880,389208,TMPRSS11F
5,191511,195353,389257,LRRC14B
5,10504996,10522084,389273,LINC02213
5,43039081,43043170,389289,ANXA2R
5,126631722,126636287,389320,TEX43
5,139390592,139395713,389333,PROB1
5,147880726,147906538,389336,C5orf46
5,149551947,149634968,389337,ARHGEF37
6,3231403,3303373,389362,PSMG4
6,30931353,30955636,389376,SFTA2
6,35776594,35779552,389383,CLPSL2
6,36315757,36336885,389384,C6orf222
6,49499958,49527047,389396,GLYATL3
6,55327469,55402493,389400,GFRAL
6,104936616,105083332,389421,LIN28B
6,147508927,147737547,389432,SAMD5
6,150368892,150405969,389434,IYD
7,56114681,56116400,389493,NUPR2
7,75092573,75149817,389524,GTF2IRD2B
7,100148907,100155944,389541,LAMTOR4
7,122301394,122310691,389549,FEZF1
7,135728348,135748846,389558,FAM180A
8,6808517,6835644,389610,XKR5
8,12415080,12418090,389633,FAM90A25P
12,8295986,8396803,389634,LINC00937
8,23224471,23230926,389641,AC100861.1
8,28021964,28083871,389643,NUGGC
8,38510834,38528662,389649,C8orf86
8,52534037,52565507,389658,ALKAL1
8,70669365,70790371,389668,XKR9
8,93729356,93741017,389677,RBM12B
8,141433829,141507230,389690,MROH5
8,143419182,143430406,389692,MAFA
9,42183659,42189882,389730,SPATA31A6
9,39748514,39810097,389741,GLIDR
9,81928514,81934948,389761,SPATA31D4
9,81943586,81950038,389762,SPATA31D3
9,81988772,81995256,389763,SPATA31D1
9,86220265,86259657,389766,C9orf153
9,128128529,128130628,389791,PTGES2-AS1
9,129175552,129178262,389792,IER5L
9,132410043,132573317,389799,CFAP77
9,136759634,136766255,389812,LCN15
9,136844415,136848801,389813,C9orf172
9,137168758,137170051,389816,LRRC26
9,133514586,133528612,389827,TMEM8C
10,16513743,16522005,389941,C1QL3
10,124445239,124450184,390010,NKX1-2
11,4488879,4489908,390036,OR52K1
11,4593750,4595013,390037,OR52I1
11,4639715,4640838,390038,OR51D1
11,5131692,5132642,390054,OR52A5
11,5351508,5352446,390058,OR51B6
11,5389399,5390379,390059,OR51M1
11,5422111,5423206,390061,OR51Q1
11,5440570,5441514,390063,OR51I1
11,5453489,5454427,390064,OR51I2
11,5488685,5489749,390066,OR52D1
11,5544561,5545523,390067,OR52H1
11,5754693,5755729,390072,OR52N4
11,5777634,5778667,390075,OR52N5
11,5820314,5821348,390077,OR52N2
11,5840928,5841952,390078,OR52E6
11,5856674,5857734,390079,OR52E8
11,5884271,5885300,390081,OR52E4
11,5947340,5948361,390083,OR56A3
11,5967177,5968494,390084,OR56A5
11,7927633,7928662,390093,OR10A6
11,44047981,44059977,390110,ACCSL
11,48263861,48264778,390113,OR4X1
11,55773438,55774382,390142,OR5D13
11,55838752,55839738,390144,OR5D16
11,55913650,55914582,390148,OR5W2
11,56105018,56106055,390151,OR8H2
11,56122373,56123311,390152,OR8H3
11,56252200,56253222,390154,OR5T3
11,56275639,56276619,390155,OR5T1
11,56346039,56346998,390157,OR8K1
11,56462469,56463401,390162,OR5M9
11,56576774,56577721,390167,OR5M10
11,56612555,56613502,390168,OR5M1
11,56700388,56701305,390174,OR9G1
11,56988872,56989867,390181,OR5AK2
11,58422265,58423313,390190,OR5B2
11,58439120,58440173,390191,OR5B12
11,59364412,59365448,390195,OR5AN1
11,59477373,59478396,390197,OR4D10
11,59514913,59515857,390199,OR4D9
11,59712823,59713864,390201,OR10V1
11,61508800,61511018,390205,LRRC10B
11,67451301,67452729,390212,GPR152
11,89710299,89717872,390231,TRIM77
11,94305592,94307721,390243,IZUMO1R
11,95025258,95027596,390245,KDM4E
11,122977570,122981720,390259,BSX
11,123753488,123754545,390260,OR6X1
11,123805335,123806387,390261,OR6M1
11,124015575,124016510,390264,OR10G4
11,124038066,124039010,390265,OR10G7
11,124396382,124397368,390271,OR8B3
11,124569997,124571142,390275,OR8A1
12,55320561,55321624,390321,OR6C1
12,55365111,55366049,390323,OR6C75
12,55426254,55427192,390326,OR6C76
12,55469200,55470138,390327,OR6C70
14,19719015,19828372,390429,OR4N2
14,19876232,19877309,390431,OR4K2
14,20002163,20003163,390432,OR4Q2
14,20033844,20034760,390433,OR4K13
14,20117407,20118438,390436,OR4K17
14,20143736,20144662,390437,OR4N5
14,20197336,20198446,390439,OR11G2
14,20229402,20230341,390441,OR11H7
14,20242739,20243820,390442,OR11H4
14,20556093,20560931,390443,RNASE9
14,21154865,21156063,390445,OR5AU1
14,94364313,94366698,390502,SERPINA2
15,22427039,22437902,390535,GOLGA8DP
15,22080527,22081659,390538,OR4M2
15,22125618,22126435,390539,OR4N3P
15,65076816,65078192,390594,KBTBD13
15,65092770,65115197,390595,UBAP1L
15,67819704,67834561,390598,SKOR1
15,79293285,79298235,390616,ANKRD34C
15,101805699,101806686,390648,OR4F6
15,101818163,101819147,390649,OR4F15
15,101842119,101850324,390651,OR4F13P
16,1090005,1096244,390664,C1QTNF8
16,1485886,1488981,390667,PTX4
16,88863333,88866660,390748,PABPN1L
17,39156894,39167484,390790,ARL5C
17,40958417,40966892,390792,KRT39
19,1752373,1780988,390874,ONECUT3
19,9102269,9103306,390882,OR7G2
19,9126012,9126950,390883,OR7G3
19,14840948,14841877,390892,OR7A10
19,32691961,32713796,390916,NUDT19
19,37506939,37548762,390927,ZNF793
19,39083913,39111493,390928,ACP7
19,41907705,41928516,390937,AC010616.1
19,43576800,43583964,390940,PINLYP
19,57240685,57255135,390980,ZNF805
1,6244192,6245578,390992,HES3
1,12774841,12777906,390999,PRAMEF12
1,13281035,13285174,391002,PRAMEF8
1,13222705,13226106,391003,PRAMEF18
1,13389632,13392629,391004,PRAMEF17
1,20161253,20177424,391013,PLA2G2C
1,99708703,99766631,391059,FRRS1
1,156298624,156299299,391104,VHLL
1,158419928,158420866,391107,OR10K2
1,158465562,158466503,391109,OR10K1
1,158547128,158548105,391112,OR6Y1
1,158717168,158718163,391114,OR6K3
1,159854316,159862657,391123,VSIG8
1,247840928,247841896,391189,OR11L1
1,247948858,247949796,391190,OR2L8
1,247965233,247966386,391191,OR2AK2
1,248060682,248061620,391192,OR2L3
1,248179986,248181029,391194,OR2M2
1,248272852,248273814,391195,OR2T33
1,248323630,248324568,391196,OR2M7
1,248521647,248522597,391211,OR2G6
20,45722351,45725830,391253,SPINT4
21,13909574,13980437,391267,ANKRD20A11P
2,24789734,24793382,391356,PTRHD1
2,37167820,37196598,391365,SULT6B1
2,206651621,206718396,391475,DYTN
4,9367874,9369070,391622,USP17L6P
4,9358383,9359975,391627,USP17L9P
4,164954446,164977668,391712,TRIM61
4,185018841,185020804,391723,HELT
7,144074182,144075195,392138,OR2A25
8,7971661,7973253,392188,USP17L8
8,12132417,12134438,392197,USP17L7
8,96142330,96160792,392255,GDF6
9,35816391,35828747,392307,FAM221B
9,35869263,35870601,392309,OR13J1
9,87772453,87786884,392360,CTSL3P
9,92104425,92105451,392364,AL354751.3
9,104604671,104605627,392376,OR13C2
9,122749740,122750783,392390,OR1L6
9,122788933,122789895,392391,OR5C1
9,122800123,122801073,392392,OR1K1
9,135663322,135666422,392399,LCN9
7,1688119,1747954,392617,ELFN1
7,15200318,15562015,392636,AGMO
7,151190873,151205496,392843,IQCA1L
7,6497462,6551436,392862,GRID2IP
7,144050368,144051380,393046,OR2A5
19,38388421,38399587,399473,SPRED3
1,29119428,29123935,399474,TMEM200B
17,8287763,8295343,399512,SLC25A35
19,1554669,1568058,399664,MEX3D
9,127940579,127980513,399665,FAM102A
19,52927135,52942601,399669,ZNF321P
7,78347142,78359458,399670,RPL13AP17
14,73478484,73558947,399671,HEATR4
17,29071124,29180412,399687,MYO18A
9,136249971,136306901,399693,CCDC187
15,48823735,48963444,399694,SHC4
15,48191539,48203756,399697,CTXN2
10,1159768,1164672,399706,LINC00200
10,6277687,6335982,399715,AL137145.2
10,8050450,8053484,399717,GATA3-AS1
10,21492658,21497262,399726,CASC10
10,46786674,46811989,399761,BMS1P1
10,122697709,122699822,399814,C10orf120
10,124748149,124791870,399818,EEF1AKMT2
10,125700436,125719566,399821,FLJ37035
10,127737235,127741186,399823,FOXI2
10,131772398,131790199,399827,LINC01164
10,132965534,132976354,399829,LINC01168
11,43120762,43269393,399881,HNRNPKP3
11,45371397,45388508,399886,AC018716.2
11,47586693,47589194,399888,FAM180B
11,65615773,65637439,399909,PCNX3
11,71382601,71423423,399923,FLJ42102
11,89911111,89921767,399939,TRIM49D1
11,109422120,109429114,399947,C11orf87
11,111514785,111537031,399949,C11orf88
11,122028327,122556721,399959,MIR100HG
11,125776113,125778819,399967,PATE2
11,125833316,125840069,399968,PATE4
11,130875436,130916509,399979,SNX19
12,9948137,9953336,400002,CLEC12A-AS1
12,54126098,54142493,400043,LINC02381
12,110027028,110073686,400073,C12orf76
12,125958688,125983374,400084,LINC00939
12,127881617,127898639,400087,LINC02393
13,36673912,36697839,400120,SERTM1
13,37534940,37551536,400121,LINC00547
13,40079106,40535807,400123,LINC00598
14,37896060,37902372,400208,LINC00517
14,61570540,61658696,400221,FLJ22447
14,69484692,69531551,400224,PLEKHD1
14,89417354,89419793,400236,FOXN3-AS1
14,90455230,90458905,400238,LINC00642
14,95157645,95179933,400242,DICER1-AS1
14,104579684,104590515,400258,C14orf180
15,38696598,38700038,400359,C15orf53
15,39250684,39254845,400360,C15orf54
15,79898840,79923702,400410,ST20
15,92617443,92809884,400451,FAM174B
15,95209099,95327129,400456,LINC01197
15,99807023,99877148,400464,AC090825.1
16,11359845,11523588,400499,AC099489.1
16,11819829,11828845,400500,BCAR4
16,19701934,19718235,400506,KNOP1
16,24661422,24671062,400511,LINC01567
16,27268205,27290492,400512,FLJ21408
16,35743268,35756515,400533,LINC02167
16,70156340,70173448,400541,AC009060.1
16,85137150,85149443,400548,LINC02139
16,86474529,86509099,400550,FENDRR
16,88088041,88100985,400553,AC134312.1
16,89166383,89169147,400558,LINC02138
17,410327,431062,400566,C17orf97
17,4610449,4617650,400568,LINC01996
17,4731428,4733610,400569,MED11
17,18411159,18414380,400579,LINC02076
17,19127469,19159176,400581,GRAPL
17,50866679,50909737,400604,TOB1-AS1
17,63996071,63999899,400612,PRR29-AS1
17,70166961,70169402,400617,KCNJ2-AS1
17,72034107,72237203,400618,SOX9-AS1
17,72323123,72640472,400619,LINC00511
17,73786802,73800793,400620,LINC02092
17,77879027,77884087,400624,LINC01973
17,82359247,82363776,400629,TEX19
18,6919496,6929966,400643,LINC00668
18,14946267,14973770,400644,LINC01443
18,64213082,64260055,400654,LINC01538
18,73151241,73264480,400655,AC079062.1
18,74591774,74598508,400657,LINC00909
18,76615212,76625940,400660,LINC00683
18,76690029,76693636,400661,LINC01879
19,685546,695498,400668,PRSS57
19,5904858,5910853,400673,VMAC
19,21483374,21503238,400680,LINC00664
19,32390050,32405560,400684,AC007773.1
19,34788582,34832869,400685,LINC01801
19,39679374,39686373,400696,LGALS17A
19,50050589,50066793,400710,AC010624.1
19,52369917,52385795,400713,ZNF880
19,57466663,57477570,400720,ZNF772
1,817371,819837,400728,FAM87B
1,12879224,12886201,400735,PRAMEF4
1,13196330,13201409,400736,PRAMEF13
1,17189783,17197617,400743,AL590644.1
1,20719732,20732837,400745,SH2D5
1,24556111,24609328,400746,NCMAP
1,45303910,45305619,400752,LINC01144
1,67092165,67231853,400757,C1orf141
1,89407679,89426243,400759,GBP1P1
1,89583241,89632894,400761,FLJ27354
1,97986740,98049863,400765,MIR137HG
1,162366908,162386818,400793,C1orf226
1,165476841,165582155,400794,AL157714.2
1,178542752,178548889,400798,C1orf220
1,182129310,182314061,400799,LINC01344
1,221330080,221336296,400804,C1orf140
1,149054027,149103561,400818,NBPF9
1,222737207,222750805,400823,FAM177B
20,257736,261096,400830,DEFB132
20,1203454,1208274,400831,C20orf202
20,24199767,24224588,400839,LINC01721
21,38739021,38747460,400866,LINC00114
22,21045960,21064168,400891,LRRC74B
22,23765834,23768443,400916,CHCHD10
22,46053869,46113928,400931,MIRLET7BHG
22,47621043,47631569,400932,LINC00898
22,49994513,50012659,400935,IL17REL
2,6728177,6770311,400941,LINC00487
2,18986451,19346748,400945,LINC01376
2,19868860,19885047,400946,LINC00954
2,41935368,41954266,400950,C2orf91
2,45164870,45323295,400952,LINC01121
2,54723499,54972025,400954,EML6
2,60825132,60881314,400957,LINC01185
2,64901840,64905137,400958,LINC02245
2,69962263,70103220,400960,PCBP1-AS1
2,71182739,71227083,400961,PAIP2B
2,86907953,87013981,400966,RGPD1
2,111098345,111115588,400997,ACOXL-AS1
2,144667967,145262988,401014,TEX41
2,176173195,176188958,401022,HAGLR
2,185738895,185833290,401024,FSIP2
2,196805002,196810276,401027,C2orf66
2,236194872,236264409,401036,ASB18
2,238919302,238926269,401039,LINC01940
3,51817604,51830856,401067,IQCF3
3,75672391,75679303,401074,LINC00960
3,109118252,109150514,401081,FLJ22763
3,109409990,109495167,401082,LINC01205
3,138947234,138953451,401089,FOXL2NB
3,152262616,152269555,401093,MBNL1-AS1
3,160225496,160228213,401097,C3orf80
3,182446970,182486364,401103,LINC01994
3,188178543,188180812,401105,FLJ42393
3,196142636,196160890,401109,LINC00885
4,2041993,2043970,401115,C4orf48
4,36281622,36345756,401124,DTHD1
4,64914281,65004500,401134,LINC02232
4,70133616,70176799,401137,PRR27
4,70518540,70532742,401138,AMTN
4,90127535,91601913,401145,CCSER1
4,119296419,119304445,401152,C4orf3
4,188400736,188681051,401164,LINC01060
5,6310441,6339884,401172,LINC02145
5,17378906,17387310,401177,LINC02111
5,64506257,64612312,401190,RGS7BP
5,127042558,127073492,401207,C5orf63
6,2987967,2991173,401232,LINC01011
6,17102258,17131372,401236,STMND1
6,21664772,22368328,401237,CASC15
6,30798654,30830659,401247,LINC00243
6,31528717,31530232,401250,MCCD1
6,31762799,31764851,401251,SAPCD1
6,33586106,33593338,401253,LINC00336
6,36697851,36733183,401258,RAB44
6,43299710,43308797,401262,CRIP3
6,52577307,52583993,401264,TRAM2-AS1
6,53647901,53665708,401265,KLHL31
6,167146414,167196913,401285,TCP10L2
6,167666840,167679270,401286,AL356123.2
6,169788790,169798825,401288,LINC00242
6,170272474,170279887,401289,LINC01624
7,22649960,22665533,401312,AC002480.4
7,53655509,53811931,401337,LINC01446
7,92112159,92179531,401387,LRRD1
7,124929873,125179315,401398,POT1-AS1
7,128350325,128361685,401399,PRRT4
7,140404043,140426250,401409,RAB19
7,144258607,144259722,401427,OR2A7
7,144250045,144252957,401428,OR2A20P
7,149867697,149880610,401431,ATP6V0E2-AS1
8,738548,740374,401442,AC100797.4
8,7332387,7333979,401447,USP17L1
8,64574306,64581888,401463,AC090136.3
8,85214076,85220421,401466,C8orf59
8,102805517,102809971,401472,AP003356.1
8,118189459,118621995,401474,SAMD12
9,2422702,2643359,401491,VLDLR-AS1
9,13406380,13433053,401492,LINC01235
9,20999515,21031636,401494,HACD4
9,32783499,32787399,401498,TMEM215
9,37582646,37592642,401505,TOMM5
9,39371065,39376916,401507,FAM74A1
9,61205258,61212373,401508,FAM74A4
9,92325484,92620533,401541,CENPP
9,110190048,110208189,401546,C9orf152
9,112750838,112881671,401548,SNX30
9,124853417,124857890,401551,WDR38
9,130140610,130144219,401554,AL360004.1
9,136612024,136617181,401561,LINC01451
9,136981904,136986410,401562,LCNL1
9,137243584,137247770,401565,FAM166A
10,97850239,97871580,401647,GOLGA7B
11,4859656,4860564,401663,OR51H1
11,4881819,4882883,401665,OR51T1
11,4946159,4947100,401666,OR51A4
11,4954772,4955713,401667,OR51A2
12,51817840,51848766,401720,FIGNL2
1,1070966,1074307,401934,RNF223
1,21812265,21825221,401944,LDLRAD2
1,248452798,248453772,401992,OR2T2
1,248488589,248489536,401993,OR2T5
1,248681369,248682304,401994,OR14I1
22,26483877,26494658,402055,SRRD
2,214411065,214578959,402117,VWC2L
3,98497604,98498663,402135,OR5K2
4,2418974,2462942,402160,CFAP99
7,144231911,144232843,402317,OR2A42
9,135693407,135699528,402381,SOHLH1
7,99173574,99207506,402569,KPNA7
7,100456615,100464271,402573,C7orf61
7,2474844,2476894,402635,GRIFIN
19,51311848,51330354,402665,IGLON5
7,100888723,100889718,402682,UFSP1
11,1732410,1750591,402778,IFITM10
1,33868953,33885458,402779,CSMD2-AS1
2,28384409,28394672,403150,FLJ31356
1,248649931,248650884,403239,OR2T27
1,248638287,248639258,403244,OR2T35
11,48488717,48489780,403253,OR4A47
11,50032874,50033794,403257,OR4C45
3,98149326,98150405,403273,OR5H14
3,98168700,98169733,403274,OR5H15
3,98390666,98391631,403277,OR5K3
3,98353854,98354819,403278,OR5K4
12,55400430,55401505,403282,OR6C65
12,55492378,55493316,403284,OR6C68
9,4662315,4665258,403313,PLPP6
1,183646404,183653316,403314,APOBEC4
4,183037665,183040119,403315,FAM92A1P2
6,49946021,49950265,403339,DEFB133
9,126860665,126885878,403341,ZBTB34
19,19255641,19262796,404037,HAPLN4
17,57861243,57955323,404093,CUEDC1
4,84965682,85011277,404201,WDFY3-AS2
5,148202794,148215137,404203,SPINK6
10,120597949,120600124,404216,LINC01561
19,7924485,7926166,404217,CTXN1
6,4079209,4130951,404220,C6orf201
17,48549630,48606414,404266,HOXB-AS3
16,85690084,85751129,404550,C16orf74
11,62296277,62299064,404552,SCGB1D4
10,119104086,119137984,404636,FAM45A
19,3607247,3613930,404665,CACTIN-AS1
6,158168352,158199344,404672,GTF2H5
5,140401908,140549569,404734,ANKHD1-EIF4EBP3
7,34346512,34871582,404744,NPSR1-AS1
14,19402486,19434341,404785,POTEG
15,45114321,45118421,405753,DUOXA2
6,11102489,11111732,405754,ERVFRD-1
9,94175957,94176036,406881,MIRLET7A1
11,122146522,122146593,406882,MIRLET7A2
22,46112749,46112822,406883,MIRLET7A3
22,46113686,46113768,406884,MIRLET7B
21,16539828,16539911,406885,MIRLET7C
9,94178834,94178920,406886,MIRLET7D
19,51692786,51692864,406887,MIRLET7E
9,94176347,94176433,406888,MIRLET7F1
3,52268278,52268361,406890,MIRLET7G
12,62603686,62603769,406891,MIRLET7I
11,122152229,122152308,406892,MIR100
1,65058434,65058508,406893,MIR101-1
9,4850297,4850375,406894,MIR101-2
5,168560896,168560973,406895,MIR103A1
20,3917494,3917571,406896,MIR103A2
7,100093993,100094074,406900,MIR106B
10,89592747,89592827,406901,MIR107
17,48579838,48579947,406902,MIR10A
2,176150303,176150412,406903,MIR10B
20,62554306,62554376,406904,MIR1-1
18,21829004,21829088,406905,MIR1-2
18,58451074,58451158,406906,MIR122
8,9903388,9903472,406907,MIR124-1
8,64379149,64379257,406908,MIR124-2
20,63178500,63178586,406909,MIR124-3
19,51693254,51693339,406910,MIR125A
11,122099757,122099844,406911,MIR125B1
21,16590237,16590325,406912,MIR125B2
9,136670602,136670686,406913,MIR126
14,100882979,100883075,406914,MIR127
2,135665397,135665478,406915,MIR128-1
3,35744476,35744559,406916,MIR128-2
7,128207872,128207943,406917,MIR129-1
11,43581394,43581483,406918,MIR129-2
11,57641198,57641286,406919,MIR130A
22,21653304,21653385,406920,MIR130B
17,2049908,2050008,406921,MIR132
18,21825698,21825785,406922,MIR133A1
20,62564912,62565013,406923,MIR133A2
14,101054687,101054759,406924,MIR134
3,52294219,52294308,406925,MIR135A1
12,97563812,97563911,406926,MIR135A2
14,100884702,100884783,406927,MIR136
1,98046070,98046171,406928,MIR137
3,44114212,44114310,406929,MIR138-1
16,56858518,56858601,406930,MIR138-2
11,72615063,72615130,406931,MIR139
16,69933081,69933180,406932,MIR140
12,6964097,6964191,406933,MIR141
17,58331232,58331318,406934,MIR142
5,149428918,149429023,406935,MIR143
17,28861533,28861618,406936,MIR144
5,149430646,149430733,406937,MIR145
5,160485352,160485450,406938,MIR146A
9,120244979,120245050,406939,MIR147A
7,25949919,25949986,406940,MIR148A
2,240456001,240456089,406941,MIR149
19,49500785,49500868,406942,MIR150
17,48037161,48037247,406943,MIR152
2,219294111,219294200,406944,MIR153-1
7,157574336,157574422,406945,MIR153-2
14,101059755,101059838,406946,MIR154
21,25573980,25574044,406947,MIR155
13,50049119,50049201,406948,MIR15A
3,160404588,160404685,406949,MIR15B
13,50048973,50049061,406950,MIR16-1
3,160404745,160404825,406951,MIR16-2
13,91350605,91350688,406952,MIR17
13,91350751,91350821,406953,MIR18A
9,124692442,124692551,406954,MIR181A2
1,198858873,198858982,406955,MIR181B1
9,124693710,124693798,406956,MIR181B2
19,13874699,13874808,406957,MIR181C
7,129770383,129770492,406958,MIR182
7,129774905,129775014,406959,MIR183
15,79209788,79209871,406960,MIR184
22,20033139,20033220,406961,MIR185
1,71067631,71067716,406962,MIR186
18,35904818,35904926,406963,MIR187
15,62823957,62824041,406965,MIR190A
3,49020618,49020709,406966,MIR191
11,64891137,64891246,406967,MIR192
17,31559996,31560083,406968,MIR193A
1,220118157,220118241,406969,MIR194-1
11,64891355,64891439,406970,MIR194-2
17,7017615,7017701,406971,MIR195
17,48632490,48632559,406972,MIR196A1
12,53991738,53991847,406973,MIR196A2
1,109598893,109598967,406974,MIR197
3,120395668,120395729,406975,MIR198
19,10817426,10817496,406976,MIR199A1
1,172144535,172144644,406977,MIR199A2
9,128244721,128244830,406978,MIR199B
13,91350891,91350972,406979,MIR19A
13,91351192,91351278,406980,MIR19B1
13,91351065,91351135,406982,MIR20A
1,1167863,1167952,406983,MIR200A
1,1167104,1167198,406984,MIR200B
12,6963699,6963766,406985,MIR200C
14,104117405,104117514,406986,MIR203A
9,70809975,70810084,406987,MIR204
1,209432133,209432242,406988,MIR205
6,52144349,52144434,406989,MIR206
14,23388596,23388666,406990,MIR208A
17,59841266,59841337,406991,MIR21
11,568089,568198,406992,MIR210
15,31065032,31065141,406993,MIR211
17,2050271,2050380,406994,MIR212
1,198859044,198859153,406995,MIR181A1
1,172138798,172138907,406996,MIR214
1,220117853,220117962,406997,MIR215
2,55988950,55989059,406998,MIR216A
2,55982967,55983076,406999,MIR217
4,20528275,20528384,407000,MIR218-1
5,168768146,168768255,407001,MIR218-2
6,33207835,33207944,407002,MIR219A1
9,128392618,128392714,407003,MIR219A2
17,1713903,1713987,407004,MIR22
19,13836587,13836659,407010,MIR23A
9,95085208,95085304,407011,MIR23B
9,95086021,95086088,407012,MIR24-1
19,13836287,13836359,407013,MIR24-2
7,100093560,100093643,407014,MIR25
3,37969404,37969480,407015,MIR26A1
12,57824609,57824692,407016,MIR26A2
2,218402646,218402722,407017,MIR26B
19,13836440,13836517,407018,MIR27A
9,95085445,95085541,407019,MIR27B
3,188688781,188688866,407020,MIR28
7,130876747,130876810,407021,MIR29A
20,58817615,58817694,407022,MIR296
14,101023794,101023856,407023,MIR299
7,130877459,130877539,407024,MIR29B1
1,207802443,207802523,407025,MIR29B2
1,207801852,207801939,407026,MIR29C
17,59151136,59151221,407027,MIR301A
4,112648183,112648251,407028,MIR302A
6,71403551,71403621,407029,MIR30A
8,134800520,134800607,407030,MIR30B
1,40757284,40757372,407031,MIR30C1
6,71376960,71377031,407032,MIR30C2
8,134804876,134804945,407033,MIR30D
1,40754355,40754446,407034,MIR30E
9,21512115,21512185,407035,MIR31
9,109046229,109046298,407036,MIR32
8,22244962,22245043,407037,MIR320A
22,41900944,41901012,407039,MIR33A
1,9151668,9151777,407040,MIR34A
11,111512938,111513021,407041,MIR34B
11,111513439,111513515,407042,MIR34C
9,83969748,83969857,407043,MIR7-1
15,88611825,88611934,407044,MIR7-2
19,4770670,4770779,407045,MIR7-3
1,156420341,156420429,407046,MIR9-1
5,88666853,88666939,407047,MIR9-2
13,91351314,91351391,407048,MIR92A1
7,100093768,100093847,407050,MIR93
15,89368017,89368106,407051,MIR9-3
4,8005301,8005381,407052,MIR95
7,129774692,129774769,407053,MIR96
21,16539089,16539169,407055,MIR99A
19,51692612,51692681,407056,MIR99B
3,68004216,68545625,407738,FAM19A1
13,91347820,91354579,407975,MIR17HG
17,7549099,7561601,407977,TNFSF12-TNFSF13
16,16232495,16294814,408050,NOMO3
12,31111652,31206154,408186,AC024940.1
5,148169733,148175398,408187,SPINK14
5,157341600,157345721,408263,FNDC9
17,36165681,36176636,414059,TBC1D3B
17,38057693,38068592,414060,TBC1D3C
17,36194869,36196758,414062,CCL3L1
10,15077523,15088776,414149,ACBD7
10,71711702,71737824,414152,C10orf105
10,97589727,97590934,414157,C10orf62
10,49982190,50010499,414189,AGAP6
10,42408168,42475349,414194,CCNYL2
10,11316834,11319884,414196,CELF2-AS1
10,43643872,43645047,414197,ZNF32-AS1
10,43628817,43674703,414201,ZNF32-AS3
10,43645942,43648019,414208,ZNF32-AS2
10,46759019,46786770,414212,GLUD1P2
10,48009873,48031640,414224,AGAP12P
10,73909969,73922777,414236,C10orf55
10,46610474,46652025,414241,FAM35BP
10,73252791,73254349,414245,DNAJC9-AS1
10,43845306,43850622,414260,LINC00619
11,104036580,104039188,414301,DDI1
9,134649385,134652843,414316,COL5A1-AS1
9,102519636,102657514,414319,LINC00587
8,7428888,7430348,414325,DEFB103B
9,83623049,83644130,414328,IDNK
9,136738167,136743356,414332,LCN10
6,28896530,28897322,414760,HCG14
6,32390510,32393686,414764,HCG23
6,33249534,33254989,414765,HCG25
6,30234039,30326134,414778,HCG17
11,122115354,122116215,414899,BLID
22,50309030,50327060,414918,DENND6B
8,144525733,144529132,414919,C8orf82
22,49960513,49964080,415116,PIM3
3,94014369,94028610,415117,STX19
1,192316992,192367285,431704,RGS21
2,96123850,96138436,431705,ASTL
1,75128434,75161533,431707,LHX8
11,1629775,1630707,439915,KRTAP5-5
12,90918023,90948669,439916,LINC00615
17,76672551,76711016,439921,MXRA7
1,84628230,84635020,439927,LINC01555
22,21001886,21010342,439931,THAP7-AS1
4,36244116,36274220,439933,AC104078.1
4,82613113,82621437,439934,LINC00575
5,23951348,24178263,439936,C5orf17
8,123984138,124040782,439941,FER1L6-AS1
10,47689707,47730436,439965,FAM35DP
10,80207710,80219657,439990,LINC00857
10,87342736,87357882,439994,LINC00863
10,89378056,89385205,439996,IFIT1B
11,1597177,1598294,440021,KRTAP5-2
11,1697195,1697755,440023,KRTAP5-6
11,9280654,9314780,440026,TMEM41B
11,9754770,9759533,440028,AC026250.1
11,31812391,32105755,440034,RCN1
11,49558546,49810419,440040,AC136759.1
11,71527267,71528674,440050,KRTAP5-7
11,71579714,71603353,440051,KRTAP5-11
11,105092469,105101431,440068,CARD17
12,66765,178460,440073,IQSEC3
12,8157034,8188537,440077,ZNF705A
12,11399381,11486678,440084,AC078950.1
12,14804650,14814182,440087,SMCO3
12,31791185,31792241,440093,H3F3C
12,45014672,45051099,440097,DBX2
12,54058254,54122234,440101,FLJ12825
12,55829608,55836246,440104,TMEM198B
12,92721462,92772455,440107,PLEKHG7
12,126869490,126874690,440117,LINC02372
12,130144315,130162256,440119,FZD10-AS1
13,30882551,30883395,440132,LINC00545
13,52012398,52029664,440138,ALG11
13,72708357,72727687,440145,MZT1
14,18601045,18602129,440153,OR11H12
14,21032820,21034785,440163,RNASE13
9,87008455,87042126,440173,AL513318.2
14,91271323,91417844,440193,CCDC88C
15,21490364,21509404,440225,NF1P9
15,22458903,22469230,440243,GOLGA6L22
15,28589492,28685264,440248,HERC2P9
15,34525207,34588503,440270,GOLGA8B
15,39934146,40035591,440275,EIF2AK4
15,43726918,43747094,440278,CATSPER2P1
15,54012904,54633414,440279,UNC13C
15,74461265,74481302,440288,UBL7-AS1
15,82430018,82439153,440295,GOLGA6L9
15,85191438,85213905,440300,CSPG4P12
15,90249530,90265482,440307,TTLL13P
16,4788397,4796491,440335,SMIM22
16,21834569,21880827,440345,NPIPB4
16,74377878,74392080,440348,NPIPB15
16,29863593,29868053,440356,CDIPT-AS1
16,74367462,74369826,440386,AC009053.2
16,75204096,75207185,440387,CTRB2
16,87057784,87063991,440390,LINC02181
17,7012417,7014532,440400,RNASEK
17,20868433,21002276,440416,CCDC144NL-AS1
17,27417690,27431623,440419,TBC1D3P5
17,38195740,38257152,440434,AC244154.1
17,38325530,38343847,440435,GPR179
17,51336715,51342571,440446,LINC02072
17,81029130,81034881,440465,BAIAP2-AS1
18,79964561,79970822,440498,HSBP1L1
19,4522531,4535224,440503,PLIN5
19,19785839,19821751,440515,ZNF506
19,22596257,22603550,440518,GOLGA2P9
19,42752686,42855691,440533,PSG8
1,3059615,3068437,440556,LINC00982
1,12824605,12831410,440560,PRAMEF11
1,12938472,12947580,440561,PRAMEF6
1,13115496,13116854,440563,HNRNPCL2
1,15807169,15809348,440567,UQCRHL
1,19596977,19629821,440574,MINOS1
1,42959049,42983358,440584,SLC2A1-AS1
1,43145153,43156396,440585,FAM183A
1,52842511,52894998,440590,ZYG11A
1,95474737,95479356,440594,LINC01761
1,110286375,110339171,440600,AL355488.1
1,110487680,110490258,440602,CYMP-AS1
1,113878168,113887547,440603,BCL2L15
1,149782689,149812373,440689,HIST2H2BF
1,157092044,157099808,440695,ETV3L
1,165544007,165563961,440699,LRRC52
1,165698750,165709968,440700,AL451074.1
1,190624890,190801658,440704,LINC01720
1,206037231,206102459,440712,C1orf186
1,231162112,231221556,440730,TRIM67
1,241995490,241999073,440738,MAP1LC3C
1,244064330,244067909,440742,AL590483.3
20,18379049,18381484,440757,LINC00851
22,21383374,21389478,440804,RIMBP3B
22,24719034,24774720,440822,PIWIL3
22,26646428,26676475,440823,MIAT
22,41909554,41914667,440829,SHISA8
22,50529710,50532580,440836,ODF3B
2,31173056,31233858,440854,CAPN14
22,16486985,16488322,440888,ACTR3BP2
2,109987063,109996140,440894,LINC01123
9,68306528,68330626,440896,AL353608.3
2,113979569,114007302,440900,LINC01191
2,131279290,131309068,440910,FAR2P4
2,170712451,170714567,440925,LINC01124
2,222318275,222352989,440934,AC010980.1
3,9349689,9398579,440944,THUMPD3-AS1
3,40173145,40309698,440952,EIF1B-AS1
3,48620759,48621855,440955,TMEM89
3,51778561,51779187,440956,IQCF6
3,84638406,84881679,440970,LINC00971
4,14909961,15002045,441009,CPEB2-AS1
4,74114174,74303099,441024,MTHFD2L
4,75354076,75362566,441025,AC025244.2
4,82483170,82562357,441027,TMEM150C
4,143559472,143649305,441046,GUSBP5
4,185426249,185449826,441054,C4orf47
21,9781918,9814009,441058,LINC01667
5,16067139,16180762,441061,11-Mar
5,55995167,56003649,441072,FLJ31104
5,93409359,93585648,441094,NR2F1-AS1
6,42890265,42890816,441150,C6orf226
6,44270466,44307506,441151,TMEM151B
1,219608347,219613145,441155,ZC3H11B
6,73368555,73395133,441161,OOEP
6,116461370,116463779,441168,FAM26F
6,165987551,165989615,441177,LINC00602
6,167679626,167683787,441178,AL356123.1
7,4973988,5040675,441191,RNF216P1
7,32916815,32943176,441212,RP9P
7,57450177,57473546,441234,ZNF716
7,65647010,65770810,441242,AC073107.1
7,72558744,72828198,441250,TYW1B
7,72862757,72870510,441251,SPDYE7P
7,76959835,77043775,441263,DTX2P1-UPK3BP1-PMS2P11
7,100307702,100322196,441272,SPDYE3
7,102551232,102562308,441273,SPDYE2
7,134549136,134579875,441282,AKR1B15
7,143571801,143574387,441294,CTAGE15
7,520391,525232,441307,HRAT92
8,166049,167043,441308,OR4F21
8,7746034,7749606,441317,FAM90A17P
8,74599775,74823313,441355,MIR2052HG
8,92699742,92879502,441369,FLJ46284
8,101052054,101076251,441374,FLJ42969
8,116938199,116944487,441376,AARD
8,144522377,144527032,441381,LRRC24
9,22646200,22824213,441389,LINC01239
9,66106815,66153135,441425,ANKRD20A3
9,40223285,40266392,441430,ANKRD20A2
9,96928310,96940253,441457,NUTM2G
9,33524394,33573009,441459,ANKRD18B
9,99886322,99906601,441461,STX17-AS1
9,137251261,137253483,441476,STPG3
9,137300482,137302251,441478,NRARP
10,14819250,14838575,441549,CDNF
10,133623895,133626795,441581,FRG2B
11,50279828,50298452,441601,AC109635.4
11,58402464,58403409,441608,OR5B3
12,30926428,30996599,441631,TSPAN11
12,55129681,55130802,441639,OR9K2
10,42331866,42367974,441666,BX322639.1
14,19747428,19748369,441669,OR4Q3
14,19780242,19781357,441670,OR4M1
18,32511663,32514634,441818,WBP11P1
19,54069895,54081365,441864,TARM1
1,1418420,1421769,441869,ANKRD65
1,12916610,12920482,441871,PRAMEF7
1,13068677,13077884,441873,PRAMEF25
1,111382860,111391819,441897,PGCP1
1,159313670,159314659,441911,OR10J3
1,241957767,241959062,441925,BECN2
1,247672118,247673041,441933,OR13G1
20,49278178,49295738,441951,ZFAS1
2,94867486,94947341,442028,AC097374.1
2,108247195,108265351,442038,SULT1C3
4,171812254,173041559,442117,GALNTL6
6,29086208,29087313,442184,OR2B3
6,29100609,29101881,442185,OR2J1
6,29111891,29112826,442186,OR2J3
6,29306690,29307655,442191,OR14J1
6,29439306,29440977,442194,OR10C1
6,47878028,48068689,442213,PTCHD4
6,112347330,112351296,442247,RFPL4B
7,64045443,64078549,442319,ZNF727
7,144109514,144110564,442361,OR2A2
8,56373064,56395365,442388,SDR16C6P
9,41276280,41282846,442421,PTGER4P2-CDK2AP2P2
9,77019655,77020953,442425,FOXB2
7,379359,382712,442497,AC226118.1
7,90119400,90125600,442523,DPY19L2P4
7,29650227,29742594,442524,DPY19L2P3
7,75493625,75504304,442590,SPDYE5
7,109959218,109960184,442720,EIF3IP1
7,123655807,123664290,442721,LMOD2
6,52148923,52149041,442890,MIR133B
1,205448302,205448398,442891,MIR135B
12,54337216,54337314,442892,MIR148B
8,140732564,140732653,442893,MIR151A
4,112648485,112648557,442894,MIR302B
4,112648363,112648430,442895,MIR302C
4,112648004,112648071,442896,MIR302D
14,101025732,101025817,442897,MIR323A
17,7223297,7223379,442898,MIR324
11,75335092,75335186,442900,MIR326
16,67202321,67202395,442901,MIR328
19,45638994,45639087,442902,MIR330
12,95308420,95308513,442903,MIR331
7,130496111,130496204,442904,MIR335
14,100874493,100874585,442905,MIR337
17,81125883,81125949,442906,MIR338
7,1022933,1023026,442907,MIR339
5,180015303,180015397,442908,MIR340
14,100109655,100109753,442909,MIR342
14,100307859,100307956,442910,MIR345
10,86264694,86264788,442911,MIR346
4,112647874,112647941,442912,MIR367
14,101039690,101039755,442913,MIR376C
14,101065598,101065667,442914,MIR369
14,100911139,100911213,442915,MIR370
19,53787675,53787741,442916,MIR371A
19,53787890,53787956,442917,MIR372
19,53788705,53788773,442918,MIR373
7,27169480,27169563,442920,MIR196B
19,46039748,46077118,444882,IGFL4
7,144186083,144195655,445328,ARHGEF35
16,29459889,29464976,445329,SULT1A4
7,38257879,38265678,445347,TRGC1
11,5596725,5644398,445372,TRIM6-TRIM34
9,68232003,68300015,445571,CBWD3
9,93318199,93346414,445577,C9orf129
2,131218067,131265278,445582,POTEE
9,109780309,110172512,445815,PALM2-AKAP2
4,190024351,190027257,448831,FRG2
1,152759561,152762052,448834,KPRP
1,152842868,152843983,448835,LCE6A
8,6950726,6951599,449491,DEFA8P
8,6959289,6960161,449492,DEFA9P
8,6968141,6969113,449493,DEFA10P
6,33540046,33589026,449520,GGNBP1
17,46511511,46555650,474170,LRRC37A2
7,150625375,150632648,474344,GIMAP6
10,48909483,48914232,474354,LRRC18
8,49054311,49076090,492307,C8orf22
5,140125935,140129392,492311,IGIP
2,98599310,98608515,493753,COA5
16,31214021,31231537,493829,TRIM72
4,102868978,102889242,493856,CISD2
11,32602246,32794658,493860,CCDC73
12,104303739,104305205,493861,EID3
5,55160118,55167071,493869,GPX8
11,8964675,8977527,493900,TMEM9B-AS1
14,20590193,20590823,493901,RNASE12
2,169694454,169701708,493911,PHOSPHO2
9,116398157,116400606,493913,PAPPA-AS1
1,88979456,88992960,494115,RBMXL1
11,18209138,18214562,494141,AC090099.1
2,53767792,53775196,494143,CHAC2
17,38936432,38967402,494188,FBXO47
2,219001645,219001708,494324,MIR375
14,101040782,101040849,494325,MIR376A1
14,101062050,101062118,494326,MIR377
5,149732825,149732890,494327,MIR378A
14,101022066,101022132,494328,MIR379
14,101025017,101025077,494329,MIR380
14,101045920,101045994,494330,MIR381
14,101054306,101054381,494331,MIR382
8,14853438,14853510,494332,MIR383
15,63870930,63871019,494334,MIR422A
17,30117079,30117172,494335,MIR423
3,49020148,49020234,494337,MIR425
18,46326809,46463140,494470,RNF165
2,178451436,178461390,494513,DFNB59
7,141708353,141731271,494551,WEE2
5,135444218,135452399,497189,TIFAB
16,74408270,74421953,497190,CLEC18B
11,27506838,27698174,497258,BDNF-AS
8,46822237,46854307,497634,LINC00293
18,49477250,49487252,497661,C18orf32
11,60515413,60542721,503497,MS4A13
15,26115813,26133037,503519,LINC00929
19,58347751,58355183,503538,A1BG-AS1
10,133420666,133424572,503542,SPRN
5,98769618,98773469,503569,RGMB-AS1
3,121570704,121586634,503582,ARGFX
8,7495846,7509311,503614,DEFB107B
8,7470308,7475082,503618,DEFB104B
22,15784959,15829984,503637,DUXAP8
14,19284653,19337730,503639,DUXAP10
12,12355406,12357067,503693,LOH12CR2
19,53632056,53637009,503834,DPRX
19,57154021,57167443,503835,DUXA
8,7482504,7486400,503841,DEFB106B
8,7487669,7489593,504180,DEFB105B
11,56375624,56376553,504190,OR8U1
1,46203334,46221261,541468,LURAP1
2,111196350,111495100,541471,MIR4435-2HG
7,22725395,22727620,541472,AC073072.1
7,75391955,75395434,541473,AC211486.1
8,22599601,22604150,541565,C8orf58
13,23888889,23897263,542767,PCOTH
16,30193887,30197561,548593,SLX1A
15,43692886,43699222,548596,CKMT1A
7,102537918,102572656,548644,POLR2J3
9,111631352,111654351,548645,DNAJC25
4,67701280,68080952,550112,UBA6-AS1
22,30356635,30378658,550631,CCDC157
8,134838069,134842637,552853,NCRNA00250
8,65161145,65180341,552859,LINC00251
8,118621001,118858218,552860,SAMD12-AS1
12,74537827,74545430,552889,ATXN7L3B
9,111631386,111670229,552891,DNAJC25-GNG10
16,29443056,29454964,552900,BOLA2
5,132311285,132369916,553103,MIR3936HG
1,31629862,31644896,553115,PEF1
22,44702233,44862706,553158,PRR5-ARHGAP8
2,158166650,158236169,554201,CCDC148-AS1
16,25031744,25058109,554206,AC133552.2
1,1169005,1169087,554210,MIR429
5,55170532,55170622,554213,MIR449A
6,29790954,29797811,554223,HLA-V
2,132147591,132257969,554226,ANKRD30BL
19,50511600,50514690,554235,ASPDH
2,68459419,68467258,554251,FBXO48
1,200253419,200400705,554279,LINC00862
1,206186179,206204414,554282,FAM72A
1,149854045,149861210,554313,HIST2H4B
9,68355189,68357852,572558,PGM5-AS1
12,92420094,92428148,574016,CLLU1OS
12,92421531,92431002,574028,CLLU1
14,100881886,100881978,574034,MIR433
14,100881007,100881120,574038,MIR431
3,39408389,39408539,574040,SNORA6
16,1962334,1962466,574042,SNORA10
1,150560202,150574552,574406,ADAMTSL4-AS1
14,101026785,101026864,574408,MIR329-1
14,101027100,101027183,574409,MIR329-2
14,101056219,101056300,574410,MIR323B
17,28861369,28861440,574411,MIR451A
14,101065300,101065378,574413,MIR409
1,153217584,153219317,574414,PRR9
1,228164086,228165512,574432,IBA57-AS1
14,101065447,101065537,574433,MIR412
14,101065912,101065991,574434,MIR410
14,101040436,101040535,574435,MIR376B
14,101055419,101055491,574436,MIR485
1,177029363,177029445,574441,MIR488
7,93483936,93484019,574442,MIR489
7,136903167,136903294,574443,MIR490
9,20716105,20716188,574444,MIR491
10,17845107,17845193,574445,MIR511
10,102436512,102436584,574447,MIR146B
10,133247511,133247620,574448,MIR202
12,94834398,94834513,574449,MIR492
14,100869060,100869148,574450,MIR493
14,100884483,100884576,574451,MIR432
14,101029634,101029714,574452,MIR494
14,101033755,101033836,574453,MIR495
14,101060573,101060674,574454,MIR496
16,14303967,14304049,574455,MIR193B
17,7017911,7018022,574456,MIR497
19,13874875,13875011,574457,MIR181D
19,53666679,53666762,574458,MIR512-1
19,53669157,53669254,574459,MIR512-2
19,53674197,53674320,574460,MIR498
19,53675711,53675797,574461,MIR520E
19,53679003,53679085,574462,MIR515-1
19,53679940,53680023,574463,MIR519E
19,53682159,53682245,574464,MIR520F
19,53685009,53685091,574465,MIR515-2
19,53686469,53686555,574466,MIR519C
19,53690881,53690965,574467,MIR520A
19,53694393,53694475,574468,MIR526B
19,53695213,53695293,574469,MIR519B
19,53697533,53697617,574470,MIR525
19,53698385,53698471,574471,MIR523
19,53700015,53700101,574472,MIR518F
19,53701227,53701287,574473,MIR520B
19,53702737,53702819,574474,MIR518B
19,53706252,53706336,574475,MIR526A1
19,53707453,53707539,574476,MIR520C
19,53708735,53708835,574477,MIR518C
19,53711002,53711088,574478,MIR524
19,53712268,53712354,574479,MIR517A
19,53713347,53713434,574480,MIR519D
19,53716594,53716680,574481,MIR521-2
19,53720096,53720182,574482,MIR520D
19,53721076,53721142,574483,MIR517B
19,53722166,53722255,574484,MIR520G
19,53725442,53725526,574485,MIR516B2
19,53726922,53726986,574486,MIR526A2
19,53729838,53729925,574487,MIR518E
19,53731006,53731090,574488,MIR518A1
19,53734877,53734963,574489,MIR518D
19,53736845,53736934,574490,MIR516B1
19,53739333,53739419,574491,MIR518A2
19,53741313,53741407,574492,MIR517C
19,53742512,53742599,574493,MIR520H
19,53748636,53748722,574494,MIR521-1
19,53751211,53751297,574495,MIR522
19,53752397,53752481,574496,MIR519A1
19,53754018,53754102,574497,MIR527
19,53756741,53756830,574498,MIR516A1
19,53761133,53761222,574499,MIR516A2
19,53762344,53762430,574500,MIR519A2
20,34990376,34990497,574501,MIR499A
4,69589309,69639642,574537,UGT2A2
12,137411,149169,574538,AC026369.1
6,132815307,132815379,594837,SNORD101
6,132816802,132816877,594838,SNORD100
6,132817219,132817348,594839,SNORA33
8,134598071,134600689,594840,ZFAT-AS1
15,74826547,74831802,594855,CPLX3
10,127549369,127552639,594857,NPS
15,66503243,66503314,595098,SNORD18A
15,66502020,66502091,595099,SNORD18B
15,66501250,66501318,595100,SNORD18C
16,30267553,30335374,595101,SMG1P5
9,41006999,41074617,595135,PGM5P2
19,50882096,50896398,606293,KLKP1
8,11761256,11763223,606553,C8orf49
16,30222937,30254510,613037,NPIPB13
7,92134604,92180725,613126,CYP51A1-AS1
8,11982321,11984590,613209,DEFB135
8,11973937,11974599,613210,DEFB136
8,11993174,11996312,613211,DEFB134
5,127649044,127658630,613212,CTXN3
12,50953922,50970506,613227,HIGD1C
15,43794162,43800221,619189,SERINC4
10,133453928,133523558,619207,SCART1
6,112087599,112102790,619208,FAM229B
8,80628451,80874781,619279,ZNF704
8,95207007,95216374,619344,LINC01298
8,29673922,29748109,619351,LINC00589
8,30131824,30144686,619373,MBOAT4
11,93721513,93721865,619383,SCARNA9
8,142198356,142209003,619434,LINC00051
13,27255401,27255526,619499,SNORA27
1,54236440,54239063,619518,SSBP3-AS1
11,2134134,2134209,619552,MIR483
16,15643294,15643372,619553,MIR484
8,41660441,41660508,619554,MIR486-1
14,101052446,101052525,619555,MIR487A
9,114209434,114209529,619556,MIR455
11,8684227,8684356,619562,SNORA3A
3,12840312,12840450,619563,SNORA7A
5,40832656,40832735,619564,SNORD72
11,811681,811814,619565,SNORA52
3,186787612,186787749,619568,SNORA4
2,206162228,206162359,619569,SNORA41
5,181243312,181243379,619570,SNORD95
5,181241814,181241892,619571,SNORD96A
1,161683695,161685252,641311,RPL31P11
4,138057464,138178177,641364,SLC7A11-AS1
4,138027422,138130709,641365,LINC00616
19,21800480,21801266,641367,BRI3BPP1
14,73537114,73543794,641371,ACOT1
14,73610945,73619888,641372,ACOT6
8,127946559,127948723,641384,TMEM75
10,119060011,119060138,641451,SNORA19
14,18967434,18999012,641455,POTEM
13,44575893,44580432,641467,TSC22D1-AS1
1,202820266,202827225,641515,MGAT4EP
18,41465783,41632185,641516,KC6
8,7312846,7319951,641517,DEFB109P1B
4,108167525,108256836,641518,LEF1-AS1
19,41350911,41384083,641649,TMEM91
11,124919244,124920677,641654,HEPN1
5,139448556,139462743,641700,ECSCR
19,76163,77686,641702,FAM138F
2,38814,46870,642273,FAM110C
4,212610,255985,642280,ZNF876P
13,87427214,87671259,642345,MIR4500HG
10,79825902,79827602,642361,AL135925.1
5,51372736,51383332,642366,AC010478.1
10,1526637,1556984,642394,ADARB2-AS1
15,84507885,84516814,642402,GOLGA6L5P
11,89869282,89876017,642446,TRIM64B
8,143566187,143572971,642475,MROH6
14,19062316,19115270,642477,DUXAP9
10,47501854,47523638,642517,AGAP9
12,8133772,8134849,642559,POU5F1P3
1,209428820,209432838,642587,MIR205HG
18,5145285,5197503,642597,AKAIN1
11,90031106,90042025,642612,TRIM49C
11,90085950,90087131,642623,UBTFL1
20,1226056,1296421,642636,RAD21L1
22,18733914,18757906,642643,LINC01662
8,144266560,144268481,642658,SCX
22,46914092,46916042,642757,TBC1D22A-AS1
16,14708944,14726338,642778,NPIPA3
16,14748066,14765413,642799,NPIPA2
17,73248449,73262352,642843,CPSF4L
1,108857217,108858524,642864,SPATA42
8,93213302,93700433,642924,LINC00535
9,66159954,66179430,642929,AL513478.2
10,127135426,127196158,642938,FAM196A
1,212852108,212858088,642946,FLVCR1-AS1
9,133578415,133586197,642968,FAM163B
5,110289233,110738956,642987,TMEM232
17,75633434,75641404,643008,SMIM5
4,184798296,184799046,643036,SLED1
11,94512432,94532123,643037,C11orf97
5,61157709,61162474,643155,SMIM15
1,110480752,110491277,643160,CYMP
10,87020306,87024730,643161,FAM25A
7,65038354,65074713,643180,CCT6P3
5,145858521,145937126,643226,GRXCR2
10,44911200,44937002,643236,TMEM72
12,116548105,116576448,643246,MAP1LC3B2
1,39081316,39487177,643314,MACF1
15,40770080,40772449,643338,C15orf62
1,111989770,111998842,643355,LINC01750
11,57743514,57751781,643376,BTBD18
14,21098937,21103724,643382,TMEM253
5,148321203,148339849,643394,SPINK9
5,27472292,27496401,643401,LINC01021
10,88724544,88752786,643414,LIPK
10,88761406,88778242,643418,LIPN
10,89829510,89840861,643529,LINC00865
18,67516546,67899619,643542,AC114689.3
9,137227271,137229638,643596,RNF224
6,125674353,125720218,643623,AL078594.1
7,149838367,149867479,643641,ZNF862
10,46375627,46537864,643650,ANXA8L1
17,7481332,7483496,643664,SLC35G6
19,38908980,38912158,643669,CCER2
13,102729369,102759070,643677,CCDC168
11,60201253,60243088,643680,MS4A4E
15,32593456,32607310,643699,GOLGA8N
15,84235773,84245368,643707,GOLGA6L4
12,97713412,97761859,643711,AC007424.1
16,52552090,52652105,643714,CASC16
11,104901549,104919073,643733,AP002004.1
8,62977861,62984900,643763,UG0898H09
12,98485544,98503855,643770,LINC02453
21,30281309,30282958,643803,KRTAP24-1
21,30337013,30337694,643812,KRTAP27-1
11,61203307,61213098,643834,PGA3
5,180847611,180861285,643836,ZFP62
1,825138,859446,643837,LINC01128
11,61222216,61231927,643847,PGA4
3,33090421,33096801,643853,TMPPE
6,131708684,131711017,643854,CTAGE9
14,24426532,24430954,643866,CBLN3
17,8390704,8397826,643904,RNF222
11,107591091,107666779,643923,ELMOD1
1,1426128,1427787,643965,TMEM88B
1,1598012,1600096,643988,FNDC10
9,68232003,68300015,644019,CBWD3
18,74315813,74359187,644041,C18orf63
19,35785697,35797902,644050,LINC01529
10,47995355,47999791,644054,FAM25C
17,9802386,9822071,644070,GSG1L2
12,54608187,54610462,644076,GLYCAM1
2,47527537,47535199,644093,HCG2040054
19,35995199,35996315,644096,SDHAF1
5,116022391,116059130,644100,ARL14EPL
17,10822475,10838445,644139,PIRT
7,29806486,29917066,644150,WIPF3
10,49364181,49396016,644168,DRGX
22,50551112,50562905,644186,SYCE3
15,96110040,96327361,644192,NR2F2-AS1
1,119597702,119599271,644242,LINC00622
17,46193576,46196723,644246,KANSL1-AS1
4,89836408,89841978,644248,SNCA-AS1
4,9444534,9450514,644414,DEFB131
3,100185687,100211766,644444,TMEM30CP
10,110936622,110937233,644511,RPL13AP6
20,21395367,21398028,644524,NKX2-4
1,148479824,148483679,644591,PPIAL4G
1,16733952,16734461,644634,FAM231C
11,9459556,9460702,644656,AC132192.2
8,116874424,116876868,644660,RAD21-AS1
11,113779747,113780500,644672,CLDN25
17,18968789,19004804,644815,FAM83G
2,67123357,67215319,644838,LINC01829
15,40351033,40356434,644844,PHGR1
5,127940426,128083172,644873,LINC01184
10,14959439,14988050,644890,MEIG1
2,108507515,108534196,644903,GCC2-AS1
11,13009577,13012106,644943,RASSF10
17,20501513,20512357,644945,KRT16P3
3,130081831,130113227,644974,ALG1L2
5,171782432,171796126,644994,SMIM23
1,9652610,9654586,644997,PIK3CD-AS1
17,18377662,18389647,645027,EVPLL
1,61248945,61253510,645030,NFIA-AS1
4,17515165,17527104,645104,CLRN2
5,132747445,132754403,645121,CCNI2
1,145241630,145242124,645142,PPIAL4D
18,2652170,2655395,645158,CBX3P2
1,144227030,144250288,645166,AC245595.1
19,2289784,2292024,645191,LINGO3
7,157010805,157016426,645249,MNX1-AS1
5,88507546,88691041,645323,LINC00461
11,67791648,67805336,645332,FAM86C2P
18,5748819,5876328,645355,MIR3976HG
1,13068677,13077884,645359,PRAMEF25
18,5882072,5895955,645369,TMEM200C
1,13303539,13308907,645382,PRAMEF33
8,7337115,7338707,645402,USP17L4
1,13369067,13371693,645414,PRAMEF19
1,13410450,13421328,645425,PRAMEF20
22,21466423,21471269,645426,TMEM191C
19,4890437,4902867,645432,ARRDC5
6,139468995,139474596,645434,LINC01625
1,243124428,243255348,645455,CEP170
12,30755074,30780739,645485,AC010198.1
4,119454791,119552025,645513,AC093752.1
1,34554,36081,645520,FAM138A
10,26589865,26594330,645528,FAM238A
7,104738597,104804107,645591,LHFPL3-AS1
1,155433178,155434262,645682,POU5F1P4
14,55766177,55767717,645683,RPL13AP3
1,237004103,237004418,645745,MT1HL1
2,88765807,88806612,645784,ANKRD36BP2
16,1434383,1444556,645811,CCDC154
17,28364268,28365244,645832,SEBOX
8,7976393,7977985,645836,USP17L3
3,126571779,126608555,645840,TXNRD3NB
3,152339695,152340990,645843,TMEM14EP
1,153437058,153439949,645922,S100A7L2
2,21687434,21710623,645949,LINC01822
6,149717621,149718888,645967,AL358852.1
18,11609596,11610612,646000,SLC35G4
5,179678583,179680974,646019,CBY3
22,24429206,24495074,646023,ADORA2A-AS1
6,149998019,150005157,646024,RAET1K
15,20282744,20291586,646096,CHEK2P2
3,167864773,167924011,646168,LRRC77P
16,3493484,3495480,646174,C16orf90
1,22953043,22965338,646262,LACTBL1
1,158132040,158146929,646268,LINC01704
7,99980762,99987535,646282,AZGP1P1
2,215611563,215843722,646324,LINC00607
3,48306842,48328341,646424,SPINK8
3,48917788,48919385,646450,ARIH2OS
19,14081619,14085875,646457,C19orf67
8,81458341,81461579,646480,FABP9
8,81524981,81531378,646486,FABP12
3,49177632,49191858,646498,C3orf84
19,53281559,53284944,646508,FAM90A27P
11,133783671,133810376,646522,AP001979.2
4,144642922,144661357,646576,HHIP-AS1
7,25593351,25750994,646588,AC005165.1
3,185712528,185729787,646600,IGF2BP2-AS1
4,145680115,145771032,646603,C4orf51
13,27977714,27988654,646625,URAD
1,248718649,248755739,646627,LYPD8
19,55529733,55537089,646643,SBK2
14,74405893,74426102,646658,SYNDIG1L
2,130570829,130584161,646743,TISP43
11,49053714,49059112,646754,TRIM64C
13,32303700,32315344,646799,ZAR1L
1,92074533,92075441,646817,SETSIP
22,38578120,38656629,646851,FAM227A
19,58396090,58397079,646862,RNF225
15,78077808,78104909,646892,SH2D7
2,232520463,232525716,646960,PRSS56
9,35906192,35907141,646962,HRCT1
13,40079106,40535807,646982,LINC00598
6,42101118,42142619,647024,C6orf132
15,82339998,82349475,647042,GOLGA6L10
9,39355669,39361959,647060,SPATA31A1
7,135662496,135693418,647087,C7orf73
3,163127923,163361563,647107,LINC01192
1,121519112,121571892,647121,EMBP1
1,144887265,145095528,647135,SRGAP2B
13,51335773,51364735,647174,SERPINE3
1,201113953,201127184,647219,ASCL5
14,103940426,103942308,647286,RD3L
3,190852877,190892429,647309,GMNC
14,105398579,105450106,647310,TEX22
3,193957372,194003659,647323,LINC02026
12,133218312,133236095,647589,ANHX
20,36045622,36050960,647979,NORAD
22,22559343,22566602,648691,LL22NC03-63E9.3
6,5084581,5089487,648791,PPP1R3G
5,43014414,43067419,648987,AC025171.1
11,120249759,120265932,649133,AP001150.1
16,34158585,34160036,649159,LINC00273
22,21991099,22043934,649179,PRAMENP
1,13060869,13062229,649330,HNRNPCL3
16,2339150,2426699,650655,ABCA17P
6,28161781,28169594,651302,ZNF192P1
4,186189032,186191490,651430,FLJ38576
5,10564330,10657816,651746,ANKRD33B
16,2603350,2630494,652276,AC141586.1
17,7574713,7574847,652965,SNORA48
22,30285117,30289627,652968,CASTOR1
9,111602831,111631289,652972,LRRC37A5P
18,47206322,47251603,652991,SKOR2
19,15828961,15836320,652995,UCA1
15,30083053,30093499,653073,GOLGA8J
1,32539427,32605939,653121,ZBTB8A
9,60929774,60936746,653123,FAM74A6
15,30135149,30145567,653125,GOLGA8T
2,24175069,24200849,653140,FAM228A
10,47460162,47484158,653145,ANXA8
1,108450282,108471002,653149,NBPF6
1,34974356,34985313,653160,AC114490.1
17,3240676,3241614,653166,OR1D4
2,95476967,95484731,653192,TRIM43B
17,41117181,41118360,653240,KRTAP4-11
12,11391540,11501041,653247,PRB2
2,130459455,130509666,653269,POTEI
2,130521197,130528604,653275,CFC1B
10,50739318,50816495,653308,ASAH2B
16,67175602,67184040,653319,KIAA0895L
8,12182096,12194133,653333,FAM86B1
7,74773962,74789315,653361,NCF1
15,44825747,44884694,653381,SORD2P
9,41126430,41128463,653404,FOXD4L6
8,7847876,7868867,653423,SPAG11A
9,65282101,65285209,653427,FOXD4L5
2,240676418,240682906,653437,AQP12B
1,121184810,121392822,653464,SRGAP2C
6,167823876,167826709,653483,AFDN-AS1
17,137526,139067,653486,SCGB1C2
2,106391290,106468376,653489,RGPD3
19,38770971,38773492,653499,LGALS7
1,120889746,120890405,653505,PPIAL4A
10,79610939,79615455,653509,SFTPA1
1,149197992,149321732,653513,AC245297.1
1,145607990,145670648,653519,GPR89A
16,33193659,33196858,653550,TP53TG3C
10,17752252,17800868,653567,TMEM236
19,43474954,43504935,653583,PHLDB3
1,149583865,149584464,653598,PPIAL4C
1,149813271,149813681,653604,HIST2H3D
1,13315581,13322598,653619,PRAMEF15
1,14404,29570,653635,WASH7P
15,75258599,75270199,653641,GOLGA6C
15,75282835,75295807,653643,GOLGA6D
17,59962363,60018975,653645,TBC1D3P1-DHX40P1
17,60101759,60102919,653653,AC025048.6
19,7037748,7040179,653656,MBD3L4
19,7056209,7058640,653657,MBD3L3
1,203007386,203024848,653659,TMEM183A
19,48638071,48682245,653677,SEC1P
22,23957414,23961186,653689,GSTT2B
15,28701954,28738384,653720,GOLGA8M
2,130611481,130658091,653781,POTEJ
2,131464900,131492743,653784,MZT2A
16,22545698,22576865,653786,AC106788.1
16,29778240,29782973,653808,ZG16
1,121167646,121185539,653820,FAM72B
7,150243916,150323725,653857,ACTR3C
7,5879827,5886362,654231,OCM
4,270675,305321,654254,ZNF732
7,45104349,45104482,654319,SNORA5A
11,93732361,93732499,654320,SNORA8
2,231455800,231455936,654321,SNORA75
5,112161485,112161617,654322,SNORA13
2,89542842,89585652,654342,AC006453.2
17,18476737,18494945,654346,LGALS9C
17,51153590,51171744,654364,NME1-NME2
2,113577382,113578852,654412,FAM138B
12,1820267,1836752,654429,LRTM2
2,113211522,113276581,654433,PAX8-AS1
17,77086716,77094990,654434,SNHG20
8,123851987,124120061,654463,FER1L6
16,30192934,30194306,654483,BOLA2B
3,158962928,159266307,654502,IQCJ
1,161258727,161285450,654790,PCP4L1
7,73220624,73235945,654816,NCF1B
7,75156639,75172044,654817,NCF1C
9,34394,35871,654835,FAM138C
14,101047321,101047398,664612,MIR539
14,101048658,101048748,664613,MIR544A
14,101040069,101040148,664615,MIR376A2
14,101046455,101046538,664616,MIR487B
19,11666069,11667030,664709,HNRNPA1P10
1,175968398,175968540,677679,SCARNA3
17,60231516,60231646,677681,SCARNA20
17,7906122,7906260,677763,SCARNA21
5,83064204,83064337,677765,SCARNA18
1,109100193,109100612,677766,SCARNA2
3,160514907,160515236,677767,SCARNA7
14,95533355,95533629,677768,SCARNA13
18,49814023,49851059,677769,SNHG22
4,1974636,1974760,677770,SCARNA22
1,155925958,155926086,677771,SCARNA4
2,233288676,233288940,677772,SCARNA6
1,27834401,27834566,677774,SCARNA1
2,233275727,233276002,677775,SCARNA5
9,19063656,19063786,677776,SCARNA8
12,6967337,6967606,677777,SCARNA12
15,82755945,82756071,677778,SCARNA15
3,109178165,109185257,677779,LINC00488
12,6581474,6581609,677780,SCARNA11
17,77089307,77089493,677781,SCARNA16
12,36602,38133,677784,FAM138D
11,93732004,93732133,677792,SNORA1
12,48656648,48656782,677793,SNORA2A
12,48667457,48667593,677794,SNORA2B
7,45105968,45106099,677795,SNORA5B
7,45104906,45105042,677796,SNORA5C
3,129397210,129397348,677797,SNORA7B
7,44985378,44985510,677798,SNORA9
10,100237156,100237302,677800,SNORA12
7,75943782,75943916,677801,SNORA14A
1,235127803,235127937,677802,SNORA14B
7,56060470,56060602,677803,SNORA15
9,136726747,136726879,677804,SNORA17A
11,93733466,93733597,677805,SNORA18
6,159780250,159780381,677806,SNORA20
7,65755526,65755659,677807,SNORA22
11,9428773,9428954,677808,SNORA23
4,118279190,118279320,677809,SNORA24
4,52713249,52713370,677810,SNORA26
14,103337849,103337974,677811,SNORA28
6,159785594,159785733,677812,SNORA29
16,30710537,30710665,677813,SNORA30
13,45337480,45337609,677814,SNORA31
12,48654382,48654518,677815,SNORA2C
1,220200546,220200676,677818,SNORA36B
18,54222284,54222412,677819,SNORA37
6,31623079,31623210,677820,SNORA38
1,155919909,155920045,677823,SNORA80E
9,136726104,136726239,677824,SNORA17B
1,28580381,28580512,677825,SNORA44
11,8685439,8685569,677826,SNORA3B
16,58548499,58548633,677827,SNORA46
5,77080434,77080571,677828,SNORA47
12,132031224,132031359,677829,SNORA49
16,58559796,58559931,677830,SNORA50A
20,2655067,2655198,677831,SNORA51
12,98599635,98599883,677832,SNORA53
11,2963771,2963893,677833,SNORA54
1,39567374,39567508,677834,SNORA55
20,38449370,38449503,677837,SNORA60
1,28579764,28579893,677838,SNORA61
20,38429670,38429803,677839,SNORA71C
20,38433865,38433998,677840,SNORA71D
5,173020728,173020928,677841,SNORA74B
17,64146339,64146471,677842,SNORA50C
1,203729581,203729705,677843,SNORA77
16,1965184,1965310,677844,SNORA78
14,81202695,81202834,677845,SNORA79
21,32377187,32377322,677846,SNORA80A
3,186786675,186786852,677847,SNORA81
17,76561109,76561192,677849,SNORD1B
17,19557211,19557911,677882,SNORA59B
1,12507246,12507397,677885,SNORA59A
12,6439001,6451567,678655,CD27-AS1
11,93730513,93730646,684959,SNORA25
14,21392150,21392253,692053,SNORD9
20,49280683,49280772,692057,SNORD12
2,202293051,202293134,692058,SNORD11
11,93730979,93731099,692063,SNORA32
11,93733228,93733300,692072,SNORD5
1,28580920,28581054,692073,SNORA16A
11,93731502,93731574,692075,SNORD6
17,35573657,35573753,692076,SNORD7
8,33513475,33513578,692084,SNORD13
1,75787072,75787150,692085,SNORD45C
20,17962710,17962946,692086,SNORD17
19,47755853,47755962,692091,SNORD23
6,29582249,29582332,692092,SNORD32B
9,131490486,131490571,692093,SNORD62B
9,35752990,35756613,692094,MSMP
3,75421552,75435110,692099,FAM86DP
17,16441226,16441298,692106,SNORD65
3,184325696,184325771,692107,SNORD66
11,46762389,46762499,692108,SNORD67
3,52692736,52692812,692109,SNORD69
2,202276431,202276518,692110,SNORD70
16,71758402,71758487,692111,SNORD71
12,6510222,6510551,692148,SCARNA10
15,66347207,66347342,692149,SCARNA14
1,212352816,212352950,692157,SNORA16B
11,62665422,62665570,692158,SNORA57
6,31541101,31541178,692199,SNORD84
20,2656097,2656182,692201,SNORD86
19,50799442,50799532,692202,SNORD88A
19,50799032,50799122,692203,SNORD88B
2,101272936,101273049,692205,SNORD89
9,122880213,122880323,692206,SNORD90
17,2330180,2330370,692207,SNORD91A
17,2329016,2329237,692208,SNORD91B
2,28913664,28913748,692209,SNORD92
7,22856613,22856686,692210,SNORD93
10,68755172,68755238,692211,SNORD98
1,28578749,28578822,692212,SNORD99
20,2654212,2654286,692213,SNORD110
16,70538005,70538098,692214,SNORD111
14,100897920,100897996,692215,SNORD112
11,10801467,10801608,692223,SNORD97
2,86135870,86136006,692225,SNORD94
19,10107651,10107735,692229,SNORD105
6,31536374,31536449,692233,SNORD117
19,10106223,10114780,692312,PPAN-P2RY11
17,17813836,17813931,693120,MIR33B
14,101023325,101023420,693121,MIR411
5,55170646,55170742,693123,MIR449B
6,18571784,18571880,693125,MIR548A1
6,135239160,135239256,693126,MIR548A2
8,104484369,104484465,693127,MIR548A3
6,119069047,119069143,693128,MIR548B
12,64622509,64622605,693129,MIR548Z
8,123348034,123348130,693130,MIR548AA1
17,67471489,67471585,693131,MIR548AA2
15,80841978,80842073,693132,MIR549A
7,30289794,30289890,693133,MIR550A1
7,32732981,32733077,693134,MIR550A2
1,3560695,3560790,693135,MIR551A
3,168551854,168551949,693136,MIR551B
1,34669599,34669694,693137,MIR552
1,100281241,100281308,693138,MIR553
1,151545796,151545891,693139,MIR554
1,155346350,155346445,693140,MIR555
1,162342546,162342640,693141,MIR556
1,168375524,168375621,693142,MIR557
2,32532153,32532246,693143,MIR558
2,47377675,47377770,693144,MIR559
2,188297492,188297588,693146,MIR561
2,232172653,232172747,693147,MIR562
3,15873771,15873849,693148,MIR563
3,44861888,44861981,693149,MIR564
3,50173326,50173419,693151,MIR566
3,112112801,112112898,693152,MIR567
3,114316475,114316569,693153,MIR568
3,171106664,171106759,693154,MIR569
3,195699401,195699497,693155,MIR570
4,350157,350252,693156,MIR571
4,11368827,11368921,693157,MIR572
4,24520192,24520290,693158,MIR573
4,38868032,38868127,693159,MIR574
4,82753337,82753430,693160,MIR575
4,109488698,109488795,693161,MIR576
4,114656759,114656854,693162,MIR577
4,165386242,165386337,693163,MIR578
5,32394378,32394475,693164,MIR579
5,36147892,36147988,693165,MIR580
5,53951504,53951599,693166,MIR581
5,59703606,59703703,693167,MIR582
5,96079138,96079212,693168,MIR583
5,149062313,149062409,693169,MIR584
5,169263601,169263694,693170,MIR585
6,45197674,45197770,693171,MIR586
6,106784125,106784220,693172,MIR587
6,126484631,126484713,693173,MIR588
7,5495819,5495917,693174,MIR589
7,74191198,74191294,693175,MIR590
7,96219662,96219756,693176,MIR591
7,127058088,127058184,693177,MIR592
7,128081861,128081960,693178,MIR593
7,158532718,158532813,693180,MIR595
8,1817231,1817307,693181,MIR596
8,9741672,9741768,693182,MIR597
8,11035206,11035302,693183,MIR598
8,99536636,99536730,693184,MIR599
9,123111546,123111643,693185,MIR600
9,123402525,123402603,693186,MIR601
9,137838419,137838516,693187,MIR602
10,24275685,24275781,693188,MIR603
10,29545004,29545097,693189,MIR604
10,51299573,51299655,693190,MIR605
10,75552458,75552553,693191,MIR606
10,96828669,96828764,693192,MIR607
10,100974985,100975084,693193,MIR608
10,104218789,104218883,693194,MIR609
11,28056815,28056910,693195,MIR610
11,61792495,61792561,693196,MIR611
11,65444458,65444557,693197,MIR612
12,12764649,12764743,693198,MIR613
12,12915829,12915918,693199,MIR614
12,54033950,54034045,693200,MIR615
12,57519163,57519259,693201,MIR616
12,80832533,80832629,693202,MIR617
12,80935736,80935833,693203,MIR618
12,108836908,108837006,693204,MIR619
12,116148560,116148654,693205,MIR620
13,40810766,40810861,693206,MIR621
13,90231182,90231277,693207,MIR622
13,99356131,99356228,693208,MIR623
14,31014646,31014742,693209,MIR624
14,65471102,65471186,693210,MIR625
15,41691585,41691678,693211,MIR626
15,42199570,42199666,693212,MIR627
15,55372940,55373034,693213,MIR628
15,70079372,70079468,693214,MIR629
15,72587217,72587313,693215,MIR630
15,75353611,75353685,693216,MIR631
17,32350109,32350202,693217,MIR632
17,62944215,62944312,693218,MIR633
17,66787072,66787168,693219,MIR634
17,68424451,68424548,693220,MIR635
17,76736450,76736548,693221,MIR636
19,3961414,3961512,693222,MIR637
19,10718404,10718503,693223,MIR638
19,14529543,14529640,693224,MIR639
19,19435063,19435158,693225,MIR640
19,40282543,40282641,693226,MIR641
19,45674928,45675024,693227,MIR642A
19,52281797,52281893,693228,MIR643
20,34466325,34466418,693229,MIR644A
20,50585786,50585879,693230,MIR645
20,60308474,60308567,693231,MIR646
20,63942631,63942726,693232,MIR647
22,17980868,17980961,693233,MIR648
22,21034176,21034272,693234,MIR649
1,155195177,155195272,693235,MIR92B
22,22822776,22822871,723778,MIR650
1,149851061,149851624,723790,HIST2H2AA4
7,104894628,104926645,723809,LHFPL3-AS2
11,2132538,2161209,723961,INS-IGF2
7,93482760,93482855,724023,MIR653
14,101040219,101040299,724024,MIR654
14,101049550,101049646,724025,MIR655
14,101066724,101066801,724026,MIR656
17,81125276,81125373,724027,MIR657
22,37844272,37844371,724028,MIR658
22,37847678,37847774,724029,MIR659
8,143945191,143945279,724031,MIR661
16,770183,770277,724032,MIR662
20,26208186,26208278,724033,MIR663A
17,8173454,8173587,727676,SNORD118
8,127289817,127482139,727677,CASC8
21,44989864,44994086,727699,LINC00163
18,109065,122219,727758,ROCK1P1
9,137220247,137221581,727800,RNF208
9,66986304,66992583,727830,SPATA31A3
15,20531856,20541800,727832,GOLGA6L6
2,112370092,112434488,727851,RGPD8
1,11869,14409,727856,DDX11L1
17,1270559,1271460,727857,BHLHA9
11,1223066,1262172,727897,MUC5B
9,60914374,60920650,727905,SPATA31A5
17,1702790,1710438,727910,TLCD2
15,86295649,86317173,727915,AGBL1-AS1
15,21552795,21653276,727924,LINC02203
3,72888073,72998138,727936,GXYLT2
2,490944,492655,727944,LINC01874
8,144148016,144261940,727957,MROH1
2,4628222,4656215,727982,LINC01249
20,1947246,2007517,727993,AL034562.1
6,99993944,100076413,728012,MCHR2-AS1
2,231706895,231713541,728026,PTMA
21,45070952,45074165,728039,SSR4P1
4,73508803,73534128,728040,AC074250.2
15,32445106,32455634,728047,GOLGA8O
4,181064089,181159149,728081,LINC00290
10,46375627,46537864,728113,ANXA8L1
1,32465069,32496686,728116,ZBTB8B
10,87225448,87236908,728118,NUTM2A
10,87357668,87370695,728130,NUTM2D
10,87203875,87342612,728190,NUTM2A-AS1
7,6754109,6799365,728194,RSPH10B2
13,107163510,107866735,728215,FAM155A
10,87397023,87424792,728218,LINC00864
17,41096981,41098141,728224,KRTAP4-8
20,4193065,4195943,728228,LINC01433
22,18527802,18530573,728229,TMEM191B
22,18533646,18577968,728233,PI4KAP1
17,41029697,41030104,728255,KRTAP1-4
16,19285739,19322145,728276,CLEC19A
17,41054498,41055230,728279,KRTAP2-2
3,80993868,81095647,728290,LINC02027
2,241734579,241768816,728294,D2HGDH
21,31038159,31038476,728299,KRTAP19-8
15,28841833,28848675,728310,GOLGA6L7P
17,41189887,41190639,728318,KRTAP9-1
5,69560208,69594723,728340,GTF2H2C
8,6996766,6999195,728358,DEFA1B
19,36111151,36113711,728361,OVOL3
4,9325165,9327116,728369,USP17L24
4,9329911,9331862,728373,USP17L25
2,130074030,130129222,728378,POTEF
4,9334658,9336609,728379,USP17L26
4,9339403,9340995,728386,USP17L5
4,9344148,9345740,728393,USP17L27
4,9348893,9350485,728400,USP17L28
4,9353638,9355230,728405,USP17L29
5,21341833,21589372,728411,GUSBP1
4,9363129,9364721,728419,USP17L30
1,37454879,37474411,728431,LINC01137
22,24583750,24629005,728441,GGT1
20,11800463,11870715,728450,LINC00687
1,218344196,218345678,728463,TGFB2-AS1
6,110245928,110358272,728464,METTL24
9,136359480,136363789,728489,DNLZ
5,70025247,70043113,728492,SERF1B
15,30604126,30614561,728498,GOLGA8H
2,97664217,97703064,728537,LINC01125
10,95753206,96090238,728558,ENTPD1-AS1
12,103950202,103965708,728568,C12orf73
9,41890314,42129510,728577,CNTNAP3B
5,127703389,127941634,728586,CCDC192
11,60729304,60744212,728588,AP004243.1
13,36222008,36297840,728591,CCDC169
2,3703592,3847411,728597,DCDC2C
18,26687621,26703638,728606,PCAT18
1,42463330,42654664,728621,CCDC30
14,23953586,23969279,728635,DHRS4
5,131806993,131945698,728637,MEIKIN
1,1702730,1724324,728642,CDK11A
10,96750288,96750899,728658,RPL13AP5
1,1659529,1692728,728661,SLC35E2B
16,28379579,28403879,728689,EIF3CL
8,129216467,129241250,728724,LINC00977
2,39436637,39665343,728730,AC007388.1
16,28637654,28658682,728734,NPIPB8
16,28342555,28363508,728741,NPIPB6
9,64369394,64413142,728747,ANKRD20A4
19,36489649,36491040,728752,AC092295.2
5,78342365,78360507,728769,SCAMP1-AS1
5,75611459,75671846,728780,ANKDD1B
2,43675151,43676322,728819,C1GALT1C1L
1,206186179,206204414,728833,FAM72A
1,120436353,120467739,728841,NBPF8
12,27081058,27082514,728858,C12orf71
20,25763466,25868225,728882,FAM182B
16,29381354,29404029,728888,NPIPB11
7,64307459,64354860,728927,ZNF736
18,47022287,47023927,728929,ELOA3B
1,144592868,144593527,728945,PPIAL4F
8,12104389,12115516,728957,ZNF705D
11,65177606,65181834,728975,AP003068.2
10,71217224,71218228,728978,UNC5B-AS1
11,10858259,10906802,729013,ZBED5-AS1
10,103245887,103248016,729020,RPEL1
12,16188485,16277685,729025,SLC15A5
1,23010834,23015850,729059,TEX46
3,42770612,42773635,729083,LINC02158
3,42979267,43060211,729085,FAM198A
10,73674285,73698159,729092,AGAP5
10,73699151,73730487,729096,BMS1P4
2,107823063,107826891,729121,RGPD4-AS1
7,66809993,66844826,729156,GTF2IRD1P1
3,46353734,46360928,729230,CCR2
13,57147488,57150509,729233,PRR20B
10,79555852,79560402,729238,SFTPA2
13,57140918,57157082,729240,PRR20C
13,57160632,57163653,729246,PRR20D
13,57167197,57170218,729250,PRR20E
10,79703227,79714681,729262,NUTM2B
16,32252719,32255922,729264,TP53TG3D
17,18658429,18682262,729288,ZNF286B
8,132024220,132059380,729330,OC90
2,66383306,66392450,729348,LINC01873
16,33360274,33363478,729355,TP53TG3B
19,4502180,4518465,729359,PLIN4
11,89924064,89933063,729384,TRIM49D2
13,75871038,75883811,729420,LMO7DN
7,74964818,75024798,729438,CASTOR2
19,45995461,46021318,729440,CCDC61
19,7049321,7051735,729458,MBD3L2
22,18361823,18391105,729461,LINC01660
1,59131936,59208121,729467,HSD52
2,17510584,17518439,729475,RAD51AP2
5,8333481,8457558,729506,LINC02226
6,157289386,157323601,729515,TMEM242
5,178764861,178818435,729522,AACSP1
1,13196330,13201409,729528,PRAMEF13
1,206186179,206204414,729533,FAM72A
2,110513812,110577185,729540,RGPD6
1,16673003,16673512,729574,FAM231A
1,16733952,16734461,729587,FAM231C
7,102347206,102356444,729597,SPDYE6
6,160093082,160096212,729603,AL353625.1
1,15834474,15848147,729614,FLJ37453
3,139005468,139006268,729627,PRR23A
16,2464950,2468213,729652,AC106820.2
14,59504539,59576831,729665,CCDC175
5,180830957,180835726,729678,LINC00847
2,24971390,25039694,729723,DNAJC27-AS1
8,12537079,12665588,729732,AC068587.6
15,74350768,74364620,729739,AC090826.1
19,12043805,12052939,729747,ZNF878
1,450740,451678,729759,OR4F29
15,20562375,20575696,729786,GOLGA8CP
4,151409216,151663632,729830,FAM160A1
7,7640711,7968020,729852,UMAD1
2,87755955,87825952,729857,RGPD2
1,160202199,160208869,729867,AL121987.2
17,38181659,38192541,729873,TBC1D3
17,36377531,36388423,729877,TBC1D3H
7,16087527,16421322,729920,ISPD
18,24628182,24662198,729950,LINC01915
19,55428740,55442863,729956,SHISA7
19,18207961,18255419,729966,PDE4C
2,38875962,38929072,729967,MORN2
1,94927566,94963270,729970,AC105942.1
19,55769141,55773179,729974,RFPL4AL1
1,98210747,98272658,729987,LINC01776
19,19176903,19192591,729991,BORCS8
16,12901620,13240413,729993,SHISA9
22,30522799,30546682,730005,SEC14L6
16,14820792,14824702,730013,ABCC6P2
19,57848731,57889074,730051,ZNF814
19,23914876,23945159,730087,ZNF726
3,156747346,156817062,730091,LINC00886
16,22007638,22087534,730094,C16orf52
9,34664163,34666112,730098,AL162231.1
2,51032601,52407917,730100,AC007402.1
1,178006136,178037950,730102,AL359075.1
9,35561831,35563899,730112,FAM166B
7,124030916,124033023,730130,TMEM229A
1,173635333,173637134,730159,BX248409.2
16,30697707,30699058,730183,AC093249.6
1,203298758,203305309,730227,LINC01136
13,76948497,76958642,730249,ACOD1
1,144372875,144373659,730262,PPIAL4E
7,64207090,64220508,730291,ZNF735
7,46673785,46759851,730338,AC011294.1
22,46006616,46010777,730668,BX537318.2
17,41059240,41060114,730755,KRTAP2-3
2,2319232,2327110,730811,MYT1L-AS1
5,90410000,90410669,731157,AC093510.1
2,101397361,101474703,731220,RFX8
1,243029512,243052252,731275,LINC01347
8,141340549,141344621,731779,LINC01300
6,40334954,40379887,732253,TDRG1
16,86331844,86349683,732275,LINC00917
11,62665309,62668496,751071,METTL12
16,2530035,2531417,752014,CEMP1
7,135927274,135927450,767558,LUZP6
14,100924824,100924892,767561,SNORD113-1
14,100927342,100927413,767562,SNORD113-2
14,100929919,100929990,767563,SNORD113-3
14,100936491,100936565,767564,SNORD113-4
14,100938187,100938264,767565,SNORD113-5
14,100939556,100939630,767566,SNORD113-6
14,100941126,100941202,767567,SNORD113-7
14,100943451,100943524,767568,SNORD113-8
14,100945649,100945720,767569,SNORD113-9
14,100949833,100949904,767577,SNORD114-1
14,100951856,100951933,767578,SNORD114-2
14,100953349,100953423,767579,SNORD114-3
14,100955370,100955439,767581,SNORD114-5
14,100957166,100957237,767582,SNORD114-6
14,100963054,100963130,767583,SNORD114-7
14,100966029,100966100,767585,SNORD114-9
14,100967052,100967123,767588,SNORD114-10
14,100968111,100968185,767589,SNORD114-11
14,100968948,100969022,767590,SNORD114-12
14,100969879,100969952,767591,SNORD114-13
14,100972103,100972177,767592,SNORD114-14
14,100972670,100972741,767593,SNORD114-15
14,100973595,100973664,767594,SNORD114-16
14,100974806,100974880,767595,SNORD114-17
14,100975825,100975896,767596,SNORD114-18
14,100976477,100976551,767597,SNORD114-19
14,100981004,100981075,767598,SNORD114-20
14,100981975,100982046,767599,SNORD114-21
14,100982926,100982997,767600,SNORD114-22
14,100983876,100983947,767603,SNORD114-23
14,100984777,100984848,767604,SNORD114-24
14,100986057,100986128,767605,SNORD114-25
14,100987046,100987117,767606,SNORD114-26
14,100988161,100988230,767608,SNORD114-27
14,100989130,100989201,767609,SNORD114-28
14,100990091,100990160,767610,SNORD114-29
14,100991919,100991990,767611,SNORD114-30
14,100993236,100993310,767612,SNORD114-31
1,120432204,120434052,767846,PFN1P2
20,63095493,63102319,768097,HAR1B
17,76527586,76553578,768206,PRCD
4,37590800,37686376,768211,RELL1
14,101026020,101026107,768212,MIR758
7,151238421,151238538,768213,MIR671
14,101055258,101055323,768214,MIR668
17,59137758,59137872,768216,MIR454
19,46018932,46019049,768217,MIR769
21,35720715,35720808,768219,MIR802
1,156936131,156936244,768220,MIR765
14,100852390,100852487,768222,MIR770
4,7430294,7434973,768239,PSAPL1
16,10760919,10818794,780776,TVP23A
17,19188016,19188714,780851,SNORD3A
17,19063346,19064136,780852,SNORD3B-2
17,19189665,19190245,780853,SNORD3C
17,19112420,19112636,780854,SNORD3D
3,54632122,54639857,790952,ESRG
11,62670273,62673687,790955,UQCC3
15,24493137,24652130,791114,PWRN1
21,8256781,8256933,100008587,RNA5-8S5
3,101676475,101679217,100009676,ZBTB11-AS1
15,25051477,25051571,100033413,SNORD116-1
15,25054210,25054304,100033414,SNORD116-2
15,25056860,25056954,100033415,SNORD116-3
15,25062333,25062427,100033417,SNORD116-5
15,25065026,25065121,100033418,SNORD116-6
15,25067788,25067882,100033419,SNORD116-7
15,25070432,25070526,100033420,SNORD116-8
15,25073107,25073201,100033421,SNORD116-9
15,25074114,25074215,100033422,SNORD116-10
15,25075929,25076020,100033423,SNORD116-11
15,25077051,25077142,100033424,SNORD116-12
15,25079058,25079149,100033425,SNORD116-13
15,25080142,25080233,100033426,SNORD116-14
15,25081287,25081378,100033427,SNORD116-15
15,25082768,25082859,100033428,SNORD116-16
15,25085385,25085476,100033430,SNORD116-18
15,25089923,25090014,100033433,SNORD116-22
15,25091786,25091877,100033434,SNORD116-23
15,25094037,25094128,100033435,SNORD116-24
15,25097663,25097754,100033436,SNORD116-25
15,25172635,25172716,100033437,SNORD115-2
15,25174927,25175008,100033440,SNORD115-3
15,25176832,25176913,100033441,SNORD115-4
15,25178738,25178819,100033442,SNORD115-5
15,25180497,25180578,100033443,SNORD115-6
15,25182385,25182466,100033444,SNORD115-7
15,25184306,25184387,100033445,SNORD115-8
15,25185631,25185712,100033446,SNORD115-9
15,25187536,25187616,100033447,SNORD115-10
15,25189414,25189495,100033448,SNORD115-11
15,25191416,25191497,100033449,SNORD115-12
15,25193321,25193402,100033450,SNORD115-13
15,25194921,25195001,100033451,SNORD115-14
15,25197576,25197656,100033453,SNORD115-15
15,25199448,25199529,100033454,SNORD115-16
15,25201323,25201404,100033455,SNORD115-17
15,25203227,25203308,100033456,SNORD115-18
15,25204357,25204438,100033458,SNORD115-19
15,25206262,25206343,100033460,SNORD115-20
15,25208083,25208163,100033603,SNORD115-21
15,25209918,25209999,100033799,SNORD115-22
15,25211796,25211877,100033800,SNORD115-23
15,25215541,25215622,100033801,SNORD115-25
15,25218617,25218698,100033802,SNORD115-26
15,25223246,25223327,100033803,SNORD115-29
15,25225203,25225284,100033804,SNORD115-30
15,25227109,25227190,100033805,SNORD115-31
15,25228967,25229048,100033806,SNORD115-32
15,25230838,25230919,100033807,SNORD115-33
15,25232387,25232468,100033808,SNORD115-34
15,25234247,25234328,100033809,SNORD115-35
15,25236085,25236166,100033810,SNORD115-36
15,25237986,25238067,100033811,SNORD115-37
15,25239838,25239919,100033812,SNORD115-38
15,25241746,25241827,100033813,SNORD115-39
15,25243614,25243695,100033814,SNORD115-40
15,25245478,25245559,100033815,SNORD115-41
15,25247345,25247426,100033816,SNORD115-42
15,25249198,25249279,100033817,SNORD115-43
15,25250859,25250940,100033818,SNORD115-44
11,1996759,1996831,100033819,MIR675
15,25106521,25106603,100033821,SNORD116-29
15,25269783,25269858,100033822,SNORD115-48
15,25220497,25220578,100036564,SNORD115-27
15,25222348,25222428,100036565,SNORD115-28
22,23971365,23980469,100037417,DDT
10,101089321,101131126,100038246,TLX1NB
9,21994778,22121097,100048912,CDKN2B-AS1
19,51642553,51646801,100049587,SIGLEC14
12,630891,663706,100049716,AC021054.1
19,56840902,56848556,100073347,MIMT1
4,118278709,118279823,100093630,SNHG8
7,73154938,73207283,100093631,GTF2IP4
7,75416787,75486271,100101267,POM121C
18,35251058,35290245,100101467,ZSCAN30
9,33952769,33952850,100113379,SNORD121A
22,29333163,29333258,100113380,SNORD125
20,63953384,63956985,100113386,UCKL1-AS1
6,104864464,104941447,100113403,LIN28B-AS1
9,13927971,13945610,100113404,LINC00583
6,11538278,11583524,100113407,TMEM170B
15,101954885,101956412,100124412,FAM138E
9,92292461,92292593,100124534,SNORA84
2,69520043,69520174,100124535,SNORA36C
17,67740669,67740799,100124536,SNORA38B
2,61417244,61417378,100124537,SNORA70B
9,117181066,117181200,100124538,SNORA70C
14,91126425,91126553,100124539,SNORA11B
12,53962308,53974956,100124700,HOTAIR
19,10304803,10309880,100125288,ZGLP1
3,125916620,125930024,100125556,FAM86JP
20,58818226,58818313,100126296,MIR298
14,101041363,101041445,100126297,MIR300
14,101064495,101064578,100126308,MIR541
8,99536786,99536861,100126309,MIR875
9,28863626,28863706,100126310,MIR876
15,45433050,45433129,100126311,MIR147B
17,12081899,12081996,100126313,MIR744
6,30584332,30584417,100126314,MIR877
14,100875033,100875104,100126315,MIR665
9,28888879,28888955,100126316,MIR873
22,21652981,21653058,100126318,MIR301B
2,56000714,56000795,100126319,MIR216B
12,24212421,24212495,100126320,MIR920
3,197674496,197674576,100126321,MIR922
18,39622123,39622175,100126323,MIR924
19,53982307,53982397,100126325,MIR935
10,104048089,104048186,100126326,MIR936
10,29602264,29602346,100126327,MIR938
16,2271747,2271840,100126328,MIR940
20,63919449,63919520,100126329,MIR941-1
20,63919756,63919827,100126330,MIR941-4
1,117094643,117094728,100126331,MIR942
4,1986384,1986477,100126332,MIR943
11,79402022,79402109,100126333,MIR708
3,10394489,10394562,100126334,MIR885
14,101031987,101032064,100126335,MIR543
14,23417987,23418063,100126336,MIR208B
8,143812957,143813042,100126338,MIR937
20,63919505,63919576,100126339,MIR941-2
3,189829922,189830009,100126340,MIR944
5,137647572,137647649,100126343,MIR874
14,101047901,101047979,100126345,MIR889
1,154193665,154193743,100126346,MIR190B
5,15935182,15935260,100126347,MIR887
1,93846832,93846911,100126348,MIR760
1,166154743,166154798,100126349,MIR921
2,175167633,175167709,100126350,MIR933
8,144394149,144394230,100126351,MIR939
20,63919561,63919632,100126352,MIR941-3
4,110860582,110860647,100126354,MIR297
16,14309285,14309371,100126355,MIR365A
17,31575411,31575521,100126356,MIR365B
3,4749192,4751590,100126791,EGOT
3,10285754,10293449,100126793,GHRLOS
5,129748079,129766732,100127206,KIAA1024L
20,62663019,62666724,100127888,SLCO4A1-AS1
7,43117896,43163187,100127950,HECW1-IT1
12,52601467,52615305,100127967,KRT73-AS1
8,90958637,90985257,100127983,C8orf88
17,12760140,12790242,100128006,AC005358.2
3,149657020,149661364,100128025,WWTR1-AS1
10,94279277,94287478,100128054,PLCE1-AS1
1,32361270,32364278,100128071,FAM229A
10,17386936,17413503,100128098,ST8SIA6-AS1
8,73420004,73441526,100128126,STAU2-AS1
19,22532626,22533494,100128139,LINC01233
3,169939353,169966734,100128164,AC008040.1
12,98512973,98516422,100128191,TMPO-AS1
14,65212893,65222347,100128233,LINC02324
11,134032272,134046849,100128239,AP000911.1
7,155067067,155071557,100128264,HTR5A-AS1
7,81489204,81691406,100128317,AC008163.1
6,116494989,116545610,100128327,TRAPPC3L
8,143734140,143790644,100128338,IQANK1
9,113103338,113111500,100128385,FAM225B
11,100684162,100687955,100128386,AP001351.1
19,58002061,58011232,100128398,AC008969.1
11,72014291,72020910,100128494,AP002490.1
9,116504283,116562293,100128505,ASTN2-AS1
22,25102433,25112692,100128531,AL022323.1
7,144183466,144186053,100128553,CTAGE4
12,126442481,126472790,100128554,LINC02347
19,5978403,6020363,100128568,AC011444.1
19,3539154,3544030,100128569,C19orf71
2,39786453,40255209,100128590,SLC8A1-AS1
3,38451027,38454820,100128640,ACVR2B-AS1
19,35059059,35106304,100128675,HPN-AS1
19,35399511,35419385,100128682,LINC01531
15,25902360,26053120,100128714,LINC02346
2,27070472,27071773,100128731,OST4
8,30382119,30385401,100128750,RBPMS-AS1
16,3032481,3039133,100128770,AC108134.1
9,95759231,95875977,100128782,LINC00476
16,2737076,2752600,100128788,SRRM2-AS1
10,25158072,25176276,100128811,GPR158-AS1
16,89711856,89718165,100128881,VPS9D1-AS1
8,7301611,7355354,100128890,FAM66B
18,22166898,22168968,100128893,GATA6-AS1
2,174025280,174027163,100128905,LINC01960
14,104800596,104804712,100128927,ZBTB42
22,48866770,48898386,100128946,LINC01310
17,45799390,45895630,100128977,MAPT-AS1
21,45827961,45836419,100129027,AL592528.1
2,158658337,158735002,100129029,PKP4-AS1
3,50116022,50156085,100129060,SEMA3F-AS1
9,89639814,89719759,100129066,UNQ6494
14,55499278,55580110,100129075,KTN1-AS1
6,73223544,73225770,100129128,KHDC1L
1,104072983,104226678,100129138,AC092506.1
2,219002215,219015721,100129175,AC097468.1
6,28121795,28137293,100129195,ZSCAN16-AS1
1,30718504,30726827,100129196,MATN1-AS1
10,18001786,18010562,100129213,SLC39A12-AS1
16,87693537,87696147,100129215,AC010536.1
11,71878453,71884561,100129216,AP002495.1
9,32551144,32567005,100129250,SMIM27
1,152719522,152720470,100129271,C1orf68
2,21123917,21143272,100129278,TDRD15
14,97632647,97686658,100129345,LINC02291
9,91119062,91182762,100129347,LINC00484
12,11171222,11176016,100129361,SMIM10L1
9,16203935,16276313,100129385,C9orf92
17,18524566,18526846,100129396,FAM106A
7,50531759,50543463,100129427,DDC-AS1
2,56173534,56185770,100129434,AC007743.1
3,12514934,12561059,100129480,MKRN2OS
10,42513510,42552822,100129482,ZNF37BP
7,5426277,5428927,100129484,AC092171.3
17,81003335,81005132,100129503,AC127496.7
3,197505262,197506986,100129516,LINC02012
6,159669057,159762529,100129518,SOD2
1,2350414,2352820,100129534,AL513477.1
19,23075210,23147219,100129543,ZNF730
3,122886941,122892416,100129550,LINC02035
4,76214040,76283780,100129583,FAM47E
13,48576974,48578088,100129597,LINC00462
1,99004276,99148852,100129620,AL445433.2
8,66946501,66962590,100129654,TCF24
9,24542952,24545946,100129669,IZUMO3
5,91380349,91439085,100129716,ARRDC3-AS1
9,137250219,137253497,100129722,STPG3-AS1
2,43227210,43228855,100129726,LINC01126
5,42756801,42802360,100129792,CCDC152
14,37171888,37173811,100129794,SLC25A21-AS1
11,10541272,10599932,100129827,MRVI1-AS1
19,20535825,20565809,100129842,ZNF737
7,100589402,100604206,100129845,PCOLCE-AS1
4,140283724,140373381,100129858,SCOC-AS1
4,762387,781849,100129917,AC139887.2
1,42785007,42816619,100129924,TMEM269
4,7030554,7046231,100129931,AC097382.2
19,39638685,39642401,100129935,AC005176.1
12,65851340,65882167,100129940,AC090673.1
9,34889064,34895778,100129969,FAM205C
2,27705786,27715732,100129995,LINC01460
16,90039761,90047773,100130015,URAHP
4,68182292,68212470,100130017,FTLP10
15,29674990,29680957,100130111,AC022613.1
17,45895783,45898798,100130148,MAPT-IT1
1,46674036,46692098,100130197,EFCAB14-AS1
8,125922308,125951249,100130231,LINC00861
20,19242302,19284596,100130264,AL049647.1
8,143706694,143708109,100130274,CCDC166
8,73241329,73259502,100130301,C8orf89
17,4899418,4902932,100130311,C17orf107
1,237862175,237928321,100130331,AL359924.1
11,65084979,65089375,100130348,TMEM262
13,113748511,113751089,100130386,LINC00552
1,916865,921016,100130417,AL645608.1
22,17036570,17060825,100130418,CECR7
2,240449315,240456714,100130449,PP14571
6,137823673,137868233,100130476,AL357060.3
18,6511416,6590653,100130480,LINC01387
19,17435509,17448567,100130519,TMEM221
18,80147924,80178432,100130522,PARD6G-AS1
10,44292569,44294649,100130539,C10orf142
9,134054290,134058805,100130548,AL445931.1
20,63359988,63371177,100130587,AL121827.1
2,177283508,177392691,100130691,AC019080.1
7,128866308,128872044,100130705,AC025594.3
22,17159384,17165445,100130717,HDHD5-AS1
5,62578735,62581448,100130733,LRRC70
8,91101832,91219236,100130742,LRRC69
12,57726271,57728356,100130776,AGAP2-AS1
19,55540656,55545543,100130827,SBK3
7,56875385,56882146,100130849,AC118758.1
10,121928312,121951965,100130887,ATE1-AS1
6,31173735,31177899,100130889,PSORS1C3
6,99520693,99531918,100130890,TSTD3
16,70755098,70773251,100130894,VAC14-AS1
17,75646243,75647977,100130933,SMIM6
17,5192084,5248069,100130950,AC087500.1
9,135574935,135587112,100130954,LINC01502
16,77199397,77213215,100130958,SYCE1L
7,50096036,50159830,100130988,C7orf72
7,6637322,6656432,100131017,ZNF316
5,81204084,81301560,100131067,CKMT2-AS1
15,40039311,40067290,100131089,SRP14-AS1
17,78107398,78111799,100131096,TNRC6C-AS1
3,114351811,114388978,100131117,ZBTB20-AS1
19,47968046,47992170,100131137,BSPH1
12,110936585,110958208,100131138,LINC01405
7,151409161,151413354,100131176,WDR86-AS1
1,161037631,161038990,100131187,TSTD1
9,136803927,136808848,100131193,CCDC183-AS1
20,10021978,10368776,100131208,SNAP25-AS1
2,190504342,190534722,100131211,NEMP2
10,75401519,75408982,100131213,ZNF503-AS2
15,40281444,40282586,100131244,ANKRD63
16,68013436,68015911,100131303,AC040162.4
15,32717270,32719007,100131315,AC090877.2
2,129966592,129980466,100131320,RAB6C-AS1
17,39057019,39113190,100131347,AC091178.1
14,103187221,103189028,100131366,LINC00605
11,33698261,33700801,100131378,C11orf91
2,174334946,174338492,100131390,SP9
17,74579365,74592283,100131439,CD300LD
20,47318502,47320754,100131496,AL031666.2
11,71814045,71821548,100131539,ZNF705E
8,7539628,7542450,100131608,PRR23D1
3,187702313,187733849,100131635,AC072022.2
18,76794732,76822295,100131655,AC027575.2
19,58559129,58574797,100131691,MZF1-AS1
8,123201172,123202743,100131726,FAM83A-AS1
19,7629737,7631956,100131801,PET100
6,135497801,135716055,100131814,LINC00271
3,75709643,75785583,100131827,ZNF717
5,169864264,169980740,100131897,FAM196B
21,30289145,30289514,100131902,KRTAP25-1
8,7355517,7385558,100131980,ZNF705G
9,67717411,67719178,100131997,FAM27E3
9,94332476,94360948,100132077,AL691447.2
11,111414242,111418186,100132078,AP002008.3
8,7955014,8008755,100132103,FAM66E
3,46612435,46626543,100132146,FAM240A
1,16533886,16536172,100132147,LINC01783
16,22910,25123,100132169,WASIR2
17,77722872,77728559,100132174,LINC01987
2,63043922,63048640,100132215,AC009501.1
13,27953526,27955370,100132234,LINC00543
16,22479121,22536521,100132247,NPIPB5
9,41269916,41273997,100132249,AL845472.1
21,9068361,9129752,100132288,TEKT4P2
16,31700590,31711986,100132341,CLUHP3
17,41105332,41106488,100132386,KRTAP4-9
8,7926337,7952413,100132396,ZNF705B
1,146064699,146144804,100132406,NBPF10
4,183321764,183322426,100132463,CLDN24
11,1683269,1685629,100132464,FAM99B
17,41084150,41085141,100132476,KRTAP4-7
3,13933056,13937477,100132526,FGD5P1
12,95551582,95673999,100132594,PGAM1P5
14,97749264,97763989,100132612,LINC02312
3,49549306,49554366,100132677,BSN-AS2
11,112260265,112261396,100132686,AP002884.5
7,154928498,154949908,100132707,PAXIP1-AS2
2,130680050,130685863,100132708,CYP4F30P
8,71828167,72118393,100132891,MSC-AS1
5,64690308,64718090,100132916,FAM159B
15,23157366,23170711,100132979,GOLGA8EP
10,78179185,78551355,100132987,LINC00856
9,40321299,40329221,100133036,FAM95B1
9,137867925,137892570,100133077,AL772363.1
7,76549360,76627982,100133091,AC004980.1
10,47487219,47491693,100133093,FAM25G
6,26956992,27023924,100133205,LINC00240
15,85240472,85247170,100133220,GOLGA6L3
8,55449509,55455139,100133234,SBF1P1
8,7778591,7781413,100133251,PRR23D2
8,12064389,12071747,100133267,AC130366.1
21,36069642,36126640,100133286,AP000688.1
1,16539066,16539575,100133301,FAM231B
7,27129977,27155928,100133311,HOXA-AS3
17,69232963,69235012,100133319,PRO1804
4,3673593,3677855,100133461,LINC02171
11,1983237,1989920,100133545,MRPL23-AS1
1,3900372,3917225,100133612,LINC01134
2,94575976,94587183,100133920,AL845331.3
6,106969831,106975627,100133941,CD24
2,70124036,70125317,100133985,LINC01816
17,45247925,45268630,100133991,MAP3K14-AS1
20,3106913,3150867,100134015,UBOX5-AS1
7,140177261,140179640,100134229,JHDM1D-AS1
2,46816697,46859007,100134259,LINC01119
16,382097,392960,100134368,Z97634.1
17,21692523,21704612,100134444,KCNJ18
7,140695336,140697077,100134713,NDUFB2-AS1
15,82355142,82420075,100134869,UBE2Q2P2
17,75979220,76000586,100134934,TEN1
7,102637025,102642791,100134938,UPK3BL1
15,41828085,41837581,100137047,JMJD7
15,41837775,41848147,100137049,PLA2G4B
17,78146353,78166177,100141515,C17orf99
7,144266701,144269288,100142659,CTAGE8
20,63038011,63053863,100144597,LINC01056
4,65669961,65698029,100144602,EPHA5-AS1
22,50583026,50583877,100144603,CHKB-AS1
10,87859161,87863437,100144748,KLLN
12,6943816,6943878,100147744,RNU7-1
2,121530881,121531007,100151683,RNU4ATAC
9,134164439,134164564,100151684,RNU6ATAC
11,93721513,93721865,100158262,SCARNA9
1,228610268,228610386,100169751,RNA5S1
10,125574371,125578445,100169752,TEX36-AS1
1,228612509,228612627,100169753,RNA5S2
1,228614750,228614868,100169754,RNA5S3
1,228616991,228617109,100169755,RNA5S4
1,228619232,228619350,100169756,RNA5S5
1,228621447,228621565,100169757,RNA5S6
1,228623667,228623785,100169758,RNA5S7
1,228625909,228626027,100169759,RNA5S8
1,228628148,228628266,100169760,RNA5S9
1,228630390,228630508,100169761,RNA5S10
1,228632631,228632749,100169762,RNA5S11
1,228634871,228634989,100169763,RNA5S12
1,228637096,228637214,100169764,RNA5S13
1,228639337,228639455,100169765,RNA5S14
1,228641568,228641686,100169766,RNA5S15
1,228643809,228643927,100169767,RNA5S16
1,228646040,228646158,100169768,RNA5S17
11,125788111,125791600,100169851,PATE3
2,63117851,63119542,100169989,DBIL5P2
19,43596617,43614497,100170229,SRRM5
19,41443158,41444765,100170765,ERICH4
17,38671703,38675421,100170841,EPOP
3,184241405,184241489,100187716,MIR1224
16,2090195,2090284,100188847,MIR1225
6,41787662,41789898,100188893,TOMM6
13,30340270,30377145,100188949,LINC00426
9,96019732,96027965,100188953,LINC00092
2,74385486,74393882,100189589,DCTN1-AS1
17,42753914,42761257,100190938,RAMP2-AS1
5,157671553,157680143,100190949,C5orf52
1,151837819,151840557,100191040,C2CD4D
8,76491200,76683278,100192378,ZFHX4-AS1
4,121764585,121766814,100192379,PP12613
20,63253978,63261615,100192386,FLJ16779
22,18029385,18037968,100192420,LINC01634
18,8360820,8367034,100192426,AP001094.3
10,4650185,4678154,100216001,LINC00704
21,9068361,9129752,100233156,TEKT4P2
12,47205898,47216456,100233209,PCED1B-AS1
7,56482105,56483295,100240728,AC092447.4
12,54082118,54102693,100240734,AC023794.2
12,54076838,54081903,100240735,AC023794.3
5,172954786,172959392,100268168,AC008429.1
20,22054090,22074654,100270679,LINC01432
8,127686343,127733967,100270680,CASC11
12,1929202,1936574,100271702,LINC00940
2,38889880,38975449,100271715,ARHGEF33
19,53044738,53051076,100271846,ERVV-2
19,19145568,19170289,100271849,MEF2B
6,160003291,160007664,100271873,AIRN
7,102482445,102517781,100271927,RASA4B
12,49828542,49841143,100286844,BCDIN3D-AS1
2,233754305,233755345,100286922,AC114812.1
2,86861825,86922693,100286979,ANAPC1P1
8,12182096,12194133,100287013,FAM86B1
8,6403551,6407142,100287015,AC016065.1
16,11555,14090,100287029,DDX11L10
17,75271369,75273895,100287042,AC022211.2
18,8695856,8707621,100287082,GACAT2
8,6987178,6989721,100287083,DEFT1P
1,11869,14409,100287102,DDX11L1
13,19345049,19346749,100287114,LINC00421
4,9210657,9212608,100287144,USP17L10
9,14521,29739,100287171,WASHC1
16,636817,648474,100287175,MCRIP2
19,45641494,45642840,100287177,EML2-AS1
4,9215405,9217356,100287178,USP17L11
4,9220152,9221744,100287205,USP17L12
18,51346249,51643939,100287225,LINC01630
19,22286408,22317176,100287226,ZNF729
4,9224896,9226847,100287238,USP17L13
12,27762738,27771276,100287284,MANSC4
4,9243879,9245830,100287327,USP17L17
4,9248630,9250581,100287364,USP17L18
6,108123515,108159392,100287366,OSTM1-AS1
15,20835372,20866314,100287399,POTEB2
4,9253378,9255329,100287404,USP17L19
11,58905398,59043527,100287413,GLYATL1
4,9258124,9260075,100287441,USP17L20
4,9262872,9264823,100287478,USP17L21
7,129502479,129512932,100287482,SMKR1
4,9267619,9269570,100287513,USP17L22
15,72782835,72798199,100287559,ADPGK-AS1
12,116533422,116536518,100287569,LINC00173
5,50969217,50970167,100287592,LINC02106
1,11869,14409,100287596,DDX11L1
15,73908071,73928248,100287616,LOXL1-AS1
3,95654423,95683193,100287639,MTHFD2P1
7,63348861,63351774,100287704,AC006455.5
6,46746917,46759506,100287718,ANKRD66
1,113856635,113901237,100287722,AP4B1-AS1
20,37676910,37683234,100287792,AL162293.1
1,231591292,231612090,100287814,LINC00582
7,63348861,63351774,100287834,AC006455.5
3,64078361,64087363,100287879,LINC00994
1,2635976,2801717,100287898,TTC34
1,236523052,236524508,100287902,LGALS8-AS1
10,45972449,46003734,100287932,TIMM23
12,106495958,106774918,100287944,AC079385.1
1,181236388,181238604,100287948,LINC01699
11,102746968,102836766,100288077,WTAPP1
1,185321157,185335039,100288079,GS1-279B7.1
18,13419421,13427480,100288122,LDLRAD4-AS1
19,1822089,1824542,100288123,AC012615.6
1,145289900,145405778,100288142,NBPF20
1,1059734,1069355,100288175,AL390719.1
8,142702252,142726973,100288181,AC108002.1
6,79233718,79236797,100288198,HMGN3-AS1
13,74412957,74419115,100288208,AL355390.1
21,30590105,30590397,100288287,KRTAP22-2
21,30718525,30718777,100288323,KRTAP21-3
16,15363624,15381047,100288332,NPIPA5
15,30572738,30600647,100288380,ULK4P2
4,52722618,52751640,100288413,ERVMER34-1
3,7952805,8611924,100288428,LMCD1-AS1
10,37601440,37602974,100288485,MTRNR2L7
15,101976558,101979093,100288486,DDX11L9
4,9234385,9236334,100288520,USP17L15
7,290170,294422,100288524,AC187653.1
8,85826865,85828467,100288527,REXO1L6P
15,30624494,30772993,100288637,ARHGAP11B
4,190173774,190185942,100288687,DUX4
2,110446640,110473075,100288695,LIMS4
8,94637285,94639467,100288748,AC108860.2
12,14522,32015,100288778,AC215219.1
20,2816302,2820284,100288797,TMEM239
3,75664330,75667220,100288801,FRG2C
3,9216895,9219508,100288831,SRGAP3-AS3
14,39265703,39267061,100288846,AL132639.2
17,49505657,49574064,100288866,AC006487.1
16,28878957,28879920,100289092,ATP2A1-AS1
20,28580709,28602664,100289097,FRG1CP
7,66493706,66495474,100289098,GS1-124K5.4
9,38540567,38545372,100289137,FAM95C
1,67832303,68202987,100289178,GNG12-AS1
7,99598066,99610813,100289187,TMEM225B
1,147258885,147517875,100289211,LINC00624
13,95648733,95676925,100289274,DNAJC3-AS1
9,61330717,61453030,100289279,BX088645.1
9,137084946,137086817,100289341,MAN1B1-AS1
13,99196377,99200710,100289373,UBAC2-AS1
11,78139771,78175323,100289388,KCTD21-AS1
8,7414860,7416863,100289462,DEFB4B
20,1767957,1779995,100289473,AL109809.1
12,132918308,132956306,100289635,ZNF605
19,42821863,42826878,100289650,PSG8-AS1
15,28788243,28792002,100289656,AC055876.1
7,149262171,149297302,100289678,ZNF783
19,57819741,57846238,100293516,ZNF587B
17,80351828,80415168,100294362,AC124319.2
6,136982165,136993234,100294720,NHEG1
3,71541970,71542089,100302112,MIR1284
7,36919357,36919432,100302113,MIR1200
10,14436576,14436661,100302116,MIR1265
1,116671749,116671827,100302117,MIR320B1
22,20249134,20249211,100302118,MIR1286
16,69565808,69565868,100302119,MIR1538
15,85770496,85770578,100302121,MIR1276
7,21471058,21471146,100302122,MIR1183
6,33999972,34000051,100302123,MIR1275
17,16282014,16282088,100302124,MIR1288
20,35453954,35454097,100302125,MIR1289-1
2,231892242,231892298,100302126,MIR1471
19,15449548,15449608,100302127,MIR1470
2,113582959,113583096,100302128,MIR1302-3
10,21496562,21496641,100302129,MIR1915
2,207269275,207269424,100302130,MIR1302-4
18,30298910,30298960,100302131,MIR302F
1,231019828,231019924,100302132,MIR1182
10,98395218,98395307,100302133,MIR1287
5,133427596,133427706,100302134,MIR1289-2
18,21683510,21683597,100302135,MIR320C1
12,79419257,79419321,100302136,MIR1252
20,63941465,63941544,100302137,MIR1914
20,2652777,2652842,100302138,MIR1292
1,235853000,235853060,100302139,MIR1537
7,18127220,18127309,100302140,MIR1302-6
6,166509354,166509433,100302141,MIR1913
2,176600980,176601052,100302142,MIR1246
3,186786672,186786777,100302143,MIR1248
14,101560287,101560422,100302145,MIR1247
20,50614636,50614785,100302146,MIR1302-5
8,141786242,141786313,100302147,MIR1302-7
3,164171471,164171556,100302148,MIR1263
22,45200954,45201019,100302149,MIR1249
10,63372957,63373048,100302150,MIR1296
7,34940760,34940834,100302152,MIR548N
1,20988314,20988432,100302155,MIR1256
5,179798278,179798346,100302156,MIR1229
14,101042977,101043062,100302157,MIR1185-1
1,201808611,201808702,100302158,MIR1231
5,110513829,110513915,100302159,MIR548F3
15,34382069,34382150,100302160,MIR1233-1
8,127960633,127960695,100302161,MIR1205
1,193136503,193136583,100302163,MIR1278
6,98024531,98024621,100302164,MIR2113
8,100023982,100024084,100302165,MIR1273A
8,10825373,10825443,100302166,MIR1322
9,40929010,40929092,100302167,MIR1299
20,61953546,61953662,100302168,MIR1257
8,128008898,128008956,100302170,MIR1206
2,179860836,179860908,100302172,MIR1258
10,103394253,103394401,100302174,MIR1307
8,128049152,128049238,100302175,MIR1207
4,66276824,66276928,100302177,MIR1269A
1,171101728,171101806,100302178,MIR1295A
19,20399272,20399354,100302179,MIR1270
5,154347106,154347247,100302181,MIR1294
12,69273157,69273218,100302182,MIR1279
20,32237795,32237847,100302183,MIR1825
15,64762387,64762515,100302184,MIR1272
8,127795962,127796028,100302185,MIR1204
8,8088941,8089089,100302186,MIR548I3
13,54311972,54312048,100302187,MIR1297
4,113106863,113106955,100302188,MIR1243
1,26554542,26554593,100302190,MIR1976
10,54607874,54607957,100302192,MIR548F1
4,101330302,101330414,100302193,MIR1255A
18,24321686,24321735,100302195,MIR320C2
8,144400086,144400165,100302196,MIR1234
22,20086058,20086142,100302197,MIR1306
12,57194504,57194576,100302201,MIR1228
15,52277117,52277200,100302202,MIR1266
5,176367946,176368031,100302203,MIR1271
3,125790404,125790552,100302204,MIR548I1
19,53758232,53758318,100302205,MIR1283-2
17,2748078,2748182,100302208,MIR1253
14,101044198,101044283,100302209,MIR1185-2
19,1816159,1816238,100302210,MIR1909
17,48156427,48156511,100302211,MIR1203
3,75630763,75630858,100302212,MIR1324
19,10403458,10403538,100302213,MIR1181
12,100189884,100189949,100302217,MIR1827
7,92204015,92204098,100302218,MIR1285-1
2,188978092,188978161,100302219,MIR1245A
12,50234142,50234212,100302220,MIR1293
12,48654444,48654530,100302221,MIR1291
9,97363554,97363681,100302223,MIR1302-8
10,114174105,114174179,100302224,MIR2110
8,112643493,112643583,100302225,MIR2053
19,10552122,10552204,100302226,MIR1238
12,112695034,112695176,100302227,MIR1302-1
11,90869121,90869202,100302228,MIR1261
17,81133196,81133308,100302229,MIR1250
3,47849555,47849629,100302232,MIR1226
15,22225278,22225329,100302233,MIR1268A
1,220200538,220200619,100302234,MIR664A
15,88608107,88608197,100302235,MIR1179
14,77266218,77266290,100302236,MIR1260A
22,41092513,41092566,100302237,MIR1281
5,168560904,168560965,100302238,MIR103B1
11,93733674,93733764,100302240,MIR1304
6,31956839,31956940,100302242,MIR1236
16,15010321,15010397,100302243,MIR1972-1
2,25328640,25328721,100302246,MIR1301
14,101025564,101025651,100302250,MIR1197
15,43793659,43793759,100302254,MIR1282
19,53671968,53672040,100302255,MIR1323
17,19344506,19344574,100302256,MIR1180
18,49487373,49487422,100302257,MIR1539
15,96333261,96333307,100302258,MIR1469
6,155946797,155946879,100302259,MIR1202
8,74705693,74705747,100302260,MIR2052
16,85741621,85741700,100302261,MIR1910
11,61815161,61815240,100302263,MIR1908
19,53688481,53688567,100302265,MIR1283-1
4,125507259,125507307,100302267,MIR2054
2,70252918,70253005,100302268,MIR1285-2
4,182169293,182169378,100302270,MIR1305
10,68759318,68759414,100302273,MIR1254-1
12,119713634,119713724,100302274,MIR1178
11,94466495,94466580,100302275,MIR548L
1,18897071,18897148,100302276,MIR1290
4,9556168,9556316,100302277,MIR548I2
1,30366,30503,100302278,MIR1302-2
1,68183518,68183610,100302279,MIR1262
11,64368602,64368703,100302280,MIR1237
8,128150116,128150188,100302281,MIR1208
20,3917502,3917563,100302282,MIR103B2
19,2234062,2234149,100302283,MIR1227
5,154685776,154685861,100302284,MIR1303
2,231713314,231713398,100302285,MIR1244-1
13,107531171,107531248,100302286,MIR1267
17,13543529,13543646,100302287,MIR548H3
5,100816482,100816565,100302288,MIR548P
12,97491909,97491978,100302289,MIR1251
4,116299725,116299768,100302290,MIR1973
1,178091508,178093984,100302401,RASAL2-AS1
3,106836811,107240641,100302640,LINC00882
2,53670293,53860160,100302652,GPR75-ASB3
1,234629311,234634780,100302691,LINC00184
5,115578642,115626161,100302736,TMED7-TICAM2
2,10446714,10446849,100302743,SNORA80B
2,144518097,144521477,100303491,ZEB2-AS1
20,18137873,18143169,100303755,PET117
17,1516931,1518096,100306951,PITPNA-AS1
7,102650325,102661398,100310812,SPDYE2B
7,6031376,6036386,100310846,ANKRD61
1,224257004,224257141,100313769,MIR320B2
11,70283955,70284070,100313770,MIR548K
2,212426263,212426360,100313771,MIR548F2
16,11306440,11306527,100313773,MIR548H2
11,7234766,7234837,100313774,MIR302E
11,43559656,43559753,100313777,MIR670
13,52810050,52810140,100313778,MIR759
17,43444806,43444885,100313779,MIR2117
9,94809962,94810057,100313780,MIR2278
4,36426366,36426428,100313806,MIR1255B1
2,132256966,132257080,100313824,MIR663B
7,102405742,102405855,100313829,MIR548O
14,64095024,64095125,100313830,MIR548H1
1,167998660,167998726,100313835,MIR1255B2
16,30893903,30893985,100313837,MIR762
3,48316360,48316459,100313840,MIR2115
10,12725254,12725353,100313841,MIR548Q
13,24162416,24162504,100313842,MIR2276
3,48578902,48578977,100313843,MIR711
8,27048853,27048963,100313884,MIR548H4
15,59171183,59171262,100313886,MIR2116
5,93620696,93620788,100313887,MIR2277
1,51836344,51836402,100313892,MIR761
7,147378017,147378121,100313895,MIR548F4
13,40727828,40727875,100313896,MIR320D1
22,26555212,26555323,100313914,MIR548J
10,110988926,110989013,100313921,MIR548E
5,55172262,55172353,100313923,MIR449C
4,147344629,147344717,100313938,MIR548G
7,100572228,100573820,100316904,SAP25
2,164687643,164687777,100337591,SNORA70F
12,68627234,68627375,100379132,SNORA70G
16,71698567,71698701,100379141,SNORA70D
20,14884253,14929515,100379174,MACROD2-AS1
4,1115197,1153726,100379220,TMED11P
19,44105463,44113145,100379224,AC021092.1
11,83041464,83041598,100379250,SNORA70E
21,29194071,29630751,100379661,BACH1
1,203795714,203854999,100381270,ZBED6
4,153640168,153681180,100419170,AC106865.1
4,190064502,190067864,100419743,DBET
19,28435388,28727680,100420587,AC005394.2
10,50021182,50067803,100421577,FAM21EP
6,106717452,106787541,100422737,AL080314.2
6,154853360,154853436,100422821,MIR1273C
11,81890741,81890836,100422823,MIR4300
2,177255945,177256010,100422824,MIR3128
11,46451807,46451887,100422825,MIR3160-2
4,7460028,7460118,100422826,MIR4274
11,46451805,46451889,100422827,MIR3160-1
8,27886039,27886116,100422828,MIR4287
18,44970082,44970166,100422829,MIR4319
14,27633205,27633278,100422830,MIR3171
9,30144,30281,100422831,MIR1302-9
19,47226944,47227019,100422832,MIR3191
19,18282077,18282161,100422833,MIR3188
15,101960459,101960596,100422834,MIR1302-10
17,1022476,1022559,100422835,MIR3183
16,18402178,18402271,100422836,MIR3180-3
14,101030052,101030129,100422837,MIR1193
20,62064802,62064885,100422838,MIR3195
1,170151378,170151462,100422839,MIR3119-2
18,6374361,6374425,100422840,MIR4317
15,90006755,90006841,100422841,MIR3174
9,95086014,95086094,100422842,MIR3074
10,14383200,14383277,100422843,MIR4293
15,21406385,21406459,100422844,MIR3118-3
15,34528290,34528371,100422845,MIR1233-2
11,69083176,69083258,100422846,MIR3164
7,63621090,63621169,100422848,MIR4283-2
4,173268160,173268233,100422849,MIR548T
8,17681578,17681657,100422850,MIR548V
17,77396984,77397054,100422851,MIR4316
1,159899979,159900079,100422852,MIR4259
16,83508346,83508408,100422853,MIR3182
19,813584,813653,100422854,MIR3187
11,113450023,113450088,100422855,MIR4301
1,241132272,241132346,100422856,MIR3123
18,37657135,37657215,100422857,MIR4318
7,102293103,102293187,100422858,MIR4285
3,69048958,69049035,100422859,MIR3136
9,136830957,136831023,100422860,MIR4292
13,99643059,99643149,100422861,MIR4306
2,11767444,11767525,100422862,MIR548S
2,109141490,109141588,100422863,MIR4265
3,124732439,124732516,100422864,MIR544B
18,50126499,50126563,100422865,MIR4320
1,23044305,23044372,100422866,MIR3115
10,130962588,130962668,100422867,MIR378C
3,15496239,15496308,100422868,MIR4270
9,18573306,18573379,100422869,MIR3152
16,14911220,14911313,100422870,MIR3180-1
1,66628440,66628517,100422871,MIR3117
12,9239467,9239551,100422872,MIR1244-3
10,129843299,129843374,100422873,MIR4297
5,31936102,31936159,100422874,MIR4279
20,18470615,18470691,100422875,MIR3192
8,29957272,29957348,100422876,MIR3148
13,41101019,41101100,100422878,MIR3168
1,248826377,248826443,100422879,MIR3124
11,59595077,59595158,100422880,MIR3162
13,98208524,98208600,100422881,MIR3170
1,172138808,172138888,100422882,MIR3120
20,57321502,57321591,100422883,MIR4325
6,57390132,57390212,100422884,MIR548U
5,118974586,118974670,100422885,MIR1244-2
16,16300159,16300242,100422886,MIR3179-2
5,87114879,87114954,100422887,MIR4280
2,79649294,79649359,100422888,MIR4264
20,51452905,51452977,100422889,MIR3194
21,30375294,30375378,100422891,MIR4327
10,96064315,96064399,100422892,MIR3157
9,128244947,128245030,100422893,MIR3154
1,209623444,209623510,100422894,MIR4260
10,48985512,48985587,100422895,MIR4294
4,152489327,152489416,100422896,MIR3140
12,25874020,25874079,100422897,MIR4302
1,37161563,37161634,100422898,MIR4255
19,47226942,47227021,100422899,MIR3190
10,101601417,101601497,100422900,MIR3158-1
3,20137565,20137641,100422901,MIR3135A
1,62078786,62078859,100422902,MIR3116-1
8,28505116,28505182,100422903,MIR4288
20,31607186,31607240,100422904,MIR3193
15,66040233,66040332,100422905,MIR4311
18,14830166,14830242,100422907,MIR3156-2
2,189133036,189133111,100422908,MIR3129
10,112634170,112634254,100422909,MIR4295
9,127785918,127786007,100422910,MIR2861
22,30731557,30731641,100422912,MIR3200
19,46709293,46709345,100422913,MIR320E
1,22863159,22863226,100422914,MIR4253
17,81125877,81125955,100422915,MIR3065
22,48274364,48274415,100422916,MIR3201
7,56955785,56955864,100422917,MIR4283-1
11,126988458,126988542,100422918,MIR3167
19,71973,72110,100422919,MIR1302-11
21,18686090,18686164,100422920,MIR548X
8,76966768,76966850,100422921,MIR3149
16,70030346,70030422,100422922,MIR1972-2
16,26025237,26025310,100422923,MIR548W
12,97995383,97995448,100422924,MIR4303
19,10230413,10230485,100422925,MIR4322
3,195134506,195134580,100422926,MIR3137
9,93819357,93819421,100422927,MIR4291
2,96798278,96798353,100422928,MIR3127
2,10192614,10192671,100422929,MIR4261
12,123010667,123010728,100422931,MIR4304
3,10330229,10330285,100422933,MIR378B
6,27147626,27147688,100422934,MIR3143
15,21843750,21843824,100422935,MIR3118-4
9,89312225,89312306,100422936,MIR3153
4,28819582,28819668,100422937,MIR4275
5,160474402,160474483,100422938,MIR3142
7,57405025,57405090,100422939,MIR3147
13,39664034,39664135,100422940,MIR4305
3,67225464,67225527,100422941,MIR4272
2,241477905,241477982,100422942,MIR3133
19,18386562,18386634,100422943,MIR3189
17,81451104,81451188,100422944,MIR3186
20,63286808,63286866,100422945,MIR4326
1,62078789,62078856,100422946,MIR3116-2
1,212077613,212077685,100422947,MIR3122
7,73711317,73711397,100422948,MIR4284
15,20832795,20832869,100422949,MIR3118-2
5,154596012,154596072,100422950,MIR3141
6,120015179,120015257,100422951,MIR3144
3,49274120,49274186,100422952,MIR4271
11,72072228,72072302,100422953,MIR3165
14,102539644,102539726,100422954,MIR4309
3,75738280,75738363,100422955,MIR4273
16,16309879,16309966,100422956,MIR3180-2
2,219058688,219058750,100422957,MIR3131
2,219906502,219906565,100422959,MIR4268
16,14901508,14901591,100422960,MIR3179-1
17,64822030,64822102,100422961,MIR4315-2
5,176629439,176629500,100422962,MIR4281
9,90023441,90023535,100422963,MIR4290
8,95072914,95072993,100422964,MIR3150A
2,27996367,27996449,100422965,MIR4263
5,1708785,1708868,100422966,MIR4277
7,19705358,19705436,100422967,MIR3146
1,3127975,3128035,100422968,MIR4251
17,37033745,37033813,100422969,MIR2909
1,10227718,10227803,100422970,MIR1273D
15,68801850,68801925,100422971,MIR4312
16,50742305,50742377,100422972,MIR3181
13,61199798,61199880,100422973,MIR3169
16,2531922,2532005,100422974,MIR3178
1,6429834,6429896,100422975,MIR4252
1,112461770,112461833,100422976,MIR4256
17,48724408,48724475,100422978,MIR3185
19,49308797,49308868,100422979,MIR4324
19,42133445,42133513,100422980,MIR4323
14,95137919,95137986,100422981,MIR3173
8,10666978,10667070,100422982,MIR4286
17,8088056,8088147,100422983,MIR4314
14,54878113,54878193,100422984,MIR4308
2,12737367,12737444,100422986,MIR3125
10,45164014,45164088,100422988,MIR3156-1
10,6152196,6152277,100422989,MIR3155A
3,15697298,15697371,100422990,MIR3134
11,96341438,96341526,100422991,MIR1260B
8,103154614,103154689,100422992,MIR3151
2,206783234,206783308,100422993,MIR3130-2
2,110069961,110070042,100422994,MIR4267
15,92904399,92904475,100422995,MIR3175
2,11836933,11836986,100422996,MIR4262
1,150551929,150552014,100422997,MIR4257
22,27920526,27920611,100422998,MIR3199-2
5,6827853,6827921,100422999,MIR4278
11,48096782,48096858,100423000,MIR3161
6,138435213,138435294,100423001,MIR3145
2,206783234,206783308,100423002,MIR3130-2
17,30117086,30117160,100423003,MIR3184
17,45475363,45475435,100423004,MIR4315-1
6,72967687,72967753,100423005,MIR4282
16,18411894,18411977,100423006,MIR3179-3
21,13644775,13644850,100423008,MIR3118-1
1,170151378,170151462,100423010,MIR3119-2
4,10078611,10078692,100423011,MIR3138
16,1734985,1735066,100423012,MIR3177
15,41866495,41866551,100423013,MIR4310
20,63238779,63238842,100423014,MIR3196
9,88745836,88745905,100423015,MIR4289
11,18387787,18387860,100423016,MIR3159
4,143343460,143343535,100423017,MIR3139
21,13406384,13406460,100423018,MIR3156-3
14,26908642,26908725,100423019,MIR4307
1,154975693,154975783,100423020,MIR4258
11,1859464,1859536,100423021,MIR4298
21,41167557,41167629,100423023,MIR3197
22,17764180,17764259,100423025,MIR3198-1
11,11656651,11656722,100423026,MIR4299
2,109313571,109313625,100423027,MIR4266
1,31758660,31758735,100423028,MIR4254
11,66934434,66934506,100423029,MIR3163
2,69103682,69103755,100423030,MIR3126
19,2250639,2250718,100423031,MIR4321
1,180438314,180438390,100423032,MIR3121
10,101601417,101601497,100423033,MIR3158-1
22,27920525,27920612,100423034,MIR3199-1
15,75762215,75762315,100423035,MIR4313
2,207109987,207110073,100423036,MIR2355
16,543277,543366,100423037,MIR3176
3,31161704,31161787,100423038,MIR466
2,219549073,219549147,100423039,MIR3132
11,88176502,88176593,100423040,MIR3166
10,125032783,125032870,100423041,MIR4296
4,174423795,174423864,100423042,MIR4276
2,239305462,239305545,100423043,MIR4269
22,22887780,22896107,100423062,IGLL5
12,9881489,9895833,100431172,KLRF2
17,22523111,22524663,100462977,MTRNR2L1
3,96617188,96618236,100462981,MTRNR2L12
20,57358442,57359980,100462983,MTRNR2L3
16,3370979,3372740,100463285,MTRNR2L4
10,55599303,55600041,100463289,MTRNR2L5
7,142666272,142667718,100463482,MTRNR2L6
11,10507887,10509189,100463486,MTRNR2L8
3,157089881,157101135,100498859,LINC00881
2,13710531,14400963,100499171,LINC00276
12,9240003,9243052,100499405,LINC00987
9,97307304,97378524,100499483,CCDC180
9,97238449,97297314,100499484,AL590705.5
1,38089231,38089329,100500801,MIR3659
12,95309923,95309984,100500802,MIR3685
3,159282646,159282734,100500803,MIR3919
7,133034860,133034915,100500804,MIR3654
1,25906362,25906454,100500808,MIR3917
1,228097263,228097341,100500810,MIR3620
9,137169186,137169270,100500811,MIR3621
16,2270713,2270772,100500812,MIR3677
20,44408120,44408203,100500813,MIR3646
20,47166967,47167058,100500814,MIR3616
21,8208844,8208904,100500815,MIR3687-1
12,1660315,1660380,100500816,MIR3649
12,128294092,128294178,100500817,MIR3612
4,184851013,184851110,100500818,MIR3945
7,98881650,98881729,100500819,MIR3609
5,140647844,140647926,100500820,MIR3655
9,91636251,91636361,100500821,MIR3910-1
11,101519820,101519905,100500823,MIR3920
5,38557502,38557561,100500824,MIR3650
5,90016621,90016720,100500825,MIR3660
22,35335640,35335758,100500826,MIR3909
17,56891270,56891355,100500827,MIR3614
22,46091044,46091126,100500828,MIR3619
7,43150895,43150994,100500829,MIR3943
7,32732981,32733077,100500830,MIR550A2
5,171386656,171386760,100500831,MIR3912
1,165907921,165907976,100500832,MIR3658
22,29333158,29333267,100500833,MIR3653
10,57304479,57304559,100500834,MIR3924
7,151433489,151433639,100500835,MIR3907
7,71307672,71307770,100500836,MIR3914-1
2,188995630,188995692,100500837,MIR3606
8,12727237,12727299,100500838,MIR3926-2
8,129484057,129484142,100500839,MIR3686
11,119018944,119019012,100500840,MIR3656
17,75406069,75406162,100500841,MIR3678
12,103930425,103930555,100500842,MIR3652
12,104591633,104591716,100500843,MIR3922
11,70872270,70872368,100500844,MIR3664
19,45674932,45675008,100500845,MIR642B
9,134849487,134849564,100500846,MIR3689A
17,74748613,74748699,100500847,MIR3615
1,247201967,247202060,100500849,MIR3916
2,53849122,53849205,100500850,MIR3682
6,158764661,158764753,100500851,MIR3918
16,15154850,15155002,100500852,MIR3180-4
1,33332393,33332492,100500853,MIR3605
1,65057755,65057842,100500854,MIR3671
15,76586647,76586691,100500855,MIR3713
12,64622509,64622605,100500856,MIR548Z
6,166997807,166997912,100500857,MIR3939
8,27701677,27701759,100500858,MIR3622A
3,99964314,99964398,100500859,MIR3921
22,20085746,20085833,100500860,MIR3618
13,77698012,77698116,100500861,MIR3665
21,8208473,8208652,100500862,MIR3648-1
8,123348034,123348130,100500863,MIR548AA1
18,35934088,35934142,100500864,MIR3929
5,132365490,132365599,100500865,MIR3936
10,122416965,122417067,100500866,MIR3941
4,98997387,98997460,100500867,MIR3684
12,69584723,69584822,100500868,MIR3913-2
8,12727232,12727304,100500870,MIR3926-1
8,27701673,27701767,100500871,MIR3622B
9,127690687,127690795,100500872,MIR3911
6,33698128,33698234,100500873,MIR3934
3,55852492,55852594,100500875,MIR3938
1,16858949,16859021,100500876,MIR3675
3,79507887,79507969,100500877,MIR3923
2,134127125,134127192,100500878,MIR3679
6,140205252,140205326,100500879,MIR3668
6,134979338,134979432,100500880,MIR3662
4,159128802,159128894,100500881,MIR3688-1
22,49543393,49543466,100500882,MIR3667
7,30289794,30289890,100500883,MIR550A1
2,12199130,12199201,100500884,MIR3681
6,36622436,36622512,100500885,MIR3925
7,7066964,7067045,100500886,MIR3683
19,6416410,6416511,100500888,MIR3940
12,112037599,112037715,100500889,MIR3657
10,35079598,35079680,100500890,MIR3611
16,56245520,56245623,100500891,MIR3935
10,117167678,117167774,100500893,MIR3663
17,67471489,67471585,100500895,MIR548AA2
7,114653345,114653455,100500896,MIR3666
20,45705102,45705180,100500897,MIR3617
9,109511475,109511545,100500898,MIR3927
6,157529132,157529200,100500899,MIR3692
6,5148233,5148322,100500900,MIR3691
22,31160062,31160119,100500901,MIR3928
9,91636264,91636345,100500902,MIR3910-2
12,69584722,69584823,100500903,MIR3913-1
15,35372256,35372364,100500904,MIR3942
5,134225757,134225852,100500905,MIR3661
9,134850125,134850272,100500906,MIR3689B
8,95072911,95072996,100500907,MIR3150B
13,49996415,49996501,100500908,MIR3613
12,123536409,123536534,100500909,MIR3908
16,14907717,14907781,100500910,MIR3670-1
10,133371556,133371663,100500911,MIR3944
8,1801125,1801192,100500912,MIR3674
3,16933196,16933260,100500913,MIR3714
8,116874728,116874800,100500914,MIR3610
16,2135977,2136129,100500916,MIR3180-5
16,21506049,21506135,100500917,MIR3680-1
9,92292458,92292547,100500918,MIR3651
14,47760995,47761104,100500919,MIR548Y
7,71307674,71307768,100500920,MIR3914-2
11,22846931,22860426,100500938,CCDC179
3,158962235,159897366,100505385,IQCJ-SCHIP1
18,56083356,56137536,100505474,LINC01539
8,57978358,57984126,100505477,LINC01602
9,114666434,114682066,100505478,TEX48
19,41454169,41500649,100505495,PCAT19
20,12950338,12951627,100505515,LINC01723
13,79406309,79424328,100505538,RBM26-AS1
10,97102756,97103747,100505540,SLIT1-AS1
4,146109455,146121913,100505545,LINC01095
3,176604143,176635532,100505547,LINC01208
10,97828478,97849798,100505561,LINC00866
11,1688297,1689056,100505570,AP006285.1
15,40323664,40326715,100505573,INAFM2
10,33759713,33772658,100505583,LINC00838
19,41883161,41930150,100505585,ARHGEF1
9,124006277,124009396,100505588,AC006450.3
17,39941474,39944747,100505591,LRRC3C
3,180414174,180422506,100505609,LINC02053
15,82750564,82757206,100505616,SNHG21
16,52083065,52085109,100505619,LINC00919
11,67602880,67606706,100505621,C11orf72
19,42132555,42137099,100505622,AC010247.1
2,27335535,27342599,100505624,GTF3C2-AS1
5,6686325,6707711,100505625,LINC02102
1,159961218,159984750,100505633,LINC01133
6,39881804,39900071,100505635,AL590999.1
3,14920347,14948424,100505641,FGD5-AS1
15,40686724,40695107,100505648,RAD51-AS1
5,141558311,141565263,100505658,AC008781.2
8,66192093,66197315,100505659,LINC00967
20,40004477,40008529,100505663,LINC01370
8,66419589,66428977,100505676,RRS1-AS1
5,111512226,111739726,100505678,STARD4-AS1
15,84172490,84182234,100505679,UBE2Q2L
19,47484282,47501597,100505681,NAPA-AS1
3,183447608,183456013,100505687,LINC00888
3,15254184,15264493,100505696,SH3BP5-AS1
19,43891804,43901805,100505715,AC006213.2
2,28307691,28310459,100505716,AC093690.1
8,68911803,69104190,100505718,LINC01592
17,41275659,41276697,100505724,KRTAP9-7
5,8450743,8463095,100505738,MIR4458HG
1,84506300,84566194,100505741,SPATA1
21,44921051,44929678,100505746,ITGB2-AS1
17,41307700,41309253,100505753,KRTAP16-1
10,102449817,102461106,100505761,RPARP-AS1
7,76531319,76541459,100505767,SPDYE16
1,87353524,87371655,100505768,LINC01364
20,63627227,63628824,100505771,MHENCR
18,71519962,71578956,100505776,LINC01541
17,41402416,41425049,100505782,AC003958.2
20,44210960,44226027,100505783,OSER1-AS1
1,164769116,164774641,100505795,AL357568.1
18,72868388,72881399,100505797,AC091138.1
5,118282575,118284782,100505811,LINC02148
19,48255675,48258199,100505812,CARD8-AS1
18,73324941,73349878,100505817,AC105243.1
20,44963794,44966402,100505826,STK4-AS1
19,29002555,29013955,100505835,LINC01532
10,103745966,103755423,100505839,SH3PXD2A-AS1
18,75696079,75712385,100505853,LINC01898
7,77657660,77696265,100505854,APTR
2,37196488,37216193,100505876,CEBPZOS
3,23195070,23202578,100505877,UBE2E2-AS1
6,167992822,167997077,100505879,KIF25-AS1
7,79452877,79471208,100505881,MAGI2-AS3
10,104664608,104666200,100505890,SORCS3-AS1
4,20392189,20394856,100505893,SLIT2-IT1
5,88268895,88436685,100505894,TMEM161B-AS1
16,15094411,15109197,100505915,AC139256.1
3,194203016,194250153,100505920,LINC02036
21,17438890,17449185,100505929,LINC01549
2,3957655,3974070,100505964,LINC01304
14,27612588,27639636,100505967,LINC00645
1,8878835,8879894,100505975,ENO1-AS1
12,106680758,106684700,100505978,AC079385.2
2,160099666,160271888,100505984,ITGB6
9,137170858,137172409,100505993,TMEM210
5,91303029,91314402,100505994,LUCAT1
13,112107119,112108015,100505996,LINC00403
19,46480796,46601200,100506012,PPP5D1
4,164877004,164898965,100506013,APELA
7,16210488,16270604,100506025,ISPD-AS1
19,49838639,49851676,100506033,PTOV1-AS1
4,79492416,79576460,100506035,LINC00989
1,173863248,173863941,100506046,GAS5-AS1
7,16526880,16581568,100506049,LRRC72
2,3558492,3561745,100506054,RNASEH1-AS1
16,70219574,70246610,100506060,SMG1P7
19,46660364,46677447,100506068,DACT3-AS1
14,30876179,30889808,100506071,AL049830.3
11,4187140,4202655,100506082,AC015689.1
16,70315640,70346747,100506083,AC012184.3
17,46274784,46361797,100506084,ARL17B
4,169917761,169975902,100506085,LINC02275
7,20217577,20221700,100506098,AC005083.1
9,128724445,128733194,100506100,AL441992.1
4,170742469,170743718,100506107,LINC02382
2,44940154,44941873,100506108,SIX3-AS1
11,75803431,75815406,100506113,AP003031.2
9,129332300,129359538,100506119,LINC01503
4,171040602,171059163,100506122,LINC02431
12,48789147,48790535,100506125,AC117498.2
10,118357108,118365103,100506126,LINC00867
11,76381313,76414619,100506127,AP002360.1
2,46568256,46580238,100506142,AC018682.1
1,34981535,34985353,100506144,TMEM35B
12,9936579,9943495,100506159,LINC02470
16,73386805,73421393,100506172,LINC01568
20,50645471,50662275,100506175,AL353653.1
7,22563337,22573996,100506178,AC002480.2
22,33725014,33750843,100506195,LARGE-AS1
21,32728115,32743122,100506215,PAXBP1-AS1
11,83072066,83106719,100506233,RAB30-AS1
14,36519278,36523016,100506237,NKX2-1-AS1
22,36965248,36968172,100506241,LL22NC01-81G9.3
3,42809483,42942792,100506243,KRBOX1
11,7427266,7512515,100506258,AC107884.1
22,37352190,37354839,100506271,Z94160.1
4,187532878,187672641,100506272,AC097521.2
2,7421261,7450254,100506274,AC013460.1
3,42934252,42936785,100506275,KRBOX1-AS1
2,101151660,101155412,100506286,TBC1D8-AS1
7,26551822,26557200,100506289,AC004947.1
2,8666636,8681863,100506299,ID2-AS1
7,155611231,155645205,100506302,AC009403.1
11,12961842,12989548,100506305,LINC00958
12,12927726,12984645,100506314,AC007688.2
3,44424134,44429529,100506319,LINC01988
21,33915534,33977691,100506334,LINC00649
1,111739841,111747798,100506343,FAM212B-AS1
8,91059909,91070189,100506365,OTUD6B-AS1
11,86955619,87000959,100506368,AP001528.1
1,1173056,1179555,100506376,TTLL10-AS1
20,59626464,59628289,100506384,AL121908.1
21,34745757,34784886,100506385,LINC01426
17,331205,333488,100506388,AC129507.1
1,112956415,113047055,100506392,SLC16A1-AS1
13,113864168,113866833,100506394,GAS6-AS2
21,34787801,36004667,100506403,RUNX1
2,11681460,11683328,100506405,AC106875.1
5,35938822,35939993,100506406,AC112204.2
14,45940943,46501823,100506412,LINC00871
7,111808516,111821773,100506413,DOCK4-AS1
2,104807572,104853183,100506421,LINC01158
21,36131767,36175815,100506428,CBR3-AS1
14,47764954,47795092,100506433,LINC00648
4,53659208,53737156,100506444,AC124017.1
2,11848622,12578348,100506457,MIR3681HG
4,55363971,55395847,100506462,SRD5A3-AS1
12,113679459,113773683,100506465,LINC01234
19,35540738,35546029,100506469,TMEM147-AS1
2,12966784,13007013,100506474,AC064875.1
7,115679345,115682618,100506489,AC093714.1
21,40383083,40385358,100506492,DSCAM-AS1
5,38556786,38671216,100506495,LIFR-AS1
7,28979967,29013367,100506497,AC005162.3
14,73822559,73830135,100506498,LINC02274
1,2181794,2184389,100506504,PRKCZ-AS1
3,109101456,109110342,100506506,MORC1-AS1
7,30390885,30412375,100506516,LINC01176
7,101562779,101569006,100506527,LINC01007
15,61729850,61731389,100506530,LINC02349
16,86196181,86199720,100506542,LINC01082
12,116977442,116987337,100506551,AC127164.1
7,157525783,157527325,100506557,AC006372.4
2,109758799,109760364,100506563,AC074387.1
4,56530609,56603507,100506564,THEGL
16,87083562,87317420,100506581,C16orf95
7,157854529,157866092,100506585,AC011899.2
9,135462727,135480777,100506599,PPP1R26-AS1
14,76781733,76786724,100506603,VASH1-AS1
12,29280418,29317848,100506606,AC009318.1
13,22040975,22276524,100506622,LINC00540
11,30830369,31369810,100506627,DCDC1
3,48847572,48851981,100506637,PRKAR2A-AS1
16,25140577,25149032,100506655,LCMT1-AS2
5,69492292,69558104,100506658,OCLN
12,31020763,31073847,100506660,DDX11-AS1
12,120490328,120495940,100506668,NRAV
11,32035981,32041318,100506675,AL035078.1
17,33529787,33533760,100506677,AA06
22,43038585,43052366,100506679,AL022476.1
13,23418971,23428869,100506680,SACS-AS1
7,127476883,127485804,100506682,AC000124.1
15,67403619,67521844,100506686,IQCH-AS1
5,987180,997308,100506688,AC116351.1
12,122063306,122068616,100506691,AC156455.1
1,202810954,202812156,100506696,PCAT6
13,23466571,23487464,100506697,LINC00327
14,81441987,81450157,100506700,LINC02308
9,37079857,37090507,100506710,EBLN3P
17,6876635,7012349,100506713,ALOX12-AS1
3,116921431,116932238,100506724,LINC00901
10,49121839,49151547,100506733,FAM170B-AS1
17,35464249,35537861,100506736,SLFN12L
22,45604432,45605621,100506737,LINC01589
11,104885718,104898670,100506742,CASP12
4,86876205,86936202,100506746,C4orf36
2,235505751,235507566,100506749,AGAP1-IT1
17,7015818,7019659,100506755,MIR497HG
3,118943073,118948241,100506765,IGSF11-AS1
1,203287152,203288801,100506775,LINC01353
7,38341577,38378804,100506776,TRG-AS1
17,58325450,58415766,100506779,TSPOAP1-AS1
5,1363582,1380067,100506791,LINC01511
1,234527891,234531779,100506795,LINC01354
2,118132128,118186386,100506797,AC093901.1
1,21293290,21299774,100506801,AL031728.1
1,234724042,234731643,100506810,LINC01132
3,123585542,123644568,100506826,MYLK-AS1
4,44016861,44022063,100506827,LINC02475
9,86948699,87002033,100506834,GAS1RR
10,43859411,43895433,100506835,LINC00840
3,51817603,51819635,100506840,IQCF4
2,178521183,178779963,100506866,TTN-AS1
12,58544124,58813060,100506869,AC020637.1
15,84570649,84580175,100506874,LINC00933
7,131309744,131328222,100506881,MKLN1-AS
6,19324988,19839080,100506885,AL022068.1
18,46962768,46964408,100506888,ELOA3D
7,43508728,43522542,100506895,LUARIS
3,126393032,126394851,100506907,CCDC37-AS1
1,239703381,239730465,100506915,CHRM3-AS2
19,36313067,36331718,100506930,LINC00665
7,132758970,132760632,100506937,AC009365.1
1,23760382,23778287,100506963,ELOA-AS1
15,25031873,25036490,100506965,PWAR6
3,62260865,62369330,100506994,PTPRG-AS1
14,95573562,95581956,100506999,LINC02318
19,49423749,49428818,100507003,GFY
10,59736692,59756041,100507027,MRLN
3,129893871,129918575,100507032,TMCC1-AS1
10,3141632,3167972,100507034,PITRM1-AS1
14,95876392,95925571,100507043,TUNAR
11,75240905,75243697,100507050,TPBGL
4,99088857,99301356,100507053,AP002026.1
12,132603150,132610543,100507055,LRCOL1
3,196999460,197004744,100507057,MELTF-AS1
10,61016275,61026420,100507058,LINC00845
10,4384246,4410612,100507059,LINC00703
3,64004022,64012148,100507062,PSMD6-AS2
13,30881933,30933846,100507064,TEX26-AS1
8,22254576,22275162,100507071,AC105206.2
3,197298252,197303747,100507086,DLG1-AS1
12,123081384,123084744,100507091,PITPNM2-AS1
4,106357485,106368825,100507096,GIMD1
9,91104957,91107304,100507103,AL158071.2
13,35697524,35699256,100507114,LINC00445
8,130082738,130084768,100507117,ASAP1-IT2
15,90966345,90988624,100507118,PRC1-AS1
10,6779598,6842906,100507127,LINC00707
2,200712305,200735177,100507140,LINC01792
10,8259331,8268305,100507143,LINC00708
11,35132655,35138032,100507144,AL356215.1
8,23336171,23366125,100507156,AC090197.1
2,74148009,74150061,100507171,BOLA3-AS1
6,27694035,27710222,100507173,LINC01012
12,67519829,67567126,100507175,LINC02408
1,41014590,41043890,100507178,SLFNL1-AS1
6,3182744,3195756,100507194,AL445434.1
6,130827406,130837135,100507203,SMLR1
3,134055256,134057648,100507210,LINC02000
13,41955808,41981565,100507240,VWA8-AS1
17,76557766,76565348,100507246,SNHG16
12,68674371,68687755,100507250,AC090061.1
6,132131915,132169374,100507254,LINC01013
14,101069911,101072937,100507257,MEG9
11,43569306,43570395,100507261,MIR670HG
4,4542131,4710938,100507266,STX18-AS1
3,137771949,137780878,100507274,LINC01210
14,101442076,101444315,100507277,LINC02314
11,124800450,124834487,100507283,AP000866.1
19,55605405,55617269,100507290,ZNF865
3,139389815,139583319,100507291,AC097103.2
11,43909292,43920944,100507300,ALKBH3-AS1
16,2154797,2155358,100507303,SNHG19
6,133502252,133892802,100507308,TARID
8,143280161,143281690,100507316,MINCR
10,73796514,73801399,100507331,ZSWIM8-AS1
2,110231106,110272050,100507334,AC140479.4
8,30638600,30646064,100507341,SMIM18
10,17214239,17229985,100507347,VIM-AS1
6,29529420,29533665,100507362,LINC01015
19,14137179,14171267,100507373,AC022098.1
12,74133166,74402535,100507377,AC090502.1
6,72630495,72678558,100507381,KCNQ5-IT1
5,176060689,176132258,100507387,FAM153B
4,74955974,74970362,100507388,AC110760.2
3,142926675,142942534,100507389,AC021074.3
3,194708421,194782168,100507391,LINC01968
11,128691672,128696023,100507392,SENCR
11,46846412,46874396,100507401,LRP4-AS1
6,137730170,137738983,100507406,AL357060.2
17,79019209,79027655,100507410,C1QTNF1-AS1
7,141074232,141480380,100507421,TMEM178B
1,46538696,46570255,100507423,MKNK1-AS1
12,2812622,2859791,100507424,ITFG2
13,54115783,54132866,100507428,LINC00458
19,37548914,37587348,100507433,ZNF571-AS1
8,1565509,1622417,100507435,DLGAP2-AS1
6,31399784,31415315,100507436,MICA
14,105416884,105419739,100507437,AL928654.2
3,148078159,148088029,100507461,LINC02032
6,138725211,138773652,100507462,GVQW2
6,32844086,32846495,100507463,PSMB8-AS1
8,49496763,49512180,100507464,AC090155.2
15,35546195,35859001,100507466,DPH6-AS1
10,85577731,85607213,100507470,GRID1-AS1
2,208255247,208256181,100507475,IDH1-AS1
6,140067435,140093721,100507477,AL138737.1
4,128292751,128519394,100507487,AC108062.1
20,1325405,1378734,100507495,SDCBP2-AS1
7,55179750,55188934,100507500,EGFR-AS1
16,4245825,4253789,100507501,LINC01569
6,4136072,4157385,100507506,AL136309.2
3,154024401,154121332,100507524,ARHGEF26-AS1
4,135866983,135913680,100507528,LINC00613
13,94712716,94716246,100507533,SOX21-AS1
16,47849314,47887130,100507534,LINC02192
9,72305430,72343210,100507540,LINC01504
6,32148359,32154373,100507547,PRRT1
6,145799409,145886585,100507557,AL356599.1
1,53238610,53242783,100507564,AL606760.1
19,8374373,8390685,100507567,RAB11B-AS1
3,4896809,4979961,100507582,BHLHE40-AS1
6,33867506,33896914,100507584,LINC01016
19,7916145,7919097,100507588,TGFBR3L
2,135820191,135823087,100507600,AC011893.1
5,181261212,181272307,100507602,TRIM52-AS1
10,28789188,28796113,100507605,LINC00837
16,28751787,28772807,100507607,NPIPB9
17,41265339,41266641,100507608,KRTAP9-6
13,74231457,74259976,100507612,LINC00402
12,92466451,92492091,100507616,LINC02397
20,5426895,5471094,100507629,LINC00658
8,56496246,56559823,100507632,LINC00968
10,91782839,91798291,100507633,TNKS2-AS1
14,23185316,23273477,100507650,RNF212B
22,27310651,27317456,100507657,AL020994.2
3,168903366,168921996,100507661,LINC02082
1,151280024,151281929,100507670,AL391069.2
6,31010474,31035402,100507679,MUC22
14,18977180,18980742,100508046,AL929601.3
4,37001816,37020708,100508631,AL136537.2
2,94588522,94604573,100509620,AL845331.2
13,46052806,46113332,100509894,CPB2-AS1
17,64425069,64425170,100526648,MIR1273E
2,159771851,159904710,100526664,LY75-CD302
3,9793082,9835401,100526693,ARPC4-TTLL3
11,66616626,66646469,100526737,RBM14-RBM4
1,10430102,10452153,100526739,APITD1-CORT
7,99419749,99466197,100526740,ATP5J2-PTCD1
3,51974706,51989183,100526760,ABHD14A-ACY1
13,36168794,36297842,100526761,CCDC169-SOHLH2
2,86505668,86721122,100526767,RNF103-CHMP3
11,118003634,118088299,100526771,TMPRSS4-AS1
3,52833121,52897562,100526772,TMEM110-MUSTN1
20,45536986,45547426,100526773,EPPIN-WFDC6
15,89834308,89912882,100526783,C15orf38-AP3S2
2,18555545,18589564,100526794,NT5C1B-RDH14
6,163413065,163413960,100526820,CAHM
16,30193892,30204310,100526830,SLX1A-SULT1A3
16,29455105,29464963,100526831,SLX1B-SULT1A4
2,169694488,169776989,100526832,KLHL23
1,74198235,74543982,100526835,FPGT-TNNI3K
18,49481681,49492479,100526842,RPL17-C18orf32
20,36574553,36612384,100527943,TGIF2-C20orf24
7,150716668,150743646,100527949,GIMAP1-GIMAP5
1,156212982,156243332,100527963,PMF1-BGLAP
1,180269653,180502954,100527964,ACBD6
1,95117923,95247225,100527978,TMEM56-RWDD3
11,18231423,18248635,100528017,SAA2-SAA4
15,79845150,79923754,100528021,ST20-MTHFS
12,89519408,89526262,100528030,POC1B-GALNT4
12,10372353,10391874,100528032,KLRK1
14,23306835,23325369,100529063,BCL2L2-PABPN1
16,4340251,4420494,100529144,CORO7-PAM16
19,9324174,9382617,100529215,ZNF559-ZNF177
6,34284887,34426071,100529239,RPS10-NUDT3
19,52928475,52962823,100529240,ZNF816-ZNF321P
2,197500413,197550726,100529241,HSPE1-MOB4
16,66552587,66579135,100529251,CKLF-CMTM1
14,70326064,70417074,100529257,SYNJ2BP-COX16
14,64914485,65061803,100529261,CHURC1-FNTB
11,78016971,78079865,100532726,NDUFC2-KCTD14
10,22316388,22329542,100532731,COMMD3-BMI1
1,19596979,19658056,100532736,MINOS1-NBL1
8,66667596,66860472,100533105,C8orf44-SGK3
8,123226189,123274284,100533106,ZHX1-C8orf76
17,41301826,41302851,100533177,KRTAP29-1
11,117820163,117876667,100533181,FXYD6-FXYD2
4,109347475,109433817,100533182,SEC24B-AS1
12,123973241,124316024,100533183,RFLNA
13,102799110,102876001,100533467,BIVM-ERCC5
15,55355248,55498360,100533483,DNAAF4-CCPG1
17,15436021,15563561,100533496,TVP23C-CDRT4
7,4983718,5073221,100533952,RBAK-RBAKDN
1,151156664,151170297,100534012,SCNM1
7,43866558,43906589,100534592,URGCP-MRPS24
3,129087575,129161036,100534599,ISY1-RAB43
6,90312742,90312833,100616109,MIR4464
13,101967642,101967746,100616110,MIR2681
4,184938383,184938440,100616111,MIR4455
3,48644194,48644280,100616112,MIR4793
10,110898090,110898155,100616113,MIR4680
9,111932100,111932169,100616114,MIR4668
8,42896197,42896275,100616115,MIR4469
7,2527074,2527145,100616116,MIR4648
7,101159473,101159555,100616117,MIR4653
11,19575310,19575372,100616118,MIR4486
11,133898504,133898581,100616119,MIR4697
1,18883202,18883275,100616120,MIR4695
17,80098828,80098877,100616121,MIR1268B
17,29390662,29390730,100616122,MIR4523
2,110086433,110086523,100616123,MIR4436B1
6,44254206,44254285,100616124,MIR4647
17,15251627,15251696,100616125,MIR4731
11,2173063,2173138,100616126,MIR4686
3,183886800,183886885,100616127,MIR4448
10,89063336,89063410,100616128,MIR4679-1
3,109602828,109602897,100616129,MIR4445
18,13611114,13611200,100616130,MIR4526
9,134849609,134849682,100616131,MIR3689D1
17,39726495,39726561,100616132,MIR4728
12,81158388,81158461,100616133,MIR4699
20,34990400,34990472,100616134,MIR499B
14,105858124,105858175,100616135,MIR4507
2,33418516,33418564,100616136,MIR4430
13,96427229,96427292,100616137,MIR4501
3,50675080,50675163,100616138,MIR4787
18,22933349,22933438,100616139,MIR4741
14,93948226,93948302,100616140,MIR4506
1,237471119,237471191,100616141,MIR4428
5,8460925,8460999,100616142,MIR4458
22,46113566,46113657,100616143,MIR4763
1,52940314,52940413,100616145,MIR1273G
22,37988794,37988853,100616146,MIR4534
21,40212352,40212431,100616148,MIR4760
15,66496958,66497034,100616149,MIR4512
16,81385018,81385093,100616150,MIR4720
10,12578753,12578823,100616151,MIR4480
5,72878591,72878663,100616152,MIR4804
17,38719691,38719748,100616153,MIR4726
6,156779678,156779731,100616154,MIR4466
1,52928674,52928772,100616156,MIR1273F
2,102432289,102432366,100616157,MIR4772
14,73758747,73758819,100616158,MIR4505
2,86193026,86193108,100616159,MIR4779
7,1844180,1844253,100616160,MIR4655
3,87226189,87226277,100616161,MIR4795
10,113777993,113778054,100616162,MIR4483
19,39409623,39409678,100616163,MIR4530
1,30739156,30739232,100616164,MIR4420
2,111771061,111771134,100616165,MIR4771-2
3,114743445,114743525,100616166,MIR4796
16,88716278,88716337,100616167,MIR4722
19,58386770,58386858,100616168,MIR4754
8,93916022,93916119,100616169,MIR378D2
17,79707176,79707249,100616170,MIR4739
19,54282109,54282180,100616171,MIR4752
16,76868936,76869019,100616172,MIR4719
14,104117418,104117503,100616173,MIR203B
6,91521660,91521737,100616174,MIR4643
5,129097688,129097766,100616175,MIR4633
14,65335117,65335183,100616176,MIR4708
1,23057858,23057934,100616177,MIR4419A
6,41598723,41598788,100616178,MIR4641
12,120155434,120155499,100616179,MIR4498
6,140683814,140683883,100616180,MIR4465
15,80997417,80997473,100616181,MIR4514
13,87618665,87618740,100616182,MIR4500
15,74788672,74788757,100616183,MIR4513
9,41233755,41233835,100616184,MIR4477A
19,53787677,53787742,100616185,MIR371B
11,90555774,90555857,100616186,MIR4490
2,127423537,127423618,100616187,MIR4783
1,17277889,17277975,100616188,MIR3972
1,51059837,51059905,100616189,MIR4421
20,38516563,38516632,100616190,MIR548O2
6,132115192,132115263,100616191,MIR548AJ1
10,89063335,89063411,100616192,MIR4679-2
4,152536428,152536516,100616193,MIR4453
9,63819574,63819654,100616194,MIR4477B
16,12720321,12720371,100616195,MIR4718
17,82668233,82668307,100616196,MIR4525
4,5923275,5923328,100616201,MIR378D1
5,174751734,174751787,100616202,MIR4634
17,38702262,38702331,100616203,MIR4734
17,59366083,59366154,100616204,MIR4729
13,66218250,66218324,100616205,MIR4704
7,93716928,93717005,100616206,MIR4652
2,225010461,225010540,100616207,MIR4439
2,113721290,113721368,100616208,MIR4782
5,134928039,134928112,100616209,MIR4461
17,60043025,60043105,100616210,MIR4737
14,74480133,74480204,100616211,MIR4709
9,134850742,134850807,100616212,MIR3689F
2,181305593,181305652,100616213,MIR4437
9,35608094,35608159,100616214,MIR4667
11,74399237,74399333,100616215,MIR548AL
3,197293878,197293948,100616216,MIR4797
10,23393405,23393467,100616217,MIR1254-2
6,32749912,32749979,100616218,MIR3135B
2,32635255,32635331,100616219,MIR4765
17,58335976,58336022,100616220,MIR4736
8,124821985,124822051,100616221,MIR4662A
11,47400970,47401042,100616222,MIR4487
15,23197827,23197920,100616223,MIR4509-1
1,235190034,235190116,100616224,MIR4753
20,54068408,54068485,100616225,MIR4756
7,138123758,138123821,100616226,MIR4468
13,114273828,114273908,100616227,MIR4502
15,28426491,28426584,100616228,MIR4509-2
9,20411148,20411238,100616229,MIR4473
6,31701029,31701091,100616230,MIR4646
16,30875266,30875323,100616231,MIR4519
18,53237101,53237190,100616232,MIR4528
5,54075518,54075583,100616233,MIR4459
4,163093574,163093628,100616234,MIR4454
5,1309310,1309377,100616235,MIR4457
9,134379411,134379472,100616236,MIR4669
6,30890883,30890972,100616237,MIR4640
15,88611847,88611924,100616238,MIR3529
13,102045934,102046004,100616239,MIR4705
12,108635810,108635870,100616240,MIR4496
16,2274620,2274691,100616241,MIR4717
9,136519568,136519626,100616242,MIR4673
21,26953961,26954043,100616243,MIR4759
18,5840695,5840833,100616244,MIR3976
8,91205485,91205559,100616245,MIR4661
4,147782595,147782668,100616246,MIR4799
14,100109419,100109514,100616247,MIR151B
17,31534883,31534971,100616248,MIR4724
9,127785833,127785923,100616250,MIR3960
22,45760524,45760598,100616253,MIR4762
4,76575551,76575626,100616254,MIR548AH
8,124821978,124822058,100616255,MIR4662B
16,28843919,28844007,100616256,MIR4721
18,35591737,35591806,100616257,MIR3975
16,2133119,2133204,100616258,MIR4516
22,41923222,41923297,100616259,MIR378I
8,123215788,123215863,100616260,MIR4663
14,50299855,50299946,100616261,MIR4504
12,48771975,48772037,100616262,MIR4701
11,10508270,10508326,100616263,MIR4485
18,47380496,47380565,100616264,MIR4527
2,64340759,64340839,100616265,MIR4433A
17,31094350,31094425,100616266,MIR4733
2,212926257,212926336,100616267,MIR4776-1
8,142176339,142176418,100616268,MIR4472-1
6,16141556,16141624,100616269,MIR4639
7,75915197,75915269,100616270,MIR4651
5,14825929,14826012,100616271,MIR4637
1,55225641,55225723,100616272,MIR4422
17,28861371,28861438,100616273,MIR451B
4,40502040,40502119,100616274,MIR4802
15,23562062,23562131,100616275,MIR4508
14,105858165,105858242,100616276,MIR4538
17,27293910,27293996,100616277,MIR4522
9,36864254,36864308,100616278,MIR4540
12,17673299,17673394,100616279,MIR3974
14,36952309,36952391,100616280,MIR4503
3,134437827,134437906,100616281,MIR4788
17,75784521,75784607,100616282,MIR4738
22,40813883,40813958,100616283,MIR4766
11,65649192,65649253,100616284,MIR4489
6,2854031,2854107,100616285,MIR4645
10,72721029,72721100,100616286,MIR4676
12,97939056,97939121,100616287,MIR4495
9,6007826,6007904,100616288,MIR4665
9,36823539,36823599,100616289,MIR4475
18,55479221,55479298,100616290,MIR4529
3,19314848,19314931,100616291,MIR4791
11,65636310,65636369,100616292,MIR4690
15,35926856,35926923,100616293,MIR4510
17,81400716,81400778,100616294,MIR4740
22,33436582,33436669,100616295,MIR4764
10,87503881,87503954,100616296,MIR4678
5,82840155,82840224,100616297,MIR3977
12,128244506,128244573,100616298,MIR4419B
4,76573568,76573632,100616299,MIR4450
14,104677694,104677749,100616300,MIR4710
9,136546173,136546259,100616301,MIR4674
13,65966330,65966429,100616302,MIR548X2
4,159128805,159128891,100616303,MIR3688-2
13,20433778,20433846,100616304,MIR4499
2,184378975,184379044,100616305,MIR548AE1
5,154829458,154829540,100616306,MIR378H
2,19348429,19348505,100616307,MIR4757
1,228462074,228462152,100616308,MIR4666A
12,116428252,116428318,100616309,MIR4472-2
7,67114322,67114397,100616310,MIR4650-1
11,36010098,36010204,100616311,MIR3973
9,122120082,122120167,100616312,MIR4478
19,49854591,49854651,100616313,MIR4749
19,49888175,49888230,100616314,MIR4750
1,54054079,54054154,100616315,MIR4781
17,69099564,69099632,100616316,MIR4524A
2,231362708,231362793,100616317,MIR4777
8,143733083,143733153,100616318,MIR4664
11,123381440,123381512,100616319,MIR4493
10,12653138,12653197,100616320,MIR4481
1,94745860,94745900,100616321,MIR378G
10,119958513,119958592,100616322,MIR4682
10,104268336,104268405,100616323,MIR4482
2,188978093,188978161,100616324,MIR1245B
5,129397062,129397147,100616325,MIR4460
5,9053816,9053895,100616326,MIR4636
10,125819740,125819822,100616327,MIR4484
1,178677749,178677834,100616328,MIR4424
12,120723193,120723266,100616329,MIR4700
11,111347757,111347824,100616330,MIR4491
7,72697903,72697978,100616331,MIR4650-2
15,49169070,49169153,100616332,MIR4716
9,134849298,134849369,100616333,MIR3689C
3,5250177,5250255,100616334,MIR4790
9,128392621,128392708,100616335,MIR219B
3,103524033,103524116,100616336,MIR548AB
19,4932687,4932740,100616337,MIR4747
1,64579847,64579923,100616338,MIR4794
5,58530043,58530109,100616339,MIR548AE2
20,62332487,62332557,100616340,MIR4758
2,111321013,111321086,100616341,MIR4435-2
5,181222566,181222633,100616342,MIR4638
1,243346176,243346255,100616343,MIR4677
9,134850277,134850356,100616344,MIR3689D2
1,192716328,192716390,100616345,MIR4426
7,44110849,44110912,100616346,MIR4649
6,99124609,99124696,100616347,MIR548AI
8,6745164,6745244,100616348,MIR4659A
4,85722468,85722533,100616349,MIR4451
8,9048445,9048518,100616350,MIR4660
9,92527984,92528058,100616351,MIR4670
6,44435641,44435722,100616352,MIR4642
20,57895394,57895444,100616353,MIR4532
7,29680734,29680828,100616354,MIR550A3
19,44653686,44653732,100616355,MIR4531
2,168582943,168583018,100616356,MIR4774
18,58451080,58451152,100616357,MIR3591
4,2250077,2250156,100616358,MIR4800
17,80419418,80419493,100616359,MIR4730
2,239351724,239351804,100616360,MIR2467
2,207754807,207754881,100616361,MIR4775
20,60478111,60478181,100616362,MIR4533
1,196582413,196582481,100616363,MIR4735
2,160407810,160407882,100616364,MIR4785
1,25023503,25023586,100616365,MIR4425
18,48670600,48670668,100616366,MIR4743
7,102471469,102471531,100616367,MIR4467
11,46376402,46376484,100616368,MIR4688
15,51242190,51242264,100616369,MIR4713
2,87194786,87194859,100616370,MIR4771-1
19,4445978,4446048,100616371,MIR4746
8,6745168,6745240,100616372,MIR4659B
14,105857513,105857572,100616374,MIR4539
2,213758067,213758159,100616375,MIR4438
11,118910708,118910787,100616376,MIR4492
5,72169467,72169540,100616377,MIR4803
2,131491160,131491236,100616378,MIR4784
15,65719246,65719332,100616379,MIR4511
1,234306467,234306539,100616380,MIR4671
5,535840,535882,100616381,MIR4456
15,28490752,28490845,100616382,MIR4509-3
10,20551970,20552046,100616383,MIR4675
1,116560024,116560111,100616384,MIR548AC
17,28861655,28861730,100616385,MIR4732
1,162157107,162157182,100616386,MIR4654
17,64500774,64500839,100616387,MIR3064
17,28360654,28360734,100616388,MIR4723
6,75428407,75428473,100616389,MIR4463
1,233624152,233624219,100616390,MIR4427
1,22719517,22719598,100616391,MIR4684
2,151368334,151368411,100616392,MIR4773-1
7,44881748,44881800,100616393,MIR4657
2,177212726,177212799,100616394,MIR4444-1
3,175369540,175369621,100616395,MIR4789
15,50360329,50360410,100616396,MIR4712
2,239068817,239068914,100616397,MIR4440
10,119377972,119378043,100616398,MIR4681
2,88812370,88812454,100616399,MIR4436A
12,54231397,54231476,100616400,MIR3198-2
17,6655440,6655509,100616401,MIR4520-1
11,74720268,74720337,100616402,MIR4696
11,68033897,68033981,100616403,MIR4691
15,83067335,83067415,100616404,MIR4515
16,30503919,30504001,100616405,MIR4518
17,8186945,8187004,100616406,MIR4521
3,48196564,48196616,100616407,MIR4443
17,64501214,64501313,100616408,MIR5047
1,59733227,59733296,100616409,MIR4711
11,72783530,72783592,100616410,MIR4692
6,37555365,37555422,100616413,MIR4462
22,19963753,19963834,100616414,MIR4761
22,48780295,48780353,100616415,MIR4535
17,38825838,38825892,100616416,MIR4727
2,239943015,239943094,100616417,MIR4786
2,151368334,151368411,100616418,MIR4773-1
2,64525513,64525565,100616419,MIR4434
18,49049687,49049768,100616420,MIR4744
1,5862672,5862741,100616421,MIR4689
14,105859484,105859553,100616422,MIR4537
13,51552589,51552667,100616423,MIR4703
14,22956950,22957029,100616424,MIR4707
19,10780254,10780335,100616425,MIR4748
11,19760004,19760083,100616426,MIR4694
4,78820752,78820821,100616427,MIR5096
9,127869415,127869495,100616429,MIR4672
6,170330761,170330844,100616430,MIR4644
2,52702522,52702615,100616431,MIR4431
15,98784426,98784502,100616432,MIR4714
1,22266239,22266300,100616433,MIR4418
20,34049119,34049190,100616434,MIR4755
4,37241910,37241991,100616435,MIR4801
4,52712682,52712747,100616436,MIR4449
11,34941837,34941920,100616437,MIR1343
1,12191713,12191773,100616438,MIR4632
7,100156605,100156669,100616439,MIR4658
20,60564562,60564625,100616440,MIR548AG2
9,20502265,20502342,100616441,MIR4474
2,88082519,88082599,100616447,MIR4780
3,24521362,24521435,100616448,MIR4792
17,31575269,31575358,100616449,MIR4725
4,60922619,60922684,100616450,MIR548AG1
8,100382763,100382845,100616451,MIR4471
1,98045242,98045351,100616452,MIR2682
11,3856062,3856141,100616453,MIR4687
12,109833348,109833436,100616454,MIR4497
6,131792172,131792231,100616455,MIR548H5
9,36893462,36893531,100616456,MIR4476
11,103849906,103849980,100616457,MIR4693
1,52934930,52935017,100616458,MIR5095
19,804940,805001,100616459,MIR4745
9,134850570,134850641,100616460,MIR3689E
4,86542482,86542552,100616463,MIR4452
2,66358249,66358328,100616464,MIR4778
7,4788565,4788639,100616465,MIR4656
17,6655449,6655502,100616466,MIR4520-2
1,224398227,224398311,100616468,MIR4742
2,11540605,11540677,100616469,MIR4429
11,61508596,61508657,100616470,MIR4488
4,7310450,7310524,100616471,MIR4798
2,212926257,212926336,100616472,MIR4776-1
2,60387362,60387445,100616473,MIR4432
15,25848747,25848825,100616474,MIR4715
2,35471405,35471486,100616475,MIR548AD
3,113594876,113594942,100616476,MIR4446
3,25664873,25664939,100616477,MIR4442
12,47364186,47364269,100616478,MIR4494
5,1062896,1062974,100616479,MIR4635
9,136886733,136886803,100616480,MIR4479
1,85133794,85133873,100616481,MIR4423
10,98431292,98431360,100616482,MIR4685
19,49933064,49933137,100616483,MIR4751
8,61714788,61714859,100616484,MIR4470
3,116850277,116850367,100616485,MIR4447
12,47187812,47187891,100616486,MIR4698
16,28958583,28958661,100616487,MIR4517
10,12130760,12130816,100616488,MIR548AK
1,5564071,5564143,100616489,MIR4417
14,65044688,65044769,100616490,MIR4706
1,23929070,23929147,100616492,MIR378F
2,239085827,239085926,100616493,MIR4441
17,12917268,12917342,100616494,MIR1269B
14,100814491,100814574,100616495,MIR2392
5,170028488,170028566,100616498,MIR378E
2,87629755,87629834,100616499,MIR4435-1
10,35641172,35641252,100616500,MIR4683
14,80211419,80455469,100628307,DIO2-AS1
1,172136531,172144794,100628315,DNM3OS
10,6152207,6152262,100628560,MIR3155B
19,37823722,37855215,100631378,AC016582.1
4,76251721,76311129,100631383,FAM47E-STBD1
5,142317620,142318322,100642175,SPRY4-IT1
20,62774128,62775412,100652730,LINC00659
6,149863494,149919507,100652739,RAET1E-AS1
16,31201885,31203452,100652740,PYCARD-AS1
10,49942033,49974850,100652748,TIMM23B
15,96772005,96783312,100652749,SPATA8-AS1
3,64067964,64103131,100652759,PRICKLE2-AS1
8,6835554,6885276,100652791,GS1-24F4.2
2,202073289,202205203,100652824,KIAA2012
12,2676001,2691200,100652846,CACNA1C-AS1
5,108727825,108728260,100652853,LINC01023
19,34892029,34898943,100652909,LINC00904
19,34905315,34908188,100652911,LINC01838
17,79707266,79712317,100652929,LINC02078
10,6774307,6779180,100652997,LINC00706
12,53513984,53517608,100652999,AC023509.2
17,78870910,78903217,100653515,CEP295NL
8,126847055,127021014,100750225,PCAT1
14,61681041,61695823,100750246,HIF1A-AS1
7,23101228,23105703,100775104,KLHL7-AS1
3,50099603,50100988,100775107,RBM5-AS1
3,177294442,177323418,100820709,LINC00501
15,57591941,57685364,100820829,MYZAP
3,87089129,87157069,100846978,LINC00506
5,143679860,143679971,100846991,MIR5197
9,132945707,132945771,100846992,MIR548AW
15,89883931,89884030,100846993,MIR5009
16,16306370,16306434,100846994,MIR3670-2
2,75090812,75090914,100846995,MIR5000
13,55174454,55174548,100846996,MIR5007
18,39676719,39676777,100846997,MIR5583-2
6,10439717,10439794,100846998,MIR5689
3,75214476,75214549,100846999,MIR4444-2
11,79422169,79422226,100847000,MIR5579
8,102125432,102125515,100847001,MIR5680
18,67081584,67081686,100847002,MIR5011
13,51348567,51348639,100847003,MIR5693
12,124915547,124915659,100847004,MIR5188
15,21513959,21514040,100847005,MIR5701-2
22,22886267,22886379,100847006,MIR5571
2,101309450,101309534,100847007,MIR5696
17,69099542,69099656,100847008,MIR4524B
1,171101739,171101798,100847009,MIR1295B
1,37500935,37500994,100847010,MIR5581
6,33438331,33438437,100847012,MIR5004
21,42950928,42951014,100847013,MIR5692B
10,42997563,42997681,100847014,MIR5100
11,9090312,9090379,100847015,MIR5691
19,12920320,12920404,100847016,MIR5695
7,97964405,97964481,100847017,MIR5692C2
1,32086949,32087007,100847018,MIR5585
5,55508850,55508926,100847019,MIR5687
11,46753125,46753192,100847020,MIR5582
3,124132929,124133025,100847021,MIR5002
16,85306226,85306325,100847022,MIR5093
4,13627865,13627957,100847023,MIR5091
1,154104521,154104592,100847024,MIR5698
18,39676721,39676779,100847025,MIR5583-1
13,41568286,41568395,100847026,MIR5006
4,87300495,87300583,100847027,MIR5705
16,535316,535368,100847028,MIR5587
5,172662165,172662263,100847029,MIR5003
17,42494773,42494830,100847030,MIR548AT
12,94561789,94561859,100847031,MIR5700
7,158591616,158591696,100847032,MIR5707
2,110284853,110284943,100847033,MIR4436B2
6,6169334,6169409,100847034,MIR5683
13,114244505,114244561,100847035,MIR548AR
3,151565876,151565995,100847036,MIR5186
2,232550474,232550573,100847037,MIR5001
8,12719132,12719190,100847038,MIR5692A2
3,125151465,125151552,100847039,MIR5092
3,131985855,131985931,100847040,MIR5704
16,29599179,29599265,100847041,MIR3680-2
15,80581103,80581239,100847042,MIR5572
3,121049640,121049715,100847043,MIR5682
1,148334479,148334554,100847044,MIR5087
9,93594841,93594894,100847045,MIR548AU
17,42514188,42514307,100847046,MIR5010
6,35664717,35664789,100847048,MIR5690
19,8389290,8389380,100847049,MIR4999
1,201719508,201719627,100847050,MIR5191
8,130008334,130008453,100847051,MIR5194
2,226658710,226658793,100847053,MIR5702
3,185253210,185253272,100847054,MIR5588
1,9967381,9967458,100847055,MIR5697
8,80241389,80241473,100847056,MIR5708
16,88468918,88469031,100847057,MIR5189
8,74548543,74548617,100847058,MIR5681A
15,89850637,89850721,100847059,MIR5094
15,20940252,20940333,100847060,MIR5701-1
14,106850885,106850999,100847062,MIR5195
14,67441855,67441930,100847064,MIR5694
4,39411910,39411974,100847065,MIR5591
7,97963658,97963726,100847066,MIR5692A1
17,46973017,46973100,100847067,MIR5089
8,41271048,41271143,100847068,MIR548AO
2,134857820,134857873,100847069,MIR5590
19,35345513,35345627,100847070,MIR5196
19,12787128,12787192,100847071,MIR5684
1,227941590,227941683,100847072,MIR5008
7,102465742,102465826,100847073,MIR5090
19,49682117,49682195,100847074,MIR5088
6,53276993,53277071,100847075,MIR5685
14,53948427,53948484,100847076,MIR5580
3,85385710,85385792,100847077,MIR5688
3,185767847,185767904,100847078,MIR548AQ
3,49806137,49806245,100847079,MIR5193
18,13459947,13460026,100847080,MIR5190
2,227472132,227472187,100847081,MIR5703
5,135802985,135803075,100847082,MIR5692C1
18,72853321,72853382,100847083,MIR548AV
15,85825635,85825730,100847084,MIR548AP
5,119154637,119154716,100847085,MIR5706
10,641689,641778,100847086,MIR5699
2,62205826,62205917,100847087,MIR5192
14,59646962,59647020,100847088,MIR5586
1,44545493,44545552,100847089,MIR5584
1,161227186,161227261,100847090,MIR5187
8,74548550,74548609,100847091,MIR5681B
13,92490163,92490220,100847092,MIR548AS
19,10038354,10038413,100847093,MIR5589
5,38282264,38290986,100852408,EGFLAM-AS4
1,71794232,71837012,100852409,NEGR1-IT1
1,71081324,71489976,100852410,ZRANB2-AS2
8,115950511,116325059,100859921,LINC00536
5,180829954,180831605,100859930,HEIH
2,168771953,168786961,100861402,CERS6-AS1
8,94372170,94436952,100861412,FSBP
5,102581368,102617589,100861468,LINC00492
1,213924749,213926654,100861504,LINC00538
21,44450986,44455284,100861510,LRRC3-AS1
7,36997796,37013630,100861514,ELMO1-AS1
17,17759154,17770821,100861516,RAI1-AS1
5,132184876,132192808,100861518,P4HA2-AS1
7,39404598,39406346,100861520,POU6F2-AS1
20,37619298,37623119,100861522,LINC00489
7,99684957,99735102,100861540,CYP3A7-CYP3A51P
13,99994899,99997909,100861542,LINC00554
13,94960041,94961319,100861544,LINC00557
13,81225865,81226983,100861546,LINC00564
13,24331450,24337121,100861547,LINC00566
1,20642657,20652193,100861548,PINK1-AS
13,47930153,47932622,100861549,LINC00562
13,53815419,53876119,100861552,LINC00558
13,88626853,88630397,100861553,LINC00560
13,46296445,46297844,100861554,LINC00563
13,113926514,113928844,100861555,LINC00565
13,29918647,29926651,100861573,LINC00572
3,126180065,126210169,100862662,ALDH1L1-AS2
16,30740381,30744281,100862671,TMEM265
3,175079307,175115242,100862679,NAALADL2-AS3
21,46462471,46469306,100862692,DIP2A-IT1
13,48296513,48303661,100862704,LINC00441
19,35667948,35673291,100862728,UPK1A-AS1
1,121360156,121398806,100873165,SRGAP2-AS1
15,25108268,25108352,100873856,SNORD116-30
15,25266591,25266661,100873857,SNORD115-46
3,188562238,188568666,100873917,LPP-AS1
1,220832763,220880140,100873924,HLX-AS1
1,97095923,97322955,100873932,DPYD-AS1
1,97796921,97798066,100873933,DPYD-AS2
1,11143898,11149537,100873935,MTOR-AS1
3,7519741,7560333,100873937,GRM7-AS1
4,53496400,53549578,100873939,LNX1-AS1
3,123689644,123692407,100873940,MYLK-AS2
3,193618609,193627337,100873941,OPA1-AS1
3,149086332,149102823,100873945,HLTF-AS1
1,107964443,107994607,100873946,VAV3-AS1
3,198038321,198039234,100873947,LMLN-AS1
5,111912508,112017309,100873948,NREP-AS1
1,201688259,201829559,100873949,IPO9-AS1
13,48077137,48079991,100873965,MED4-AS1
13,92701389,92721614,100873969,GPC5-AS1
13,94154193,94187991,100873972,GPC6-AS1
3,2110409,2144241,100873976,CNTN4-AS2
3,29926811,29934156,100873977,RBMS3-AS1
12,15151923,15155283,100873980,RERG-AS1
3,184006338,184011419,100873982,ABCC5-AS1
3,65893816,65925297,100873983,MAGI1-AS1
1,239898016,239899872,100873984,CHRM3-AS1
3,192238037,192283097,100873986,FGF12-AS1
3,192515022,192516573,100873988,FGF12-AS2
11,88504576,88524054,100873989,GRM5-AS1
3,52823935,52825314,100873993,ITIH4-AS1
6,73134803,73143514,100873997,KCNQ5-AS1
2,66439088,66441836,100873998,MEIS1-AS2
5,41870030,41872241,100874002,OXCT1-AS1
21,37187666,37193926,100874006,TTC3-AS1
3,173910498,173920796,100874010,NLGN1-AS1
11,19502672,19507229,100874012,NAV2-AS5
11,20043846,20049303,100874014,NAV2-AS2
3,63423596,63550051,100874016,SYNPR-AS1
17,19296596,19306261,100874018,EPN2-AS1
3,183548735,183552326,100874019,KLHL6-AS1
7,79008988,79012277,100874021,MAGI2-AS2
3,189238686,189240594,100874027,TPRG1-AS2
3,20174244,21145967,100874028,SGO1-AS1
3,113403991,113433992,100874029,CFAP44-AS1
2,27049683,27050264,100874031,AGBL5-AS1
3,9947404,9954787,100874032,PRRT3-AS1
3,85799987,85828050,100874037,CADM2-AS2
3,63860645,63861819,100874039,THOC7-AS1
7,20141916,20153531,100874041,MACC1-AS1
3,188941715,188947639,100874043,TPRG1-AS1
4,138309711,138424344,100874047,LINC00499
2,73947642,73981441,100874048,DGUOK-AS1
8,20275773,20290458,100874051,LZTS1-AS1
8,90221488,90569318,100874052,LINC00534
1,150515757,150518032,100874054,FALEC
2,11393981,11403077,100874055,LINC00570
17,13756478,14069495,100874058,COX10-AS1
13,29872613,29888405,100874059,LINC00297
13,99690081,99690971,100874063,CLYBL-AS2
13,66825169,66915031,100874064,PCDH9-AS2
13,50807856,50849905,100874074,DLEU7-AS1
3,184546714,184556918,100874079,LINC01840
13,46852143,46856299,100874082,HTR2A-AS1
3,156215560,156227883,100874083,KCNAB1-AS2
3,156441157,156446905,100874084,KCNAB1-AS1
19,48910930,48918891,100874085,NUCB1-AS1
13,66977432,66985776,100874086,PCDH9-AS3
13,66990886,67002007,100874087,PCDH9-AS4
3,128075810,128079056,100874089,RUVBL1-AS1
3,11006098,11019224,100874090,SLC6A1-AS1
3,149377778,149386583,100874091,TM4SF1-AS1
3,23804024,23806905,100874092,UBE2E1-AS1
21,39315707,39323218,100874093,BRWD1-AS1
3,44617128,44624797,100874094,ZNF197-AS1
3,186851886,186856123,100874095,ADIPOQ-AS1
13,98832084,98834629,100874096,DOCK9-AS1
1,154553609,154555017,100874097,UBE2Q1-AS1
7,89882353,90211635,100874100,STEAP2-AS1
3,13476982,13480053,100874101,HDAC11-AS1
2,119244422,119249071,100874111,STEAP3-AS1
3,42732575,42746768,100874114,CCDC13-AS1
22,29024999,29031476,100874123,ZNRF3-AS1
13,40181809,40189028,100874127,LINC00332
3,115100423,115103061,100874131,ZBTB20-AS4
13,85363601,85544570,100874137,LINC00351
13,62003525,62029548,100874143,LINC00358
13,67372387,67379976,100874145,LINC00364
13,30103178,30108875,100874146,LINC00365
13,74419173,74435159,100874151,LINC00381
13,63667681,63738018,100874157,LINC00395
13,30803206,30810645,100874158,LINC00398
13,106653916,106672163,100874173,LINC00443
13,34435450,34640685,100874179,LINC00457
13,21872770,21878160,100874182,LINC00424
14,51454512,51599952,100874185,FRMD6-AS2
13,90060247,90119719,100874187,LINC00559
13,38050817,38143232,100874188,LINC00571
21,14582202,14598303,100874190,SAMSN1-AS1
13,95479444,95533910,100874194,CLDN10-AS1
13,60012751,60044357,100874195,DIAPH3-AS1
13,60144698,60153505,100874196,DIAPH3-AS2
11,70631094,70635490,100874198,SHANK2-AS1
3,56940040,56960854,100874200,ARHGEF3-AS1
3,119226486,119290666,100874201,B4GALT4-AS1
13,110502575,110508179,100874203,COL4A2-AS1
3,126103640,126108069,100874204,ALDH1L1-AS1
13,112745449,112754693,100874205,ATP11A-AS1
3,31704058,31721652,100874206,OSBPL10-AS1
3,98714330,98732651,100874207,ST3GAL6-AS1
13,79477364,79481231,100874208,NDFIP2-AS1
13,77026767,77129717,100874212,MYCBP2-AS1
3,196318330,196325570,100874214,TM4SF19-AS1
3,21542816,21579959,100874216,ZNF385D-AS1
3,171876352,171900740,100874219,TMEM212-AS1
3,21942566,21979828,100874221,ZNF385D-AS2
13,77919689,78617328,100874222,RNF219-AS1
13,24252749,24254439,100874231,SPATA13-AS1
12,2220537,2223479,100874234,CACNA1C-AS4
12,2668500,2672220,100874235,CACNA1C-AS2
21,45407386,45410065,100874236,COL18A1-AS2
3,54874605,54901255,100874237,CACNA2D3-AS1
13,111113812,111115678,100874238,ARHGEF7-AS2
5,142859604,142868922,100874239,ARHGAP26-AS1
13,33180401,33281584,100874241,STARD13-AS
3,119314293,119322760,100874246,ARHGAP31-AS1
12,31589923,31615666,100874249,DENND5B-AS1
11,126940746,126945090,100874251,KIRREL3-AS2
1,47179250,47180339,100874253,LINC00853
13,45418162,45420371,100874259,SLC25A30-AS1
7,36597834,36600120,100874264,AOAH-IT1
1,119368946,119370331,100874270,HAO2-IT1
4,100660279,100675113,100874275,LINC01216
1,44243408,44244273,100874278,ERI3-IT1
6,53998890,54007152,100874282,MLIP-IT1
1,171864187,171864687,100874284,DNM3-IT1
8,32440746,32442725,100874286,NRG1-IT3
1,111853762,111856905,100874295,KCND3-IT1
6,158001107,158002383,100874300,SYNJ2-IT1
1,49374201,49472085,100874313,AGBL4-IT1
7,27168619,27171915,100874323,HOXA10-AS
3,10626021,10626807,100874325,ATP2B2-IT2
21,40615378,40630767,100874326,DSCAM-IT1
3,178419201,178457309,100874330,LINC01014
20,8248704,8256918,100874337,PLCB1-IT1
7,5662432,5680461,100874342,RNF216-IT1
2,20590775,20592548,100874343,HS1BP3-IT1
6,166460663,166465383,100874353,RPS6KA2-IT1
5,146914207,146919506,100874361,PPP2R2B-IT1
17,48543551,48551250,100874362,HOXB-AS1
12,53999022,54000010,100874363,HOXC-AS1
12,53993810,53996785,100874364,HOXC-AS2
12,53981509,53985519,100874365,HOXC-AS3
12,53935328,53939643,100874366,HOXC13-AS
12,2048352,2049463,100874369,CACNA1C-IT2
5,143192500,143194166,100874372,ARHGAP26-IT1
4,105561591,105570238,100874374,ARHGEF38-IT1
13,44146470,44158222,100874377,SMIM2-IT1
3,195094588,195096057,100874528,XXYLT1-AS1
22,38991559,38998209,100874530,APOBEC3B-AS1
6,21486061,21511895,100874531,LINC00581
4,39528019,39594707,100885776,UGDH-AS1
13,100708325,101059286,100885778,NALCN-AS1
18,57054559,57072119,100885779,LINC-ROR
2,214510196,214536890,100885780,VWC2L-IT1
13,71015141,71168417,100885781,LINC00348
13,109163902,109201483,100885782,MYO16-AS1
12,67989445,68234686,100885789,IFNG-AS1
3,143342246,143347071,100885796,SLC9A9-AS1
1,217892900,217920804,100885798,LINC00210
17,42968088,42980433,100885848,PTGES3L
17,42950526,42980528,100885850,PTGES3L-AARSD1
13,52167709,52194465,100887750,MRPS31P5
22,38952741,38992778,100913187,APOBEC3A
12,132186735,132189695,100996246,LINC02361
1,113011687,113073105,100996251,AL357055.3
17,18524566,18526846,100996259,FAM106A
14,85393879,85420074,100996280,LINC00911
4,152100754,152104720,100996286,LINC02273
17,78261349,78278492,100996291,LINC01993
1,63320884,63324441,100996301,FOXD3-AS1
19,42397128,42652355,100996307,LIPE-AS1
18,12739490,12749421,100996324,LINC01882
15,21846329,21877703,100996331,POTEB
22,21466423,21471269,100996337,TMEM191C
22,17121586,17132104,100996342,LINC01664
8,85441851,85464915,100996348,CA3-AS1
19,3141576,3155175,100996351,AC005264.1
5,176049678,176062021,100996385,AC139491.1
22,21466423,21471269,100996401,TMEM191C
5,179859013,179861283,100996419,AC008393.1
16,80828735,80892595,100996425,LINC02170
3,158545220,158571066,100996447,AC106707.1
11,64449074,64451657,100996455,AP003774.1
2,85064108,85067347,100996478,LINC01964
3,181952343,182010678,100996490,LINC01206
9,99355337,99377240,100996569,NAMA
1,60940239,60970776,100996570,NFIA-AS2
21,26393635,26569252,100996571,CYYR1-AS1
2,161244739,161249050,100996579,LINC01806
9,105993310,106740875,100996590,LINC01505
3,16536320,16541373,100996597,LINC00690
3,27830888,27834136,100996624,LINC01981
1,95310928,95318263,100996630,LINC01760
19,32025862,32056865,100996665,LINC01533
12,126610034,126690318,100996671,AC006065.4
2,219434846,219498287,100996693,SPEG
4,119939540,119964293,100996694,AC097173.2
1,112820170,112850643,100996702,LINC01356
17,46274784,46361797,100996709,ARL17B
1,148531385,148679751,100996717,NBPF14
2,89542842,89585652,100996732,AC006453.2
1,16733952,16734461,100996741,FAM231C
10,47918739,47923524,100996758,AC245041.1
1,148531385,148679751,100996763,NBPF14
17,7581964,7584072,100996842,AC016876.1
2,38431294,38433573,100996902,LINC01883
7,139341360,139422599,100996928,C7orf55-LUC7L2
4,88520985,88523813,100996939,PYURF
4,122618983,122689156,100996941,IL21-AS1
12,29389294,29487488,101055625,OVCH1-AS1
15,30403740,30414162,101059918,GOLGA8R
16,16379055,16393954,101059938,NPIPA7
19,49017496,49020523,101059948,AC008687.4
16,16379055,16393954,101059953,NPIPA7
2,66904436,66971462,101060019,LINC01799
12,133106817,133130473,101060200,ZNF891
6,41494853,41548621,101060264,FOXP4-AS1
1,13164586,13165467,101060301,HNRNPCL4
17,36323884,36334759,101060321,TBC1D3G
17,37924415,37935365,101060351,TBC1D3K
17,37977972,37989048,101060376,TBC1D3L
2,900216,905451,101060385,LINC01939
17,38003976,38014902,101060389,TBC1D3D
16,22345936,22437165,101060399,CDR2
4,40316485,40330419,101060498,LINC02265
16,22297375,22335103,101060521,POLR3E
18,70380140,70384591,101060542,LINC01910
17,21075556,21090615,101060544,LINC01563
1,120723923,120841481,101060684,NBPF26
10,79663088,79826594,101060691,NUTM2B-AS1
10,126413869,126421879,101101772,LINC00601
14,36070427,36165288,101101773,LINC00609
17,10729777,10815164,101101775,TMEM220-AS1
6,36673621,36675126,101154753,PANDAR
19,39246314,39248856,101180976,IFNL4
5,2712591,2715237,101234261,LSINCT5
3,161426427,161448242,101243545,LINC02067
9,33677268,33688011,101243555,PTENP1-AS
17,40027542,40027645,101340251,SNORD124
9,33934296,33934376,101340252,SNORD121B
13,109728282,109730007,101409253,LINC00676
8,12794243,12818291,101409254,LINC00681
20,62800627,62805587,101409261,OGFR-AS1
8,63167725,63168442,101410533,YTHDF3-AS1
18,3962353,4013943,101410534,DLGAP1-AS4
7,27241429,27247229,101410536,EVX1-AS
10,125972188,125973126,101410540,FANK1-AS1
4,41220074,41256727,101410542,UCHL1-AS1
3,195147871,195152790,101410543,XXYLT1-AS2
4,97366926,97490164,101410545,STPG2-AS1
17,4704230,4705529,101559451,AC091153.3
2,206203376,206266243,101669764,GPR1-AS
19,51949134,51981367,101669766,ZNF350-AS1
2,180692104,180916939,101669767,SCHLAP1
7,100336079,100351900,101735302,STAG3L5P
7,100336104,100367831,101752399,STAG3L5P-PVRIG2P-PILRB
8,127400399,127402150,101805488,CCAT2
2,46429190,46484425,101805491,TMEM247
8,127079874,127092600,101867536,PRNCR1
20,33983052,33994357,101926888,RALY-AS1
1,57860532,57880905,101926890,DAB1-AS1
8,70471134,70485687,101926892,AC022730.4
15,90620007,90717141,101926895,CRTC3-AS1
16,4324667,4328340,101926896,GLIS2-AS1
13,58165827,58209483,101926897,LINC02338
9,34985410,34989379,101926900,DNAJB5-AS1
3,116360024,116370090,101926903,LSAMP-AS1
5,38710367,38845829,101926904,OSMR-AS1
8,72732045,72751843,101926908,AC013562.1
15,91022619,91036611,101926911,AC068831.1
4,119407967,119454638,101926918,GTF2IP12
10,89915489,89957373,101926924,LINC01375
8,73297711,73356461,101926926,RDH10-AS1
15,91408708,91605211,101926928,CRAT37
14,22929609,22955562,101926933,AL132780.1
6,46670444,46688165,101926934,AL591242.1
5,39520431,39524708,101926940,LINC02104
5,142325293,142672001,101926941,AC010317.1
10,90402521,90540805,101926942,AL391704.2
16,5601169,5616196,101926950,LINC01570
13,61424689,61427946,101926951,LINC02339
20,25955812,25969288,101926955,LINC01733
1,60659631,60867998,101926964,AC099792.1
2,15690782,15744339,101926966,LINC01804
5,142745600,142760998,101926975,LINC01844
8,76406654,76524356,101926978,LINC01111
3,120833440,120836360,101926983,LINC02049
20,36507702,36573391,101926987,DLGAP4-AS1
7,561958,565619,101927000,AC147651.1
8,78426103,78558503,101927003,PKIA-AS1
4,119799089,119804515,101927007,LINC01365
16,9355588,9408093,101927009,LINC02177
9,68543541,68546589,101927015,LINC01506
17,44646364,44650349,101927017,LINC01180
17,28926275,28944749,101927018,AC024267.4
5,112228283,112257309,101927023,AC104126.1
1,64094442,64171297,101927034,ROR1-AS1
12,41764189,41765581,101927038,LINC02400
8,79769372,79871759,101927040,AC036214.1
2,47192405,47345074,101927043,AC106869.1
10,94081950,94108814,101927049,PLCE1-AS2
22,37641832,37658377,101927051,Z83844.2
2,178521183,178779963,101927055,TTN-AS1
3,125827238,125916384,101927056,AC092902.2
17,31272013,31297539,101927057,OMG
12,42615503,42646498,101927058,LINC02402
5,114576041,114579970,101927059,LINC01957
14,26775495,26822107,101927062,LINC02294
8,79768142,79802842,101927067,LINC01607
4,41872747,41882955,101927074,LINC00682
5,44388732,44413989,101927075,FGF10-AS1
15,21990061,22125546,101927079,AC134980.1
14,26873133,26914743,101927081,MIR4307HG
4,124499942,124558434,101927087,AC110618.1
5,151676945,151724782,101927096,CTB-113P19.1
3,67654697,67947713,101927111,SUCLG2-AS1
15,93905405,94107938,101927112,LINC01581
5,151949571,152270448,101927115,LINC01933
11,56848478,56878078,101927120,AP001803.2
3,127322307,127390670,101927123,LINC02016
14,31420286,31452883,101927124,AL139353.2
7,1738630,1742291,101927125,ELFN1-AS1
15,93900701,93984150,101927129,LINC01580
16,11465260,11473174,101927131,AC099489.3
16,47724568,47908431,101927132,LINC02133
5,152618965,153223543,101927134,LINC01470
6,53561289,53617171,101927136,AL033397.1
1,66042500,66050718,101927139,AL590783.1
8,82912104,82961926,101927141,AC105031.3
1,224208747,224213279,101927143,AC092809.2
3,127480690,127537780,101927149,LINC01471
18,6256747,6260934,101927150,L3MBTL4-AS1
19,27793463,27918863,101927151,AC006504.5
3,69999577,70015318,101927152,SAMMSON
13,75604700,75635994,101927155,LMO7-AS1
2,181101932,181399559,101927156,LINC01934
20,42685404,42688562,101927159,AL031656.1
1,224219613,224228043,101927164,AC092809.4
6,53628380,53631394,101927171,LINC01564
3,195758,197341,101927174,CHL1-AS2
7,2403560,2448483,101927181,CHST12
18,6954677,6957419,101927188,AP002409.1
6,53930022,53997667,101927189,AL033384.1
3,363370,385795,101927193,CHL1-AS1
2,185719874,185740479,101927196,AC007966.1
17,49457861,49461749,101927207,LINC02075
3,536231,846015,101927215,LINC01266
2,186032891,186083233,101927217,LINC01473
20,44372746,44395706,101927219,HNF4A-AS1
1,68496676,68538627,101927220,DEPDC1-AS1
8,102239394,102253333,101927221,UBR5-AS1
16,49466106,49469875,101927228,LINC02179
18,55105904,55124306,101927229,LINC01929
17,50214694,50215420,101927230,LINC01969
4,67417305,67468251,101927237,AC104806.2
17,34169372,34195937,101927239,LINC01989
20,44436172,44465349,101927242,LINC01620
1,70706453,70786468,101927244,LINC01788
17,50627032,50631940,101927253,AC004590.1
22,40521800,40526707,101927257,AL031594.1
9,72871728,72874109,101927258,LINC01474
12,49292631,49324576,101927267,AC125611.4
16,50666211,50671639,101927272,AC007608.3
18,55881688,55920199,101927273,LINC01416
17,51312609,51335165,101927274,LINC02071
18,9121265,9136645,101927275,NDUFV2-AS1
4,129724171,129771481,101927282,LINC02466
2,59217708,59279400,101927285,LINC01793
15,97370371,97521811,101927286,LINC02254
6,95575183,95577450,101927288,MANEA-AS1
2,241881363,242078722,101927289,LINC01237
12,49911953,49930320,101927292,LINC02395
1,73306170,73355253,101927295,LINC01360
15,97540597,97560702,101927310,AC026523.1
16,14009280,14016016,101927311,LINC02185
6,97283303,98399872,101927314,AL589740.1
12,49951512,49962924,101927318,AC025154.2
1,74577430,74626098,101927320,ERICH3-AS1
18,9615264,9619363,101927323,PPP4R1-AS1
10,99526350,99531177,101927324,LINC01475
16,51017758,51035777,101927334,LINC02127
21,9369285,9376645,101927345,CR381653.2
3,73999805,74005609,101927346,LINC02047
3,6631689,6805449,101927347,GRM7-AS3
16,14018880,14021077,101927348,LINC02186
18,10405133,10414515,101927350,LINC01254
7,82009177,82029955,101927356,AC006145.1
9,74371531,74383530,101927358,AL355674.1
4,133075311,133149116,101927359,AC105383.1
2,104488458,104510509,101927360,LINC01103
2,545805,546667,101927362,LINC01875
4,32351038,32353220,101927363,LINC02353
16,51762519,51773173,101927364,LINC01571
20,47352561,47354633,101927377,AL031666.1
7,84532476,84584322,101927378,AC003984.1
5,122628952,122730685,101927379,LINC02201
10,128181032,128317726,101927381,LINC01163
3,7952805,8611924,101927394,LMCD1-AS1
10,101176323,101194147,101927396,LINC01514
2,64522187,64524093,101927402,AC008074.3
2,194344269,194419645,101927406,LINC01821
18,10661933,10666887,101927410,AP001180.1
19,32102088,32105916,101927411,LINC01782
1,80535755,80646788,101927412,LINC01781
3,9192493,9194453,101927416,SRGAP3-AS2
10,101252821,101263550,101927419,AL133387.2
7,87151423,87152420,101927420,AC005076.1
11,797511,799190,101927423,PANO1
2,113512463,113515485,101927424,LINC01961
1,144276484,144305180,101927429,AC245595.2
18,67808505,67814822,101927430,LINC01903
2,194730595,194761435,101927431,LINC01790
1,81513880,81557702,101927434,AL138799.4
2,64846130,64863626,101927438,LINC01800
7,90335223,90391455,101927446,GTPBP10
22,43275955,43283830,101927447,Z99756.1
9,79135422,79145674,101927450,AL512634.1
3,133246106,133257188,101927455,TMEM108-AS1
8,110937690,111027433,101927459,LINC01608
5,125493261,125602227,101927460,LINC02240
12,126095992,126103935,101927464,LINC02359
16,54845189,54929189,101927480,CRNDE
18,70335439,70352459,101927481,LINC01909
2,196260024,196264204,101927482,AC020571.1
8,111098961,111236203,101927487,LINC01609
10,131095218,131095777,101927489,TCERG1L-AS1
2,105097052,105102944,101927492,UTAT33
3,86481943,86496996,101927494,LINC02070
11,61588494,61607550,101927495,AP002754.1
7,92836483,92917187,101927497,AC002454.1
1,82973882,82986208,101927498,LINC01361
9,81689713,81776900,101927502,AL591368.1
8,119062942,119068782,101927513,AC107953.2
10,104474939,104480274,101927523,AL161646.1
22,44443327,44444788,101927526,LINC01656
12,126191263,126361065,101927531,AC005885.1
1,230002730,230007162,101927532,LINC01736
2,65436711,66084639,101927533,AC007389.1
2,2870558,2871231,101927534,AC011995.1
17,57600856,57608412,101927539,AC007431.1
20,50172550,50176671,101927541,LINC01273
8,120761253,120776832,101927543,AC104958.1
2,197250858,197302519,101927547,ANKRD44-IT1
7,99013165,99048240,101927550,AC004893.2
1,230592660,230595583,101927553,LINC01737
2,2895048,3126026,101927554,LINC01250
17,57522248,57523597,101927557,AC007431.2
1,83575776,83861023,101927560,LINC01725
3,14348451,14352568,101927565,LINC01267
18,22723491,22907721,101927571,AC090912.2
9,84063443,84094577,101927575,AL390838.1
16,59855353,60053973,101927580,LINC02141
17,57744481,57745312,101927581,CCDC182
20,50310711,50321342,101927586,LINC01271
1,83575776,83861023,101927587,LINC01725
8,124192671,124247398,101927588,AC090921.1
10,132943967,132965289,101927590,LINC01166
12,126915203,127060401,101927592,LINC02405
2,197197991,197199273,101927596,AC013264.1
19,36573070,36594708,101927599,ZNF529-AS1
1,230874846,230879015,101927604,AL118511.1
18,74409415,74413209,101927606,LINC01922
8,124462485,124474576,101927612,RNF139-AS1
12,127324155,127340072,101927616,LINC02375
14,53153354,53157528,101927620,AL356020.1
19,36685440,36687449,101927621,LINC01534
7,17405479,17558909,101927630,AC019117.1
20,50930984,50945134,101927631,ADNP-AS1
4,143912331,143982454,101927636,AC093890.3
12,127631248,127636467,101927637,LINC02411
2,199608068,199659132,101927641,LINC01877
18,14969001,14970468,101927642,LINC01444
16,65141756,65176713,101927650,LINC02126
12,58565960,58781747,101927653,LINC02388
8,126325495,126329535,101927657,AC087667.1
4,145497073,145502971,101927659,SMAD1-AS2
2,67086446,67311439,101927661,LINC01828
17,58076891,58083204,101927666,AC015813.3
19,37251912,37265535,101927667,LINC01535
10,133246478,133247891,101927671,MIR202HG
20,51831797,51862912,101927678,LINC01429
11,2328749,2377992,101927682,CD81-AS1
1,232727254,232742715,101927683,LINC01744
6,113623535,113650074,101927686,AL357519.1
17,58519837,58556977,101927688,SEPT4-AS1
14,56514331,56551309,101927690,AL355103.1
10,114764788,114779903,101927692,AL137025.1
12,128118217,128121952,101927694,LINC02368
5,158320683,158409773,101927697,LINC02227
18,31101588,31162789,101927698,DSCAS
20,52210645,52650431,101927700,LINC01524
2,67796054,67825562,101927701,LINC01812
14,60240121,60248765,101927702,AL157756.1
10,117158656,117169059,101927704,MIR3663HG
11,3429758,3581211,101927708,AC127526.4
18,77971294,77993722,101927715,LINC01029
18,31343368,31426988,101927718,DSG1-AS1
7,101299613,101301270,101927721,LNCPRESS1
22,47461299,47487111,101927722,LINC01644
16,66469796,66481230,101927726,BEAN1-AS1
17,909632,911212,101927727,AC087392.1
12,129208601,129212662,101927735,TMEM132D-AS2
5,159100483,159117478,101927740,LINC02202
21,15370500,15627342,101927745,AJ009632.2
15,100892859,100919283,101927751,AC015712.2
17,59964832,59996972,101927755,AC005702.1
5,132630589,132664272,101927761,TH2LCRR
10,933026,942743,101927762,AL359878.2
1,234372807,234373593,101927765,AL355472.1
5,159776772,159871384,101927766,LINC01847
6,113969701,114471705,101927768,HDAC2-AS2
7,20296708,20311712,101927769,AC099342.1
14,61556313,61570653,101927780,AL355916.1
1,234646289,234683176,101927787,AL160408.1
16,88881038,88887136,101927793,AC092384.2
2,200780495,200812170,101927795,AC007163.1
20,55420336,55427197,101927796,LINC01441
8,133775551,133777352,101927798,AC090821.1
3,140505611,140508789,101927808,CLSTN2-AS1
18,36179996,36187448,101927809,AC023043.1
8,2589985,2623382,101927815,AC245123.1
21,21746973,21797415,101927821,LINC01425
8,133886496,133902407,101927822,AC110741.1
11,65789051,65790868,101927828,OVOL1-AS1
3,20174244,21145967,101927829,SGO1-AS1
3,142960650,143001559,101927832,PAQR9-AS1
5,164448422,164467402,101927835,LINC02143
16,67481314,67505063,101927837,AC009061.2
17,2232680,2233610,101927839,AL450226.1
21,22008944,22098459,101927843,LINC01687
8,134849935,134881899,101927845,AC103764.1
4,149154295,149278123,101927849,LINC02355
1,234957342,234970062,101927851,AL391832.2
17,61361668,61400243,101927855,AC005746.2
5,168229583,168232357,101927862,CTB-178M22.2
3,146921923,146925218,101927866,LINC02010
21,24304550,24321377,101927869,LINC01689
7,103445207,103514007,101927870,AC005064.1
9,90300902,90433505,101927873,LINC01508
1,18065657,18074412,101927876,LINC01654
17,62808500,62836371,101927877,AC068512.1
2,75524068,75542706,101927884,AC007099.1
1,88537513,88685204,101927891,PKN2-AS1
18,40066286,40099233,101927900,LINC01477
12,67709047,67729475,101927901,LINC02421
12,8235415,8242564,101927905,LINC02449
2,76985965,77009791,101927907,AC079117.1
5,167164934,167168401,101927908,AC091819.1
17,2962248,2965895,101927911,AC015921.1
7,157466231,157499716,101927914,AC006372.3
11,8060038,8069373,101927917,TUB-AS1
18,44323436,44531697,101927921,LINC01478
12,67929235,67970017,101927922,LINC01479
2,129923177,129946703,101927924,LINC01856
2,77915934,77918011,101927926,LINC01851
19,41535183,41536904,101927931,LINC01480
5,134506552,134509229,101927934,LINC01843
18,44676927,44679717,101927943,AC120049.1
2,78088730,78127806,101927948,AC012494.1
6,5664985,5695272,101927950,AL022097.1
5,135038831,135040047,101927953,C5orf66-AS1
16,72283301,72665009,101927957,LINC01572
10,4051726,4089013,101927964,AC025822.2
6,5451683,5458075,101927972,AL021328.1
21,28116094,28228667,101927973,LINC01695
2,79493716,79500844,101927987,AC010975.1
1,152930040,152949210,101927988,LINC01527
18,76491652,76493918,101927989,AC018413.1
3,150238519,150240209,101927992,LINC01213
2,131637025,131649615,101927994,LINC01087
17,5111468,5115004,101928000,AC012146.1
11,9839143,9929263,101928008,AC011092.2
1,153174518,153191676,101928009,AL161636.1
7,112622378,112708080,101928012,AC002463.1
1,20184242,20186486,101928017,UBXN10-AS1
2,83522814,83523502,101928031,LINC01809
5,170389493,170422844,101928033,CTD-2270F17.1
16,74054151,74296762,101928035,AC009120.6
7,112954646,112995634,101928036,HRAT17
9,93955597,93959140,101928040,BARX1-AS1
1,22023990,22026048,101928043,LINC01635
4,162022733,162047567,101928052,AC023136.1
11,10809297,10822931,101928053,AC116535.1
12,69904033,70243360,101928062,LINC01481
19,43996896,44002836,101928063,AC006213.1
11,66473490,66480233,101928069,AP002748.3
14,70608798,70641298,101928075,AL357153.1
1,94613814,94855426,101928079,SLC44A3-AS1
3,150703564,150720146,101928085,ERICH6-AS1
8,142638596,142640648,101928087,AC108002.3
1,95061596,95067545,101928098,AC095033.1
12,10363769,10398506,101928100,AC022075.1
17,68591796,68763882,101928104,LINC01482
21,33111699,33123703,101928107,AP000289.1
8,143080457,143083001,101928108,LY6L
2,239401436,239402364,101928111,AC062017.1
1,95163219,95233982,101928118,AC092802.1
11,13921450,13924863,101928132,AC022240.1
15,33303657,33310659,101928134,AC055874.1
5,173707614,173746211,101928136,LINC01484
12,73159190,73208317,101928137,LINC02444
17,70051277,70068095,101928141,LINC01028
14,73275107,73463642,101928143,NUMB
18,49499390,49501860,101928144,AC091170.1
21,34400317,34401072,101928147,C21orf140
4,165684639,165762778,101928151,LINC01179
3,37745432,37861780,101928153,ITGA9-AS1
20,62352995,62356480,101928158,LAMA5-AS1
8,143684452,143713898,101928160,ZNF707
2,133264968,133284762,101928161,AC010890.1
12,10750234,10777444,101928162,LINC02366
17,71097775,71202177,101928165,CASC17
18,53579623,53581059,101928167,LINC01917
7,29122274,29514328,101928168,CHN2
15,34755084,34812923,101928174,AC087457.1
2,132915557,132931494,101928185,AC016909.2
3,155240945,155243144,101928190,LINC01487
11,69012283,69018447,101928200,MRGPRF-AS1
16,76634998,76658478,101928203,LINC02125
17,72072333,72093481,101928205,LINC02097
15,37984766,38062340,101928227,LINC02345
21,42599280,42615058,101928233,LINC01671
19,9538733,9539734,101928238,AC008567.3
1,96254069,96374125,101928241,LINC01787
16,79676108,79807922,101928248,LINC01229
17,73513612,73521407,101928251,AC124804.1
7,125229579,125264291,101928254,AC019155.2
17,9171068,9179118,101928266,AC005695.1
1,99472332,99600995,101928270,LINC01708
2,20859771,20861661,101928271,AC012361.1
16,80566794,80572808,101928276,LINC01227
6,68226972,68329899,101928280,AL593854.1
7,125172218,125379321,101928283,AC010099.4
4,171289475,171298267,101928288,AC108074.1
19,49368705,49388081,101928295,AC010643.1
10,10058722,10063502,101928298,AL138775.1
1,26209741,26229840,101928303,AL355877.1
6,68629962,68635027,101928307,AL391807.1
21,42777819,42779994,101928311,LINC01668
10,10418739,10462349,101928322,AL583859.2
2,216870772,216871639,101928327,LINC01921
7,127215127,127229921,101928333,AC000099.1
12,15001833,15006683,101928340,LINC01489
17,74599840,74607229,101928343,AC064805.1
2,88538720,88575610,101928371,AC104134.1
1,160932465,160949922,101928372,AL354714.1
3,159913400,160225299,101928376,IL12A-AS1
9,65219987,65230861,101928381,AL512605.1
2,143937073,143964156,101928386,AC016910.1
15,41972763,41999094,101928388,PLA2G4E-AS1
21,43358147,43362349,101928399,LINC01679
7,56534230,56538130,101928401,AC092447.5
1,163161675,163213023,101928404,AL499616.1
3,165150006,165158062,101928405,LINC02023
12,132329850,132331575,101928416,AC148477.1
16,82953230,82990298,101928417,AC125793.1
17,12671862,12706135,101928418,AC005358.1
12,80763154,80770717,101928420,LINC01490
11,102452919,102462008,101928424,AP001830.1
21,38974429,38977774,101928435,LINC01700
9,99585786,99819889,101928438,AL359710.1
11,33774699,33775670,101928440,FBXO3-AS1
12,23099368,23191587,101928441,AC087258.1
15,47803384,47846236,101928442,LINC01491
11,70056230,70065371,101928443,AP003555.1
5,179595904,179603741,101928445,AC136604.2
16,82773319,82829638,101928446,AC099506.1
5,56511567,56606232,101928448,C5orf67
12,81953719,81993133,101928449,LINC02426
1,29329620,29350114,101928460,LINC01756
19,11987617,12046275,101928464,AC008770.1
9,101468439,101481502,101928470,TMEM246-AS1
12,24223271,24237965,101928471,SOX5-AS1
17,15014805,15052276,101928475,AC005772.1
1,105587575,105618958,101928476,LINC01676
4,173897252,173929525,101928478,LINC02269
6,73693903,73696131,101928489,AL590428.1
9,103140523,103325034,101928496,LINC01492
4,174094660,174220398,101928509,LINC02268
17,76799044,76807102,101928514,LINC02080
6,74069451,74690727,101928516,AL357507.1
19,51152923,51181966,101928517,AC063977.6
4,652850,656213,101928521,AC107464.1
9,135503273,135506447,101928525,AL161452.1
15,55317184,55319161,101928527,PIGBOS1
12,132887842,132888583,101928530,AC127070.2
11,106250019,106264905,101928535,AP002001.1
11,38646476,38674241,101928536,LINC01493
2,218900811,218930636,101928537,LINC01494
5,57890327,57899162,101928539,LINC02225
9,104080024,104093073,101928550,SMC2-AS1
11,72570660,72573229,101928555,LINC01537
16,85792415,85792933,101928557,AC018695.3
14,81605347,81623061,101928559,LINC01467
17,15806241,15817742,101928567,LINC02087
19,51888025,51900463,101928571,ZNF649-AS1
11,74311362,74324705,101928580,P4HA3-AS1
3,170418865,170860380,101928583,CLDN11
4,175790307,175812189,101928590,AC097537.1
1,169104124,169104907,101928596,AL031726.1
12,133030389,133037222,101928597,AC073911.1
5,58541567,58558243,101928600,LINC02108
6,77690658,77926974,101928601,MEI4
19,2458935,2462185,101928602,LINC01775
6,24797321,24798889,101928603,C6orf229
9,136648610,136660421,101928612,HSPC324
16,86720688,86721954,101928614,LINC02189
7,36095272,36100653,101928618,AC083864.3
4,33776347,34039893,101928622,AC016687.3
1,585989,827796,101928626,AL669831.3
12,27389789,27446625,101928646,ARNTL2-AS1
5,61658474,61698432,101928651,AC026746.1
4,177729638,177907936,101928656,LINC01099
16,87317509,87318043,101928659,AC010531.6
6,146594516,146598931,101928661,AL359547.1
1,173417793,173461362,101928673,AL645568.1
17,78360453,78373911,101928674,AC061992.1
16,87262759,87292438,101928682,AC010531.4
3,176814155,176817001,101928684,LINC01209
10,52450874,52470533,101928687,LINC01468
15,58434890,58498735,101928694,LIPC-AS1
1,174934947,174954261,101928696,Z99127.1
7,147080934,147097609,101928700,AC006004.1
16,30355441,30357104,101928707,AC106782.2
16,87212122,87226430,101928708,AC136285.1
17,78617389,78632057,101928710,LINC02081
1,111680630,111755824,101928718,FAM212B
15,58768072,58770974,101928725,AC090515.2
1,26692132,26694131,101928728,AL512408.1
12,93707791,93737823,101928731,AC012085.2
7,149398204,149401456,101928733,AC004941.1
4,183233628,183240634,101928734,WWC2-AS1
16,87492555,87515635,101928737,AC092720.1
17,79919357,79925462,101928738,LINC01978
3,179101366,179147973,101928739,AC076966.1
7,40964667,40979939,101928744,LINC01450
9,115119539,115138409,101928748,AL162425.1
1,175877343,175880468,101928751,LINC01657
13,112313467,112321758,101928752,LINC01043
17,79915252,79926725,101928766,LINC01979
5,66507544,66511604,101928769,LINC02229
6,81813286,81814157,101928770,LINC01526
7,41101604,41133507,101928773,LINC01449
9,115739663,115744239,101928775,AL731897.1
4,38420662,38523180,101928776,LINC01258
1,177700524,177710330,101928778,LINC01741
7,131897641,131948953,101928782,AC009518.1
15,60479178,60630637,101928784,RORA-AS1
3,179898229,179921895,101928790,PEX5L-AS2
14,88018605,88036319,101928791,AL157955.2
7,42661726,42706447,101928795,LINC01448
9,117648606,117657027,101928797,AL161630.1
4,75980790,76005942,101928809,AC112719.2
6,85387219,85390186,101928820,AL135903.2
11,112393118,112621729,101928823,AP003063.1
10,19710328,19728550,101928834,AL157895.1
11,76782581,76783062,101928837,AP003119.2
15,24441127,24447967,101928840,PWRN3
19,5847467,5858239,101928844,AC024592.2
19,14333743,14343916,101928845,LINC01842
1,113924000,113929492,101928846,HIPK1-AS1
11,112959279,112963460,101928847,AP000802.1
15,61598514,61605241,101928850,AC104574.1
4,57425872,57465986,101928851,LINC02380
17,80801640,80805632,101928855,AC016245.1
5,1173141,1178605,101928857,CTD-3080P12.3
5,67379378,67805238,101928858,AC112206.2
11,78423982,78429836,101928865,AP003086.1
16,88194281,88195217,101928880,LINC02182
2,233012614,233015885,101928881,AC106876.1
3,180602858,180871005,101928882,CCDC39
19,56066684,56078801,101928886,LINC01864
10,64901136,64924518,101928887,AC024600.1
22,20957092,20964679,101928891,LINC01637
11,46123573,46177106,101928894,AC024475.4
11,78533176,78558565,101928896,AP003110.1
14,90642638,90648894,101928909,AL096869.2
13,25172828,25180079,101928922,LINC00463
5,69477472,69502466,101928924,AC145146.2
3,50266641,50267371,101928931,SEMA3B-AS1
12,99093359,99105011,101928937,AC117377.1
11,114360635,114380045,101928940,AP002518.1
4,81164940,81193395,101928942,AC139722.1
11,47270657,47272110,101928943,AC018410.1
11,80751200,80762826,101928944,AP002759.1
4,189659605,189661486,101928971,LINC01262
1,181174484,181182208,101928973,LINC01732
4,83796436,84293412,101928978,AC079160.1
19,56536156,56538575,101928982,AC005498.2
15,63928274,63935953,101928988,AC015914.1
11,81879851,82718082,101928989,MIR4300HG
3,184756389,184773155,101928992,LINC02069
10,69215333,69232490,101928994,AL596223.1
3,51873596,51875767,101928999,IQCF5-AS1
14,92905697,92907482,101929002,LINC02287
6,29223973,29290440,101929006,AL672167.2
20,1633508,1648472,101929010,SIRPG-AS1
11,116639422,116658252,101929011,AP000770.1
4,12223451,12251286,101929019,LINC02270
1,116423724,116478842,101929023,LINC01762
12,31363481,31369301,101929027,LINC02387
5,1855970,1856568,101929034,LINC02116
10,25651712,25732935,101929052,LINC00836
3,52239258,52241097,101929054,AC006252.1
12,103151842,103168309,101929058,AC068643.2
19,56690686,56799646,101929059,ZIM2-AS1
4,86117912,86219926,101929064,AC104827.1
8,18084868,18096394,101929066,AC124242.1
1,185001527,185008683,101929069,LINC01633
4,13655179,13977075,101929071,LINC01182
6,31394289,31395495,101929072,AL645933.2
1,9672426,9687555,101929074,PIK3CD-AS2
15,67834310,67838879,101929076,AC009292.1
14,95329584,95335504,101929080,LINC02292
5,1887332,1900493,101929081,CTD-2194D22.4
5,74322486,74328297,101929082,LINC01333
12,103547794,103559815,101929084,LINC02401
7,47621939,47629893,101929086,LINC01447
1,185558372,185628527,101929093,LINC01350
4,15004942,15427914,101929095,AC098829.1
1,117025482,117059490,101929099,AL445231.1
3,187197090,187207629,101929106,AC007920.1
5,76606608,76608970,101929109,AC026725.1
12,105704203,105744062,101929110,CASC18
6,31441667,31446973,101929111,LINC01149
9,126270121,126275918,101929116,AL162391.1
4,17171757,17186059,101929123,AC006231.1
19,22520995,22527949,101929124,AC011467.1
9,72674,88826,101929127,PGM5P3-AS1
8,9189011,9202854,101929128,AC022784.1
3,187291272,187297933,101929130,AC007920.2
13,41132939,41236686,101929140,AL354696.2
19,23046958,23061752,101929144,LINC01858
10,73495525,73520070,101929145,PPP3CB-AS1
1,119140396,119275973,101929147,AL359915.2
15,70570958,70586606,101929151,LINC02204
3,190120964,190144846,101929152,P3H2-AS1
5,4773481,4774865,101929153,LINC02114
3,57693205,57696596,101929159,AC114480.1
12,107736555,107759968,101929162,AC007622.2
19,23015075,23023697,101929164,LINC01859
8,21298206,21309449,101929172,AC021355.1
1,11609531,11613355,101929181,LINC01647
1,193304745,193365953,101929184,LINC01031
8,10474565,10481974,101929191,LINCR-0001
4,27217479,27282225,101929199,LINC02261
20,5507875,5510002,101929207,LINC01729
4,94117792,94207556,101929210,AC096746.1
5,80052374,80083654,101929215,CTD-2201I18.1
11,90251232,90915052,101929222,DISC1FP1
1,200669507,200694250,101929224,AL445483.1
11,120867933,120894797,101929227,AP004147.1
8,22877972,22888022,101929237,AC037441.1
3,58824437,59019093,101929238,C3orf67-AS1
6,163042557,163054161,101929239,PACRG-AS2
14,97458816,97581601,101929241,LINC02325
6,34696317,34697470,101929243,AL451165.2
20,6446723,6528459,101929244,CASC20
2,150552532,150572221,101929260,LINC01920
5,7346986,7347977,101929261,LINC02123
20,7146467,7254202,101929265,LINC01428
8,48551567,48698510,101929268,AC022915.2
8,11062647,11067089,101929269,AF131215.3
20,7302056,7307432,101929288,LINC01751
11,95150539,95234104,101929295,AP000787.1
6,166236969,166256947,101929297,AL121956.1
9,3526723,3691814,101929302,RFX3-AS1
10,77147652,77150100,101929310,KCNMA1-AS2
8,24490312,24514829,101929315,AC024958.1
10,76888044,76980624,101929328,KCNMA1-AS1
20,9505180,9514998,101929329,LAMP5-AS1
9,129282458,129285728,101929331,AL161785.1
15,74478070,74490286,101929333,AC012435.1
3,64561322,64592757,101929335,ADAMTS9-AS1
3,194247648,194257772,101929337,LINC02037
5,9511333,9518086,101929338,SEMA5A-AS1
11,124759129,124765936,101929340,AP000866.2
8,52194362,52199580,101929341,AC021915.1
9,4676600,4679502,101929351,CDC37L1-AS1
4,100190033,100215505,101929353,AP001961.1
22,23433564,23435071,101929374,LINC01659
2,156011530,156254950,101929378,LINC01876
12,203642,205094,101929384,AC007406.4
16,921033,934495,101929387,LMF1-AS1
2,6366010,6375422,101929390,LINC01247
8,28696198,28701464,101929402,EXTL3-AS1
1,30013952,30037612,101929406,LINC01648
5,10493527,10502728,101929412,LINC02212
20,10875333,10909272,101929413,AL050403.1
8,56445807,56552067,101929415,AC012349.1
6,168242938,168262581,101929420,AL606970.3
14,101120856,101123542,101929422,LINC02285
5,88883328,89466398,101929423,MEF2C-AS1
11,126652852,126682104,101929427,AP001783.1
9,10613202,10620420,101929428,PTPRD-AS2
15,76174891,76181486,101929439,AC091100.1
1,204141408,204143009,101929441,AL592146.1
10,42871521,42874060,101929445,AL365199.1
4,103256159,103453658,101929448,LINC02428
8,29748309,29798492,101929450,LINC02099
2,7062727,7077880,101929452,AC068481.1
15,77525540,77534110,101929457,AC046168.1
6,169034197,169035642,101929460,AL109924.2
1,33350352,33363245,101929464,AL513327.2
4,104490965,104697592,101929468,CXXC4-AS1
12,2849039,2857083,101929469,AC005841.2
8,29815004,29854543,101929470,AC131254.1
5,15602189,15607348,101929472,CTD-2350J17.1
11,127067002,127101320,101929473,AP001993.1
15,77660052,77668074,101929478,LINGO1-AS2
6,169158092,169162924,101929484,LINC01615
20,12865202,12952519,101929486,LINC01722
8,57343787,57364857,101929488,AC068075.1
11,127271029,127337033,101929497,AP003481.1
6,169175304,169182740,101929504,AL136129.1
5,16373361,16440081,101929505,LINC02150
17,82290046,82292814,101929511,LINC01970
11,128526142,128530389,101929517,AP003397.1
10,37309185,37347031,101929520,LINC00993
6,169213254,169239565,101929523,BX322234.1
5,16615926,16629969,101929524,AC022113.1
20,18674395,18698709,101929526,AL121900.1
8,58255771,58272119,101929528,AC092819.1
4,105746245,105827172,101929529,AC008243.1
1,39788976,39790171,101929536,AL033527.3
11,128629653,128686922,101929538,AP001122.1
22,26903292,26920611,101929539,LINC01422
5,17404019,17441694,101929544,LINC02217
12,4700417,4720102,101929549,AC005833.2
2,7886770,7899655,101929551,AC007463.1
17,82713908,82716255,101929552,AC024361.2
11,129612116,129617269,101929557,LINC01395
9,23500691,23672387,101929563,AL445623.2
1,212545694,212556065,101929565,LINC01740
2,8559833,8583792,101929567,LINC01814
2,162768936,162797972,101929570,AC011900.1
10,80529597,80535942,101929574,AC021028.1
4,106003317,106022478,101929577,AC109361.1
9,25780056,25812968,101929582,LINC01241
9,40497850,40566779,101929583,AMYH02020865.1
12,5233997,5243151,101929584,LINC02443
15,80554609,80562944,101929586,AC108451.1
20,21154023,21218289,101929591,KIZ-AS1
1,43709392,43727343,101929592,AL451062.1
4,107863479,107978799,101929595,AC096564.1
9,26955780,26956295,101929602,IFT74-AS1
3,107430930,107463912,101929607,LINC01990
20,21610787,21703585,101929608,LINC01726
9,31371611,31381490,101929620,LINC01243
3,108125821,108138610,101929623,LINC01215
10,85193421,85197958,101929624,LINC01519
1,46134531,46139081,101929626,AL358075.2
1,218043505,218059140,101929631,LINC01653
14,104661120,104665558,101929634,LINC02280
11,131662131,131663583,101929637,NTM-AS1
1,46446673,46451281,101929651,LINC01398
11,131502759,131540867,101929653,AP003025.2
13,52128891,52132723,101929657,AL139082.1
10,85432863,85448961,101929662,AC025428.2
20,22263065,22284029,101929663,LINC01427
2,165957399,166301784,101929680,AC010127.1
10,85449592,85491996,101929684,LINC01520
20,22587522,22607517,101929685,LINC01384
9,33732975,33738416,101929688,LINC01251
15,82088594,82097694,101929690,LINC01583
17,40340867,40343136,101929693,RARA-AS1
3,112736447,112749319,101929694,LINC02042
5,139741349,139746223,101929696,PSD2-AS1
20,32509959,32520285,101929698,AL034550.2
15,86078809,86116717,101929701,LINC01584
6,43995723,44074652,101929705,AL109615.3
8,89609409,89757727,101929709,AF117829.1
5,95962001,96631085,101929710,AC104123.1
3,113142350,113167819,101929717,LINC02044
14,20995837,20999163,101929718,AL355922.2
5,140157319,140173051,101929719,AC011379.2
1,49257411,49269285,101929721,AL590432.1
2,41931599,41933723,101929723,LINC01914
6,44216939,44218236,101929726,AL139392.1
1,220829255,220832429,101929730,LINC01352
2,10878269,10885118,101929733,LINC01954
7,67335976,67340024,101929736,LINC01372
4,118664087,118685341,101929741,AC110079.2
15,88585566,88605110,101929743,LINC01586
5,38148480,38153715,101929745,LINC02119
20,33787373,33811097,101929746,ZNF341-AS1
3,114445521,114529452,101929754,ZBTB20-AS5
8,69834111,69854971,101929759,AC079089.1
22,31292499,31338021,101929760,PIK3IP1-AS1
15,90660234,90664967,101929765,LINC01585
3,196631498,196632587,101929769,LINC01063
1,221827666,221840666,101929771,LINC01655
17,46762506,46833154,101929777,WNT3
1,145572345,145607858,101929780,NBPF25P
1,120985692,121052167,101929798,AC241377.2
12,56041853,56044675,101929876,RPS26
8,42233675,42271197,101929897,AC083973.1
1,41375004,41375669,101929901,AC093151.2
2,126898882,126902097,101929926,AC114783.1
15,31923438,32173018,101929970,CHRNA7
1,13049476,13056491,101929983,PRAMEF27
15,33851785,33856809,101929988,AC010809.2
4,188777679,188796633,101930028,AC093909.4
1,16562319,16613562,101930059,NBPF1
19,42397128,42652355,101930071,LIPE-AS1
8,141434545,141437954,101930072,AC100803.3
7,35695214,35699413,101930085,AC018647.2
21,42496539,42497443,101930094,AP001625.3
21,8759077,8761335,101930100,LINC01666
1,209661364,209724125,101930114,AL031316.1
16,22092538,22156966,101930115,VWA3A
16,22206282,22288732,101930123,EEF2K
18,47022287,47023927,101930165,ELOA3B
14,90452063,90455117,101930294,LINC02317
4,173131928,173169652,101930370,AC105285.1
12,9367464,9397617,101930452,LINC02367
13,20938564,20949599,101930748,HNRNPA1P30
8,90592804,90606065,101937451,LINC01030
14,62134149,62139973,101954204,LINC00644
1,120942600,120942763,101954264,RNVU1-4
1,145281116,145281279,101954266,RNVU1-14
1,144412576,144412740,101954267,RNVU1-15
1,120942600,120942763,101954268,RNVU1-4
1,143699456,143699619,101954269,RNVU1-17
19,893484,893590,101954271,RNU6-9
1,148402715,148402875,101954272,RNVU1-3
1,148362370,148362533,101954273,RNVU1-1
14,32202045,32202151,101954275,RNU6-7
1,146052081,146052244,101954276,RNVU1-6
1,120850819,120850985,101954277,RNVU1-19
14,32203163,32203269,101954278,RNU6-8
1,168903905,169087005,101978719,LINC00970
3,50337511,50338300,102060282,RASSF1-AS1
6,32032713,32036258,102060414,C4B-AS1
12,53464468,53465057,102157401,PCBP2-OT1
5,69350984,69370013,102157402,AK6
4,152337655,152338098,102191832,FBXW7-AS1
12,53750447,53757034,102216268,CISTR
6,14280127,14285454,102216342,LINC01108
19,51685363,51693456,102238594,SPACA6P-AS
11,62662816,62665217,102288414,C11orf98
3,50227436,50227490,102464817,MIR5787
1,63326925,63326984,102464823,MIR6068
22,35336721,35336799,102464824,MIR6069
21,43609887,43609989,102464825,MIR6070
11,15969533,15969621,102464826,MIR6073
12,66023620,66023726,102464827,MIR6074
14,49966399,49966511,102464828,MIR6076
10,3991160,3991259,102464829,MIR6078
1,43838622,43838683,102464830,MIR6079
17,64780759,64780824,102464831,MIR6080
3,124374332,124374437,102464832,MIR6083
1,20633679,20633788,102464833,MIR6084
15,62343029,62343138,102464834,MIR6085
19,45436654,45436704,102464836,MIR6088
12,62260359,62260454,102465133,MIR6125
16,3485381,3485469,102465134,MIR6126
11,56743873,56743981,102465135,MIR6128
17,37614931,37615039,102465136,MIR378J
17,49288346,49288454,102465137,MIR6129
5,10478037,10478145,102465138,MIR6131
7,133290881,133290988,102465139,MIR6133
17,49510817,49510900,102465141,MIR6165
5,151522087,151522148,102465246,MIR6499
3,32506283,32506389,102465247,MIR548AY
21,33550662,33550728,102465248,MIR6501
12,66251082,66251157,102465249,MIR6502
11,60209071,60209156,102465250,MIR6503
16,81611348,81611408,102465251,MIR6504
16,15611030,15611095,102465252,MIR6506
10,98924499,98924568,102465253,MIR6507
7,135206994,135207078,102465254,MIR6509
2,177313806,177313882,102465255,MIR6512
2,218280125,218280188,102465256,MIR6513
11,62792702,62792771,102465257,MIR6514
10,112299612,112299688,102465427,MIR6715B
14,21023314,21023386,102465428,MIR6717
16,2106669,2106753,102465429,MIR6511B1
18,3885353,3885432,102465430,MIR6718
9,136746893,136746970,102465431,MIR6722
1,632325,632413,102465432,MIR6723
21,8205315,8205406,102465433,MIR6724-1
1,1296110,1296170,102465434,MIR6726
1,1312502,1312566,102465435,MIR6727
1,8866502,8866590,102465436,MIR6728
1,24919345,24919416,102465437,MIR6731
1,37480230,37480289,102465438,MIR6732
1,43171652,43171712,102465439,MIR6733
1,43448539,43448611,102465440,MIR6735
1,153962351,153962420,102465441,MIR6737
1,155951273,155951336,102465442,MIR6738
1,202003124,202003236,102465443,MIR6740
1,228397048,228397109,102465444,MIR6742
11,209336,209406,102465445,MIR6743
11,61878216,61878278,102465446,MIR6746
11,62567011,62567071,102465447,MIR6747
11,62789815,62789885,102465448,MIR6748
11,65129916,65129978,102465449,MIR6751
11,67490245,67490315,102465450,MIR6752
11,68044794,68044957,102465451,MIR6753
11,86278333,86278398,102465452,MIR6755
11,119312950,119313012,102465453,MIR6756
12,57512688,57512750,102465454,MIR6758
12,111304142,111304209,102465455,MIR6760
12,111799834,111799905,102465456,MIR6761
12,113291523,113291608,102465457,MIR6762
14,105150778,105150864,102465458,MIR6765
16,2445392,2445457,102465459,MIR6767
16,2463967,2464038,102465460,MIR6768
16,14930820,14930879,102465461,MIR6770-1
16,50292616,50292675,102465462,MIR6771
16,57772289,57772352,102465463,MIR6772
16,87834592,87834660,102465464,MIR6775
17,2692861,2692919,102465465,MIR6776
17,17813480,17813545,102465466,MIR6777
17,38914979,38915042,102465467,MIR6779
17,42823880,42823943,102465468,MIR6781
17,44207771,44207839,102465469,MIR6782
17,45114367,45114433,102465470,MIR6784
17,81693757,81693869,102465471,MIR6786
17,82236668,82236728,102465472,MIR6787
19,6392921,6392983,102465473,MIR6790
19,6736712,6736778,102465474,MIR6791
19,7617439,7617505,102465475,MIR6792
19,15179283,15179350,102465476,MIR6795
19,40369846,40369907,102465477,MIR6796
19,41869627,41869698,102465478,MIR6797
19,49791866,49791934,102465479,MIR6799
19,49832018,49832099,102465480,MIR6800
19,55239912,55239976,102465481,MIR6802
19,55230885,55230952,102465482,MIR6804
19,55388181,55388242,102465483,MIR6805
19,58334688,58334751,102465484,MIR6806
2,217900513,217900628,102465485,MIR6809
2,237510931,237510988,102465486,MIR6811
20,45425510,45425573,102465487,MIR6812
21,41746772,41746841,102465488,MIR6814
21,45478266,45478326,102465489,MIR6815
22,20114686,20114751,102465490,MIR6816
22,36286847,36286907,102465491,MIR6819
22,37967563,37967624,102465492,MIR6820
22,49962866,49962939,102465493,MIR6821
3,48549961,48550021,102465494,MIR6823
3,48633636,48633698,102465495,MIR6824
3,129272146,129272243,102465496,MIR6826
3,170423103,170423162,102465497,MIR6828
5,132217849,132217918,102465498,MIR6830
5,140563671,140563751,102465499,MIR6831
6,32179816,32179876,102465500,MIR6833
6,33290245,33290325,102465501,MIR6834
6,34240673,34240736,102465502,MIR6835
7,2257515,2257577,102465503,MIR6836
7,44073378,44073433,102465504,MIR6838
7,64679064,64679176,102465505,MIR6839
8,24953796,24953867,102465506,MIR6841
8,27433370,27433434,102465507,MIR6842
8,27610601,27610751,102465508,MIR6843
8,144057321,144057380,102465509,MIR6846
8,144079874,144079942,102465510,MIR6847
8,144317246,144317315,102465511,MIR6848
9,33467869,33467935,102465512,MIR6851
9,35710676,35710741,102465513,MIR6852
9,98229149,98229217,102465514,MIR6854
9,130626297,130626363,102465515,MIR6856
11,67045643,67045708,102465518,MIR6860
12,112163258,112163321,102465519,MIR6861
16,28390982,28391051,102465520,MIR6862-1
17,4969702,4969771,102465521,MIR6864
17,4970086,4970150,102465522,MIR6865
17,40193597,40193663,102465523,MIR6867
20,1392900,1392961,102465524,MIR6869
20,10649636,10649695,102465525,MIR6870
3,50273236,50273297,102465526,MIR6872
8,25345402,25345474,102465527,MIR6876
9,133051996,133052059,102465528,MIR6877
1,150492345,150492410,102465529,MIR6878
15,74411357,74411432,102465530,MIR6881
15,74840642,74840707,102465531,MIR6882
17,8144994,8145071,102465532,MIR6883
19,6389638,6389703,102465533,MIR6885
19,11113474,11113534,102465534,MIR6886
2,159186835,159186901,102465535,MIR6888
3,49099854,49099914,102465536,MIR6890
6,31355224,31355316,102465537,MIR6891
7,143382686,143382800,102465538,MIR6892
12,121444273,121444352,102465665,MIR7107
22,31621467,31621531,102465666,MIR7109
3,123161794,123161879,102465667,MIR7110
6,35470508,35470579,102465668,MIR7111
11,68032864,68032922,102465669,MIR7113
16,16368876,16368942,102465683,MIR6511A3
16,18344013,18344079,102465684,MIR6511A4
9,123485529,123485622,102465688,MIR7150
10,71790747,71790800,102465689,MIR7152
18,11654885,11654941,102465690,MIR7153
11,45691704,45691776,102465691,MIR7154
2,140586626,140586685,102465692,MIR7157
2,5974662,5974732,102465693,MIR7158
6,158609707,158609790,102465694,MIR7161
8,2076589,2076640,102465695,MIR7160
8,41660444,41660507,102465696,MIR486-2
11,104252591,104252651,102465752,MIR7641-1
14,75604209,75604261,102465753,MIR7641-2
9,111271156,111271214,102465800,MIR7702
14,24143489,24143565,102465801,MIR7703
2,176188843,176188901,102465802,MIR7704
15,85380596,85380662,102465803,MIR7706
14,72516820,72516898,102465832,MIR7843
2,64340747,64340848,102465833,MIR4433B
12,94571231,94571352,102465834,MIR7844
2,207166400,207166498,102465835,MIR7845
1,12166943,12167038,102465836,MIR7846
4,146408583,146408688,102465837,MIR7849
19,2630715,2630793,102465838,MIR7850
1,107897223,107897304,102465839,MIR7852
16,81533902,81533966,102465840,MIR7854
14,64785626,64785686,102465841,MIR7855
1,86357632,86357687,102465842,MIR7856
2,49059603,49059658,102465854,MIR548BA
15,51314032,51314107,102465855,MIR7973-2
19,11495544,11495622,102465856,MIR7974
3,127587111,127587176,102465857,MIR7976
3,176515103,176515151,102465858,MIR7977
4,21464700,21464758,102465859,MIR7978
11,23419105,23419190,102465860,MIR8054
8,6622124,6622220,102465861,MIR8055
5,173347455,173347536,102465862,MIR8056
16,82688931,82689019,102465863,MIR8058
3,96359964,96360039,102465864,MIR8060
20,7371608,7371692,102465865,MIR8062
3,52846463,52846552,102465866,MIR8064
16,5632467,5632566,102465867,MIR8065
4,101240795,101240872,102465868,MIR8066
15,62304658,62304734,102465869,MIR8067
11,11783135,11783222,102465870,MIR8070
14,105621116,105621180,102465871,MIR8071-1
13,110340958,110341029,102465872,MIR8073
19,51206929,51207009,102465873,MIR8074
13,113262920,113262999,102465874,MIR8075
19,42351131,42351205,102465875,MIR8077
13,44196129,44196200,102465876,MIR8079
2,79866495,79866583,102465877,MIR8080
4,113152282,113152362,102465878,MIR8082
19,44758657,44758721,102465879,MIR8085
10,28289258,28289350,102465880,MIR8086
11,27514970,27515047,102465881,MIR8087
5,181043403,181043484,102465882,MIR8089
8,144262673,144262737,102465906,MIR7112
16,28724252,28724321,102465907,MIR6862-2
16,16329305,16329364,102465908,MIR6770-2
1,187891,187958,102465909,MIR6859-2
15,101973524,101973591,102465910,MIR6859-3
10,2076019,2076089,102465944,MIR6072
19,39829716,39829802,102465974,MIR6719
12,132581997,132582061,102465975,MIR6763
19,58550285,58550376,102465976,MIR6807
3,195882329,195882395,102465977,MIR6829
8,144791931,144791991,102465978,MIR6850
16,15134075,15134145,102465985,MIR6511B2
11,1880045,1880147,102465993,MIR7847
9,106600928,106601022,102465995,MIR8081
22,28459869,28459948,102466081,MIR5739
5,1510762,1510856,102466103,MIR6075
11,128522390,128522449,102466104,MIR6090
8,119325171,119325265,102466162,MIR548AZ
10,112299612,112299690,102466189,MIR6715A
6,32170030,32170116,102466190,MIR6721
1,145850587,145850645,102466191,MIR6736
11,64898363,64898437,102466192,MIR6750
12,53056944,53057012,102466193,MIR6757
16,68233426,68233499,102466194,MIR6773
17,42708084,42708151,102466195,MIR6780A
19,12852260,12852327,102466196,MIR6794
2,218341911,218341980,102466197,MIR6810
22,25455646,25455711,102466198,MIR6817
3,127575266,127575331,102466199,MIR6825
8,124508515,124508576,102466200,MIR6844
9,35732922,35732995,102466201,MIR6853
1,206474803,206474864,102466202,MIR6769B
7,5711840,5711910,102466203,MIR6874
12,124337181,124337242,102466204,MIR6880
19,35122700,35122764,102466205,MIR6887
12,113159113,113159177,102466222,MIR7106
9,137450026,137450086,102466223,MIR7114
1,148388282,148388363,102466225,MIR6077
10,30368597,30368665,102466227,MIR7162
2,6650373,6650439,102466235,MIR7515
16,24203116,24203231,102466247,MIR1273H
15,51314034,51314109,102466250,MIR7973-1
19,54645309,54645383,102466251,MIR8061
21,6859171,6859256,102466252,MIR8069-1
3,113432118,113432200,102466253,MIR8076
16,18379351,18379410,102466259,MIR6770-3
16,14925937,14926003,102466268,MIR6511A1
1,225922080,225922142,102466270,MIR6741
8,144435551,144435619,102466271,MIR6893
19,14073361,14073479,102466515,MIR1199
2,85783600,85783677,102466516,MIR6071
9,95065350,95065446,102466518,MIR6081
1,22633258,22633366,102466615,MIR6127
7,117020211,117020319,102466616,MIR6132
1,51060018,51060103,102466656,MIR6500
12,48132797,48132867,102466657,MIR6505
17,41517164,41517217,102466658,MIR6510
19,12940484,12940540,102466659,MIR6515
11,118644000,118644079,102466719,MIR6716
6,1390314,1390411,102466720,MIR6720
1,12578957,12579023,102466722,MIR6730
1,43364648,43364715,102466723,MIR6734
1,201863373,201863447,102466724,MIR6739
11,1256605,1256670,102466725,MIR6744
11,47179611,47179737,102466726,MIR6745
11,64902387,64902455,102466727,MIR6749
11,71473503,71473568,102466728,MIR6754
12,57748618,57748682,102466729,MIR6759
14,100277357,100277417,102466730,MIR6764
16,4671318,4671390,102466731,MIR6769A
16,85918347,85918416,102466732,MIR6774
17,18340814,18340886,102466733,MIR6778
17,44934618,44934681,102466734,MIR6783
18,10759584,10759649,102466735,MIR6788
19,2235829,2235926,102466736,MIR6789
19,10828973,10829035,102466737,MIR6793
19,49009906,49009972,102466738,MIR6798
19,55245186,55245250,102466739,MIR6803
1,1339650,1339708,102466740,MIR6808
20,64076955,64077010,102466741,MIR6813
22,30007049,30007113,102466742,MIR6818
3,39138206,39138266,102466743,MIR6822
3,134367804,134367862,102466744,MIR6827
6,31633787,31633858,102466745,MIR6832
6,43434542,43434620,102466746,MIR6780B
7,100356651,100356721,102466747,MIR6840
8,143837756,143837816,102466748,MIR6845
8,144400277,144400345,102466749,MIR6849
9,129869605,129869671,102466750,MIR6855
1,17369,17436,102466751,MIR6859-1
16,56904264,56904353,102466752,MIR6863
17,76098019,76098076,102466753,MIR6868
6,33287227,33287289,102466754,MIR6873
7,100868036,100868107,102466755,MIR6875
11,65018505,65018570,102466756,MIR6879
17,40026332,40026409,102466757,MIR6884
22,41252992,41253050,102466758,MIR6889
19,2434914,2435000,102466806,MIR7108
16,16324588,16324654,102466812,MIR6511A2
10,67403351,67403410,102466814,MIR7151
11,64341849,64341904,102466815,MIR7155
6,33899135,33899200,102466816,MIR7159
8,100702968,100703024,102466854,MIR7705
17,77089417,77089497,102466864,MIR6516
8,133046481,133046581,102466865,MIR7848
6,6169304,6169435,102466866,MIR7853
19,55123225,55123292,102466872,MIR7975
11,130666735,130666803,102466873,MIR8052
18,26591467,26591535,102466874,MIR8057
15,36972821,36972901,102466875,MIR8063
11,28477481,28477548,102466876,MIR8068
12,123364764,123364843,102466877,MIR8072
18,112256,112339,102466878,MIR8078
1,153689705,153689793,102466879,MIR8083
14,105640168,105640232,102466889,MIR8071-2
11,12163683,12163767,102466906,MIR6124
17,75498548,75498628,102466911,MIR6785
20,41169023,41169078,102466912,MIR6871
17,50768650,50768730,102466918,MIR8059
4,171186184,171186292,102466953,MIR6082
21,23079284,23079392,102466967,MIR6130
21,39447010,39447069,102466972,MIR6508
1,12029158,12029222,102466982,MIR6729
15,89326739,89326810,102466983,MIR6766
19,52222020,52222098,102466984,MIR6801
7,44051766,44051829,102466985,MIR6837
17,40161933,40162001,102466986,MIR6866
1,77060143,77060202,102466995,MIR7156
12,42323700,42323859,102467003,MIR7851
4,47652669,47652743,102467004,MIR8053
8,93029751,93029839,102467005,MIR8084
5,3177835,3181232,102467074,LINC01377
16,52085280,52099067,102467079,LINC02180
16,79715232,79770563,102467146,MAFTRR
5,56457795,56481946,102467147,LINC01948
5,103528434,103541985,102467212,LINC02115
5,106815197,107011014,102467213,LINC01950
8,20953127,20968904,102467222,AC015468.1
5,118596188,118628092,102467225,LINC02215
5,68189876,68198407,102467655,LINC02219
5,72574120,72660669,102477328,LINC02056
5,74306410,74308325,102503429,LINC01335
5,80947697,80960907,102524628,RASGRF2-AS1
5,82850864,82859836,102546175,LINC01338
5,88408982,88439090,102546226,LINC02060
5,97504696,97671046,102546227,LINC01340
5,126179577,126193850,102546228,LINC02039
5,134429051,134460615,102546229,AC109454.3
5,148268307,148383783,102546294,AC091948.1
5,150475531,150485968,102546298,NDST1-AS1
5,164296696,165171643,102546299,AC109466.1
5,166905222,166926370,102557615,LINC01947
5,176743205,176743871,102577424,LINC01574
10,35778302,35800920,102578074,PCAT5
17,72030291,72041297,102606463,LINC01152
12,125025434,125027410,102659353,THRIL
2,104865497,104872595,102682016,LINC01159
7,148987527,148989432,102723099,GHET1
15,66582190,66685794,102723165,LINC01169
10,17641284,17643878,102723166,STAM-AS1
18,21825487,21831410,102723167,MIR133A1HG
8,85172077,85177062,102723322,AC011773.4
11,17695267,17696940,102723330,AC124301.2
15,100558677,100559798,102723335,AC027020.1
2,22536479,22538288,102723362,LINC01884
16,53373493,53384745,102723373,AC007342.4
11,22445688,22492019,102723378,LINC01495
1,16733952,16734461,102723383,FAM231C
7,68020253,68032690,102723427,AC092637.1
21,34400317,34401072,102723451,C21orf140
1,202000094,202010353,102723465,ELF3-AS1
17,36861674,36936661,102723471,AC243773.2
21,34446688,34512275,102723475,KCNE1
15,66931537,66956518,102723481,LINC02206
20,49040463,49046044,102723483,CSE1L-AS1
17,69961707,69983538,102723487,LINC01497
15,21408243,21440451,102723502,POTEB3
17,72021851,72034092,102723505,LINC02095
17,72034107,72237203,102723517,SOX9-AS1
4,10737572,10749586,102723525,AC084048.2
5,17444010,17483946,102723526,LINC02218
19,34849278,34860576,102723540,AC008555.5
12,253442,257299,102723544,AC007406.2
15,69278328,69298763,102723548,AC026992.2
21,7744962,7777853,102723553,SMIM11B
7,76531319,76541459,102723555,SPDYE16
5,126751963,126776486,102723557,AC137794.1
12,108434130,108492585,102723562,LINC01498
9,127816066,127822520,102723566,AL162586.1
20,55408898,55482777,102723578,LINC01440
14,51916145,51918571,102723604,AL358333.2
7,54330697,54349849,102723605,LINC01445
19,35597907,35601501,102723617,LINC01766
12,111599498,111600256,102723619,ATXN2-AS
15,23128268,23136822,102723623,GOLGA6L1
17,74970704,74975728,102723641,HID1-AS1
11,41714568,41836442,102723644,LINC01499
16,33303739,33306935,102723655,TP53TG3E
1,95937901,96022880,102723661,AC099566.1
16,17134504,17138736,102723692,AC109446.3
8,37734761,37737426,102723701,AC138356.1
16,33193659,33196858,102723713,TP53TG3C
1,211829846,211853703,102723727,AL445488.1
14,58828234,59017328,102723742,LINC01500
4,184365183,184382306,102723766,LINC02362
22,42364400,42369236,102723775,LINC01315
4,31171144,31211675,102723778,AC107394.1
14,64514154,64540368,102723809,AL049869.3
4,31997397,32155406,102723828,AC112251.1
1,216072465,216086917,102723833,AC093581.1
11,102467255,102498801,102723838,AP001830.2
2,43027853,43039547,102723854,LINC01819
17,37924415,37935365,102723859,TBC1D3K
6,68055351,68060502,102723883,AL646090.1
7,88216660,88219226,102723885,AC003991.2
11,104445868,104609321,102723895,AP003083.1
1,185217,195411,102723897,FO538757.1
2,242087351,242088457,102723927,LINC01238
13,63828840,63844125,102723968,AL445238.1
9,135604345,135618952,102723971,AL354761.2
21,5022493,5040666,102723996,FP565260.3
17,5019214,5020093,102724009,AC004771.1
1,222815022,222837384,102724017,AL392172.1
16,31563082,31567716,102724018,FRG2KP
21,44133605,44145723,102724023,C21orf33
12,54353661,54497688,102724050,AC079313.2
6,159383531,159396443,102724053,AL357832.2
2,165957399,166301784,102724058,AC010127.1
11,66347950,66364804,102724064,AP001107.9
13,79804418,79805685,102724076,LINC01038
7,101014320,101017608,102724094,AC105446.1
16,33303739,33306935,102724101,TP53TG3E
16,33193659,33196858,102724127,TP53TG3C
14,75574888,75579588,102724153,AC007182.1
21,44107290,44131181,102724159,PWP2
16,83789967,83807834,102724163,AC009119.1
21,13546033,13558461,102724188,LINC01674
14,77069180,77076344,102724190,LINC02289
22,24583750,24629005,102724197,GGT1
21,5155499,5165472,102724200,FP565260.7
6,84687712,84709578,102724201,TBX18-AS1
18,21981121,22051159,102724208,LINC01900
2,176637710,176655958,102724224,LINC01117
7,102573807,102616757,102724229,RASA4
10,43777562,43778825,102724264,AL355989.1
14,81727780,81743138,102724294,LINC02311
11,119729583,119739623,102724301,AP003390.1
10,102832721,102834516,102724307,CYP17A1-AS1
10,29409402,29487745,102724316,SVIL-AS1
2,66921510,66922457,102724321,LINC01628
10,45444570,45453121,102724323,AL731567.1
21,5972924,5973383,102724334,CU639417.1
10,103479603,103517393,102724341,NEURL1-AS1
21,6060340,6076305,102724354,LINC01669
6,169067818,169069424,102724357,AL109924.3
19,18940322,18946831,102724360,AC002985.2
3,48663776,48669174,102724368,CELSR3-AS1
7,115078958,115126314,102724386,LINC01393
5,157362615,157460078,102724404,AC008676.2
12,67035508,67096406,102724421,AC073530.1
21,6111134,6123739,102724428,CU639417.2
12,67440998,67442559,102724433,LINC02420
7,116275606,116286734,102724434,AC073130.1
1,6204840,6205780,102724450,AL031847.1
15,86938797,86988426,102724452,AC016987.1
10,47750864,47763592,102724488,FO681492.1
21,32958888,32960566,102724502,AP000282.2
17,47303460,47323613,102724508,THCAT158
17,47891255,47895812,102724532,AC018521.5
1,8202429,8215210,102724539,LINC01714
3,177816865,177899224,102724550,LINC02015
7,123584859,123624957,102724555,AC006333.1
21,6444869,6468040,102724560,CBSL
1,9182004,9196284,102724571,LINC01759
10,114994657,114996593,102724589,AL355340.1
10,46582782,46598145,102724593,AL356056.2
21,6484623,6499261,102724594,U2AF1L5
17,49361165,49369998,102724596,AC091180.2
1,174115300,174160004,102724601,AL121983.2
8,63465849,63475482,102724612,AC011124.2
8,63687179,64368558,102724623,AC022639.1
15,21408243,21440451,102724631,POTEB3
18,53568447,53597851,102724651,LINC01919
21,6560714,6564489,102724652,FP236240.1
1,11777077,11779619,102724659,AL953897.1
12,81270675,81312422,102724663,PPFIA2-AS1
9,98847172,98872415,102724684,AL136084.2
2,104936241,105038496,102724691,AC010884.1
18,56042135,56096319,102724698,LINC01905
3,186810880,186825521,102724699,LINC02043
21,6228966,6267317,102724701,CU633906.1
8,92565443,92655494,102724710,AC091096.2
10,51062579,51068553,102724719,AL731537.1
2,108167748,108217841,102724774,LINC01594
4,155173716,155381694,102724776,AC097467.3
22,18912777,18936553,102724788,PRODH
8,96371865,96387438,102724804,AP003548.1
14,23561097,23568073,102724814,AL135999.1
20,25624045,25678074,102724826,ZNF337-AS1
2,215453707,215463871,102724849,AC012462.1
11,1995163,2001470,102724852,H19
17,36253456,36264553,102724862,TBC1D3I
6,28078792,28081130,102724889,AL121944.1
19,28606688,28615229,102724908,AC079466.1
18,71732615,71788128,102724913,LINC01899
1,186435161,186470291,102724919,AL596220.1
16,3947609,3950444,102724927,AC005736.1
12,93174366,93181832,102724933,LINC02412
16,50880209,50884101,102724940,LINC02187
1,11919591,11926428,102724984,KIAA2013
16,14974591,15139339,102724985,PDXDC1
6,32718005,32719170,102725019,AL662789.1
19,54216278,54223506,102725035,LILRB3
22,18846811,18861049,102725072,AC008132.1
2,212795331,212819264,102725079,LINC01878
7,144355288,144380632,102725117,ARHGEF5
9,40992249,41218410,102725126,FRG1HP
16,22007638,22087534,102725138,C16orf52
7,12483344,12541910,102725191,AC013470.2
1,7382487,7389754,102725193,Z97987.1
19,18204730,18220480,102725254,AC005759.1
2,6615389,6650535,102800315,MIR7515HG
22,38291918,38398522,102800317,Z98749.3
20,31721507,31723409,103021294,ABALON
18,49814023,49851059,103091864,SNHG22
21,39313935,39314962,103091865,BRWD1-AS2
6,41502444,41519852,103106903,LINC01276
11,31826347,31829311,103157000,PAUPAR
8,127072694,127082221,103164619,PCAT2
15,84422618,84425882,103171574,AC243562.3
13,52334295,52341896,103191607,LINC02333
11,38618264,38646356,103312105,AC022796.1
1,180949699,180954887,103344928,KIAA1614-AS1
11,5244554,5245547,103344929,BGLT3
3,138935189,138944020,103344930,LINC01391
10,112823490,112827726,103344931,AL158212.3
2,113527568,113542672,103344932,PGM5P4-AS1
9,62801461,62813486,103352539,LINC01410
8,83403758,83408900,103352670,LINC01419
13,60917001,60941768,103456507,LINC01442
16,18405698,18405762,103504726,MIR3670-3
21,8249505,8249596,103504727,MIR6724-2
21,8987370,8987430,103504728,MIR3687-2
16,18494493,18494576,103504729,MIR3179-4
2,218823090,218823154,103504730,MIR9500
21,8986999,8987178,103504731,MIR3648-2
20,63919868,63919939,103504732,MIR941-5
21,8432530,8432621,103504733,MIR6724-4
12,12111952,12112036,103504734,MIR1244-4
3,60617805,60617870,103504735,MIR548BB
21,13724189,13724274,103504736,MIR8069-2
2,50696172,50696262,103504737,MIR8485
16,17052,17119,103504738,MIR6859-4
21,8388362,8388453,103504739,MIR6724-3
16,18488301,18488365,103504740,MIR3670-4
15,21951242,21951323,103504741,MIR5701-3
11,8011278,8016489,103581031,CASC23
11,130866254,130870247,103611081,AP003486.2
1,218442626,218443996,103611157,TGFB2-OT1
12,66130751,66134449,103625681,LLPH-AS1
19,1021522,1021628,103625684,RNU6-2
13,21234568,21235204,103689843,LINC01046
13,42810366,42812562,103689845,LINC01050
5,129459559,129460689,103689846,ADAMTS19-AS1
17,61393456,61411555,103689912,TBX2-AS1
13,50520933,50527449,103689915,DLEU1-AS1
5,80608623,80622524,103689917,LINC01337
11,125158461,125164609,103695364,PKNOX2-AS1
10,107694973,108197849,103695365,LINC01435
13,37481467,37484769,103695431,LINC01048
10,132961340,132962237,103695432,LINC01167
4,4844437,4850827,103695434,LINC01396
11,27047186,27220113,103695435,BBOX1-AS1
14,70698698,70712153,103695436,LINC01269
13,79566727,79571436,103724388,LINC01068
7,153399920,153413963,103724390,LINC01287
2,15920399,15936017,103752554,MYCNUT
1,217781198,217785120,103752555,SPATA17-AS1
12,4248765,4276184,103752584,CCND2-AS1
2,32557520,32574818,103752586,BIRC6-AS2
16,86565145,86567761,103752587,FOXC2-AS1
1,186680622,186681446,103752588,PACERR
17,50281577,50287855,103752589,TMEM92-AS1
12,63808845,63822156,104169670,TMEM5-AS1
1,187092842,187360323,104169671,LINC01036
13,112322567,112331225,104266956,LINC01044
8,1763888,1958627,104266957,KBTBD11-OT1
8,122670385,122694106,104266958,LINC01151
16,9446010,9455505,104266959,LINC01195
1,199016133,199076735,104266961,LINC01221
10,42979017,42981507,104266963,LINC01264
3,167392796,167408519,104310350,LINC01327
5,74369376,74536976,104310351,LINC01331
22,35119824,35231056,104310353,LINC01399
8,143417679,143419150,104326051,MAFA-AS1
13,109400696,109401641,104326054,LINC00399
11,116836117,116855729,104326055,APOA1-AS
2,107754112,107822129,104326057,GACAT1
13,75876886,75881127,104326189,LMO7DN-IT1
13,103425200,103427685,104326190,LINC01309
5,75047719,75052843,104326191,LINC01336
2,172103006,172109982,104326193,DLX2-AS1
5,54320944,54415125,104355136,LINC01033
13,20102701,20103230,104355137,LINC01072
7,20835431,21023148,104355138,LINC01162
1,110082688,110109719,104355139,LINC01397
13,85065087,85078920,104355140,LINC00375
2,70887871,70889959,104355141,LINC01143
1,52050918,52052683,104355143,TXNDC12-AS1
6,125797856,125818858,104355145,NCOA7-AS1
13,110053285,110054952,104355146,LINC00396
16,9441294,9444985,104355218,LINC01177
11,1991096,1993469,104355220,LINC01219
4,132591089,132678503,104355285,LINC01256
1,101323337,101390303,104355286,LINC01307
2,33706886,34297753,104355287,LINC01317
2,34677555,34738231,104355288,LINC01320
3,164714095,164831480,104355289,LINC01324
7,115061537,115231355,104355291,LINC01392
13,63183101,63328094,104355293,LINC00376
13,77599755,77606551,104355296,SCEL-AS1
17,68944531,69042784,104355297,ABCA9-AS1
19,54444813,54449045,104355426,LENG8-AS1
13,113128155,113128880,104413892,F10-AS1
4,4476121,4481700,104472519,STX18-IT1
1,231925834,231945233,104472714,DISC1-IT1
19,23399233,23416075,104472717,LINC01224
3,71289769,71305853,104502416,FOXP1-AS1
22,39475807,39476822,104502417,MGAT3-AS1
6,30105240,30114724,104533120,TRIM31-AS1
15,70615547,70616567,104548972,SALRNA3
15,70635249,70637314,104548973,SALRNA2
15,92470233,92471546,104613533,AC090985.1
17,45620344,45835826,104909134,LINC02210-CRHR1
18,3255436,3261850,104968399,AP005329.1
19,17405694,17418904,105221694,BISPR
17,76671942,76673658,105274304,AC005837.1
16,15104723,15131601,105369154,PKD1P6-NPIPP1
12,65466820,65642372,105369187,AC025419.1
4,88284942,88331421,105369192,AC107067.1
15,93718542,94070820,105369203,LINC01579
17,20868433,21002276,105369205,CCDC144NL-AS1
16,29454501,29458219,105369236,SLX1B
16,16148928,16223522,105369239,ABCC6
4,9444534,9450514,105369240,DEFB131
18,47028202,47030078,105369241,ELOA3
16,29459889,29464976,105369243,SULT1A4
16,29662979,29670876,105369247,SPN
9,42579414,42586534,105369268,BX088651.2
15,22094431,22095556,105369274,OR4N4
16,29742463,29746006,105369277,C16orf54
21,15370500,15627342,105369302,AJ009632.2
11,62832234,62834043,105369332,AP001160.1
11,68870664,68874542,105369364,AP000808.1
11,75583196,75594665,105369391,AP001922.5
11,87718354,87719411,105369423,AP000756.1
11,94545330,94740355,105369438,AP000943.3
11,96508425,96514748,105369443,AP003781.1
11,106112459,106132116,105369473,AP001001.2
11,115396756,115397658,105369507,AP000462.2
11,119608423,119659284,105369520,AP003393.1
11,125570284,125592568,105369550,STT3A-AS1
12,6870935,6889358,105369632,SPSB2
12,6963246,6964447,105369635,MIR200CHG
12,42646583,42686701,105369738,LINC02451
12,42692216,42717119,105369739,LINC02450
12,48998367,49019235,105369758,AC011603.2
12,55729104,55730852,105369779,AC009779.2
12,58087892,58093362,105369785,LINC02403
12,65602869,65612997,105369807,LINC02454
12,66027725,66031066,105369810,LINC02425
12,78326680,78359746,105369860,LINC02424
12,89947693,89949726,105369891,LINC02399
12,91877391,91880655,105369900,LINC02404
12,93894965,93943603,105369911,AC012464.1
12,95803097,95823307,105369920,LINC02410
12,95795345,95858839,105369921,AC090001.1
12,105304867,105327017,105369954,KCCAT198
12,51848223,51852729,105369971,AC068987.1
12,110951683,110957812,105369980,AC002351.1
12,111369282,111403310,105369984,LINC02356
12,114238970,114241770,105369996,LINC02459
12,118758754,118761679,105370014,LINC02423
12,118818804,118833536,105370016,LINC02439
12,119174065,119176484,105370024,AC084880.4
12,128023788,128027166,105370070,LINC02441
13,21260015,21295003,105370105,ESRRAP2
13,42339188,42485956,105370177,LINC02341
13,57160632,57163653,105370298,PRR20D
13,88142867,88236082,105370306,AL354896.1
13,89477608,89500509,105370308,LINC01040
13,100086031,100088848,105370333,AL355338.1
13,111596009,111642079,105370369,LINC02337
14,22556311,22557062,105370400,LINC02332
14,28800084,28830204,105370423,LINC02281
14,28783491,28785787,105370424,LINC02282
14,39103140,39103812,105370458,SEC23A-AS1
14,44507407,44538513,105370473,AL356022.1
14,51392128,51397135,105370496,LINC02310
14,61715558,61751097,105370526,HIF1A-AS2
14,76959638,76965802,105370578,LINC01629
14,79199982,79201632,105370586,AC022469.1
14,85387275,85388765,105370605,LINC02329
14,87634379,87655294,105370611,LINC02330
14,89628921,89642671,105370616,AL137230.1
14,90697333,90699374,105370622,AL139193.2
14,96741191,96790613,105370646,LINC02299
14,97154857,97158736,105370648,LINC02304
14,102545254,102555826,105370681,LINC02323
14,103120847,103123007,105370683,LINC00677
15,32656084,32673065,105370757,AC123768.1
15,45705078,45931069,105370802,AC068722.1
15,55056747,55092173,105370829,AC025272.1
15,62827675,62884034,105370854,AC103740.1
15,66278498,66293357,105370868,AC055855.3
15,70503907,70505928,105370880,LINC02205
15,72407778,72475168,105370888,TMEM202-AS1
15,86932880,86946331,105370954,AC016987.2
15,95209099,95327129,105370994,LINC01197
15,99976481,99980774,105371022,AC084855.2
15,101334437,101337428,105371027,PCSK6-AS1
16,1431035,1433397,105371045,AL032819.3
16,1580527,1610328,105371046,AL133297.2
16,1889114,1890434,105371048,LINC02124
16,2091436,2095433,105371049,AC009065.2
16,2456252,2459979,105371050,AC106820.5
16,11341809,11345211,105371083,AC009121.2
16,24236104,24252863,105371142,LINC2194
16,27158451,27176587,105371156,LINC02129
16,678504,679777,105371184,Z92544.1
1,146344131,146344790,105371242,AC243756.1
16,50390916,50395133,105371248,LINC02178
16,50806668,50807629,105371252,LINC02168
16,53035690,53052873,105371267,AC007906.2
16,56708772,56729968,105371286,AC106779.1
16,71410440,71426464,105371333,LINC02136
16,77590806,77610681,105371350,LINC02131
16,84459259,84467361,105371374,ATP2C2-AS1
16,87696485,87765992,105371397,KLHDC4
17,404468,414023,105371430,AC141424.1
1,157925065,157949071,105371458,AL139010.1
17,5469092,5470360,105371506,AC004148.1
17,17674026,17677688,105371564,SMCR2
17,2712309,2712833,105371592,AC005696.1
1,174022509,174022985,105371620,AL121983.1
1,182712862,182714544,105371644,LINC01688
1,191221159,191228467,105371660,LINC01680
17,32141226,32143135,105371730,AC116407.1
17,39026715,39027110,105371766,LINC02079
17,44115912,44120595,105371789,AC023855.1
17,45168800,45171584,105371795,AC138150.2
17,48294335,48308762,105371807,THRA1/BTR
17,48874860,48908983,105371814,SUMO2P17
17,50537294,50538754,105371824,AC021491.2
17,60079309,60088695,105371849,AC025048.4
17,76950317,76969156,105371899,AC016168.2
17,77257737,77281897,105371907,AC068594.1
17,79823452,79827704,105371919,LINC01977
18,24725781,24929076,105372028,AC018697.1
18,27336379,27595164,105372038,AC090403.1
18,37273706,37276572,105372068,AC090386.1
18,36901946,36923814,105372069,AC016493.1
18,55452533,55482940,105372127,TCF4-AS1
18,58189834,58195696,105372143,AC107896.1
18,69469517,69471736,105372179,AC119868.1
19,2252252,2269759,105372240,JSRP1
19,6953211,6954904,105372257,AC025278.1
19,8630671,8638649,105372267,LINC01862
19,11203628,11216168,105372273,AC011472.1
19,12687998,12688422,105372280,AC018761.5
19,14305458,14370196,105372288,LINC01841
19,15827045,15835853,105372290,LINC01764
19,17390509,17394158,105372343,CCDC194
19,29213235,29215815,105372352,AC007786.1
19,38596346,38601694,105372397,AC008649.1
19,45076510,45090391,105372419,AC011489.1
19,57267220,57280334,105372476,AC005261.1
19,58257270,58278808,105372482,AC020915.4
19,58362585,58366591,105372483,AC012313.7
20,1117847,1118450,105372493,AL031665.2
20,22668484,22685344,105372566,LINC01747
20,43894720,43895468,105372626,LINC01728
20,53608354,53634590,105372672,AC005808.1
20,56577563,56598621,105372682,LINC01716
21,24428740,24547942,105372751,LINC01684
21,43719094,43762307,105372824,PDXK
21,44250813,44251520,105372833,AP001059.1
21,45593654,45603056,105372840,LINC01694
1,208972454,208975307,105372894,LINC01774
1,209325456,209328532,105372897,LINC01696
22,27221349,27224727,105372978,LINC01638
22,33108529,33116294,105373006,LINC01640
22,43212674,43213661,105373051,Z82214.2
22,50542305,50542906,105373098,U62317.2
22,50735825,50738139,105373100,AC000036.1
1,248548756,248563839,105373278,AC098483.1
2,677186,697371,105373354,AC092159.2
2,20052134,20054496,105373463,AC098828.2
2,96527940,96532306,105373496,AC013270.1
2,102873339,102895722,105373518,LINC01796
2,102967408,102984429,105373519,LINC01935
2,104583152,104585354,105373525,AC013402.3
2,107254691,107365873,105373536,LINC01789
2,109758799,109760364,105373553,AC074387.1
2,138101884,138105905,105373635,LINC01832
2,191021526,191032314,105373805,AC067945.3
2,195569628,195572970,105373818,LINC01827
2,207239650,207245887,105373853,MYOSLID
2,216866332,216867813,105373876,AC007557.4
2,217978707,217992615,105373878,AC010136.1
2,237591020,237595981,105373958,AC104667.2
2,105144113,105145424,105373984,LINC01918
3,98902424,99018562,105374002,AC091212.1
3,157081841,157088547,105374177,LINC02029
3,169447867,169477052,105374205,AC074033.2
3,182498264,182507124,105374244,LINC01995
3,194765238,194768712,105374293,LINC01972
2,24165884,24175005,105374328,AC008073.2
4,1113639,1132977,105374344,AC092535.3
4,42281830,42391268,105374428,AC024022.1
4,43457527,43492543,105374436,LINC02383
2,34998273,35000160,105374461,AC019064.1
4,21582096,21613728,105374516,AC096576.3
4,22997551,23056862,105374524,AC097512.1
4,26070754,26104258,105374540,LINC02357
2,45674701,45675476,105374580,U51244.1
5,5069192,5078311,105374631,LINC02121
5,7373117,7379790,105374644,LINC02142
5,28286389,28287665,105374698,LINC02103
5,37948491,37951055,105374729,LINC02110
2,68832816,68837192,105374791,LINC01890
2,84821650,84907008,105374836,TRABD2A
6,29497509,29510556,105375009,AL662860.1
6,30766825,30792250,105375013,HCG20
6,30839526,30848159,105375014,AL662797.1
6,53503185,53506919,105375095,AL033397.2
7,174920,176013,105375115,AC093627.2
7,15667947,15681980,105375166,AC005550.3
7,57209865,57222174,105375297,AC099654.1
7,69040152,69046803,105375342,AC104688.1
7,76510428,76516521,105375355,UPK3B
7,85421122,85489293,105375380,LINC00972
7,93890913,93893601,105375401,AC002076.1
7,100837314,100852616,105375430,SLC12A9-AS1
7,110432239,110534754,105375451,AC092167.1
7,119704556,119907375,105375475,LINC02476
7,123994622,124027659,105375483,AC004690.2
7,147671711,147673143,105375556,AC005518.1
7,157614023,157618765,105375614,AC005481.1
8,86333274,86343314,105375624,AC103760.1
8,95066808,95073182,105375650,AC068189.1
8,98996763,99013044,105375666,AC104986.2
8,101261541,101262903,105375679,AP001330.2
8,101387299,101393186,105375680,AP001208.1
8,111376639,111542973,105375706,LINC02237
8,124996985,124998198,105375744,AC009908.1
8,126518698,126522351,105375750,AC084116.3
8,55517240,55520977,105375843,AC090200.1
8,82098451,82160577,105375929,AC027701.1
9,68393881,68406500,105376070,AL161457.2
9,79889001,79892007,105376100,AL161912.2
9,81930226,81977089,105376108,AL158154.2
9,97634515,97636051,105376171,AL162385.2
9,126516417,126518808,105376276,AL356309.2
9,134293931,134295397,105376310,LINC02247
10,3833950,3834728,105376365,AL513303.2
10,5594991,5596118,105376382,AL365356.5
10,13528516,13530262,105376421,AL590677.1
10,14959439,14988050,105376430,MEIG1
10,28433008,28495813,105376468,AL358234.1
10,30723251,30723740,105376480,AL451107.1
10,33578931,33600040,105376490,AC018980.1
11,12030875,12061785,105376554,AC124276.1
11,13001090,13009159,105376557,AC084859.1
11,17208153,17349974,105376575,NUCB2
11,24235477,24262218,105376594,AC015771.1
11,30584130,30630508,105376609,AL136088.1
11,37938601,37954663,105376633,AC103798.1
11,27471729,27482433,105376671,AC100771.2
1,11099675,11102100,105376736,AL109811.2
18,508568,515294,105376854,LINC01925
1,29554,31109,105376912,MIR1302-2HG
3,6892632,6894022,105376946,GRM7-AS2
3,12877522,12885211,105376955,LINC02022
3,58162547,58170636,105377105,FLNB-AS1
3,58607080,58634440,105377108,FAM3D-AS1
4,58987182,58988160,105377245,AC097501.1
4,58984282,59046959,105377247,LINC02429
4,82284971,82340013,105377307,AC116631.1
4,102828055,102844075,105377348,AC018797.2
4,117834401,117869948,105377391,LINC02264
4,137545731,137603430,105377443,LINC02172
4,138819954,139012646,105377448,AC109927.1
4,148940941,148942378,105377480,AC002460.1
4,171602683,171638763,105377536,LINC02174
4,189881515,189884868,105377617,LINC01596
4,142933195,143184861,105377623,AC104596.1
4,52044805,52046954,105377652,AC093858.1
4,58524515,58536328,105377671,AC019133.2
5,159227715,159245127,105377682,LINC01932
5,170639158,170681437,105377716,AC027312.1
5,173689459,173705849,105377736,LINC01942
6,106451496,106457248,105377924,AL109920.1
6,147741434,147743324,105378044,AL365271.1
6,149243299,149257551,105378049,AL031056.1
6,149934527,149936782,105378052,AL583835.2
6,168225279,168226517,105378137,AL606970.4
5,148221650,148243580,105378220,AC011346.1
5,151652275,151655449,105378231,AC011374.1
10,43901365,43912326,105378277,AL139237.2
10,54486230,54656051,105378311,AL353784.1
10,63123938,63125537,105378328,AL590502.1
10,70939053,70955641,105378349,AC073176.1
10,79628757,79632188,105378385,BX248123.1
10,116670103,116672739,105378499,AC016825.1
1,19591802,19596832,105378614,AL031727.2
1,39897745,39899098,105378668,AL033527.2
1,43354684,43358658,105378687,AL139289.2
1,53328233,53336509,105378732,LINC01771
1,55945087,55950119,105378738,LINC01755
1,55915607,55944974,105378739,LINC01753
1,58882868,58903747,105378753,AC105277.1
1,60515716,60640491,105378763,LINC01748
1,69055898,69185003,105378785,LINC01707
1,74469878,74512614,105378803,LRRC53
1,86703502,86704462,105378828,AL049597.2
1,90782983,90851657,105378853,AL590094.1
1,119000344,119001392,105378933,AL139420.1
5,73132008,73150592,105379030,AC116345.3
5,83531352,83581320,105379054,VCAN-AS1
5,118575575,118581324,105379141,LINC02216
5,119006347,119070890,105379143,AC008629.1
5,127651693,127664029,105379164,AC022118.1
5,138744434,138753309,105379194,AC034243.1
9,66047084,66055006,105379252,AL669942.1
8,36537391,36779164,105379374,AC090809.1
8,41435298,41440419,105379391,AC016868.1
9,61854162,61855331,105379444,FAM27C
9,41657708,41699072,105379447,AL591926.2
12,54085132,54125992,105379478,LINC01598
21,44250813,44251520,105379484,AP001059.1
21,5499151,5502542,105379487,LINC01670
6,30742929,30743592,105379695,AL662797.2
8,11993174,11996312,105379765,DEFB134
10,47918739,47923524,105379861,AC245041.1
20,57710183,57712780,105416157,NKILA
16,14363109,14370266,105447648,LINC02130
5,79936579,79967626,105616916,LINC01455
13,89214847,89236890,105616982,LINC01047
5,133913677,133917269,105664404,WSPAR
12,57144620,57147619,105751187,LRP1-AS
10,8897989,8914596,105755953,AC044784.2
17,65457541,65458408,105827617,CRAT40
19,48061371,48064945,106144526,PLA2G4C-AS1
5,149348116,149357642,106144529,GRPEL2-AS1
13,58211697,58233117,106144531,LINC00374
3,57597715,57600927,106144532,ARF4-AS1
1,187443606,187477222,106144535,LINC01037
2,234682668,234717764,106144537,LINC01173
2,25204313,25209202,106144568,LINC01381
2,34067226,34069550,106144585,LINC01318
19,47757036,47768840,106144593,NOP53-AS1
8,128904773,128966001,106144608,LINC00976
22,15746630,15778297,106146148,LINC01297
9,119935053,119937832,106146149,LINC01613
6,147158925,147180992,106182249,LUADT1
11,29980113,29982392,106456574,LINC01616
6,30703067,30713184,106478956,MDC1-AS1
6,31542304,31543138,106478957,DDX39B-AS1
5,136303757,136316100,106478968,TRPC7-AS2
3,184095118,184105178,106478970,HTR3E-AS1
13,99499727,99501052,106478991,LINC00449
6,32659880,32660729,106480429,HLA-DQB1-AS1
3,191213291,191234605,106480738,OSTN-AS1
21,43140523,43141092,106481742,FRGCA
1,9148011,9196983,106614088,MIR34AHG
21,8256781,8256933,106632260,RNA5-8S5
16,2268155,2273418,106660606,AC009065.4
2,60359216,60391375,106660609,MIR4432HG
6,10434316,10456781,106660610,MIR5689HG
16,66751752,66754740,106699570,AC044802.1
11,64291722,64304769,106780802,KCNK4-TEX40
21,43140523,43141092,106780825,FRGCA
15,40217428,40276396,106821730,BUB1B-PAK6
5,160468268,160487426,107075116,MIR3142HG
6,13266542,13328583,107080638,TBC1D7
12,131296110,131297972,107161159,LINC02415
2,108049200,108052755,107178918,LINC01593
1,193057281,193057415,107397392,SCARNA18B
18,46968695,46969912,107983955,ELOA3C
16,50884209,50901061,107983964,LINC02128
21,7788703,7793954,107983987,CU633980.2
17,7428903,7432762,107983988,AC113189.6
16,31713229,31794869,107983990,ZNF720
7,102637025,102642791,107983993,UPK3BL1
22,18422244,18500594,107984052,FAM230A
16,29443056,29454964,107984053,BOLA2
7,5973239,6009125,107984056,PMS2
15,30403740,30414162,107984057,GOLGA8R
16,14922802,14952060,107984071,NPIPA1
10,47460162,47484158,107984085,ANXA8
17,46193576,46196723,107984142,KANSL1-AS1
8,7836471,7841242,107984148,DEFB104A
10,42696035,42706453,107984178,AL022344.1
10,971146,988341,107984285,AL359878.1
11,76657056,76663866,107984360,AP001189.1
14,103084210,103090027,107984640,AL161669.4
16,3006120,3007388,107984895,AC004233.3
1,16460948,16468481,107984921,LINC01772
17,8079482,8081565,107985075,AC129492.1
1,94247866,94334848,107985092,AC097059.1
18,32091295,32092119,107985133,AC011825.4
1,144227030,144250288,107985200,AC245595.1
1,155978799,155982986,107985209,AL355388.2
1,155991390,156001787,107985210,AL355388.1
19,30907199,30909155,107985280,LINC01834
1,189775465,189814918,107985456,LINC01701
22,36847372,36870441,107985578,NCF4-AS1
2,185783691,185800151,107985781,FSIP2-AS1
2,118833700,118835110,107985816,LINC01956
2,74130583,74135395,107985899,AC073263.1
3,150077494,150080117,107986046,LINC01998
3,70196894,70312726,107986096,AC134025.1
3,75435348,75457486,107986100,LINC02018
3,186440345,186450696,107986164,LINC02020
4,24659856,24671568,107986266,LINC02473
4,47463784,47470477,107986277,AC107398.4
4,155206529,155209027,107986321,AC104407.1
5,7851186,7906025,107986404,MTRR
5,135812667,135826584,107986453,AC114296.1
7,29080284,29082527,107986703,AC005162.1
8,102528740,102538668,107986898,AP002852.2
8,22984596,23019335,107986927,AC107959.1
9,60918581,60927822,107987066,AL590491.3
11,1947278,1984522,107987373,MRPL23
5,71445616,71446569,107987420,AC145141.1
19,54216278,54223506,107987425,LILRB3
5,71445616,71446569,107987434,AC145141.1
19,54216278,54223506,107987462,LILRB3
22,42126499,42130906,107987478,CYP2D6
22,42126499,42130906,107987479,CYP2D6
5,132179234,132181128,107987500,AC063976.1
6,3831933,3855737,107987516,AL391422.2
7,144258607,144259722,107987545,OR2A7
11,71833200,71837710,107987553,DEFB108B
8,11973937,11974599,107987560,DEFB136
8,11982321,11984590,107987561,DEFB135
9,60918581,60927822,107987580,AL590491.3
10,6737382,6739026,108570035,LINP1
17,42552436,42554748,108783654,AC067852.2
17,64749663,64781707,109286553,ARHGAP27P1-BPTFP1-KPNA2P3
7,64971776,65006684,109504726,ZNF117
5,69160806,69160939,109616958,SNORA50D
16,30419625,30419759,109616959,SNORA80C
2,30187434,30187566,109616960,SNORA10B
7,65070538,65070672,109616962,SNORA15B-2
7,39329003,39329134,109616963,SNORA20B
7,56055365,56055502,109616964,SNORA22B
7,65065999,65066132,109616965,SNORA22C
13,45336314,45336447,109616966,SNORA31
2,135136628,135136755,109616967,SNORA40B
6,110848546,110848673,109616968,SNORA40C
1,36418450,36418578,109616970,SNORA63C
3,183451857,183451988,109616971,SNORA63D
19,32608337,32608469,109616972,SNORA68B
5,171366118,171366252,109616973,SNORA70J
10,45984610,45984810,109616974,SNORA74C-1
5,139276180,139276320,109616975,SNORA74D
14,20323179,20323326,109616976,SNORA79B
12,123616708,123616840,109616977,SNORA9B
13,107320895,107320963,109616978,SNORD31B
8,39018615,39018683,109616979,SNORD38
8,41426655,41426727,109616980,SNORD65B
7,23396446,23396516,109616981,SNORD65C
8,100004583,100004649,109616982,SNORD77B
1,90657750,90657964,109616984,SNORD3G
10,43417249,43417438,109616985,SNORD3J
9,20786927,20787055,109616992,SNORA30B
1,201978461,201978595,109616993,SNORA70H
4,17320746,17320882,109616994,SNORA75B
16,2796408,2796532,109616997,SNORA3C
22,33704786,33704920,109616998,SNORA50B
7,6016877,6017011,109616999,SNORA80D
10,73126080,73126207,109617000,SNORA11F
8,55902723,55902855,109617001,SNORA1B
17,38851524,38851659,109617002,SNORA21B
15,65285461,65285591,109617003,SNORA24B
15,45537250,45537377,109617005,SNORA41B
2,214846947,214847081,109617008,SNORA70I
10,45984610,45984810,109617009,SNORA74C-1
22,20126402,20126526,109617010,SNORA77B
6,156378750,156378824,109617011,SNORD28B
2,28927983,28928060,109617012,SNORD53B
5,138558970,138559039,109617013,SNORD63B
21,16284696,16284768,109617014,SNORD74B
8,97358265,97358478,109617016,SNORD3H
15,65696833,65696936,109617020,SNORD13E
7,65070538,65070672,109617022,SNORA15B-2
1,154259727,154259862,109617023,SNORA58B
3,53333060,53333128,109617024,SNORD38C
7,115581315,115581442,109623459,SNORA25B
3,58306262,58318574,109703458,HTD2
12,52245048,52247448,109729127,KRT7-AS
1,97933474,97941746,109729128,LINC01930
12,64920845,64982524,109729131,LINC02231
4,159666503,159777784,109729132,LINC02233
5,6795880,6826728,109729133,LINC02236
1,55217861,55234177,109729135,MIR4422HG
5,88676218,88722831,109729137,MEF2C-AS2
1,151790804,151794402,109729141,TDRKH-AS1
3,146066344,146069185,109729161,LNCSRLR
15,51037488,51293912,109729174,MIR4713HG
15,90074512,90082207,109729181,ZNF710-AS1
4,112646476,112650051,109864269,AC106864.1
21,8256781,8256933,109864274,RNA5-8S5
21,8256781,8256933,109864276,RNA5-8S5
21,8256781,8256933,109864278,RNA5-8S5
21,8256781,8256933,109864281,RNA5-8S5
21,8256781,8256933,109910381,RNA5-8S5
21,8256781,8256933,109910384,RNA5-8S5
